icmT,accX,accY,accZ,accT,gyrX,gyrY,gyrZ,gyrT,magX,magY,magZ,magT
0.000000,-0.407715,0.129883,0.907715,0.000000,0.650406,-0.230789,0.051498,0.000000,15.299957,-25.950012,-101.550003,0.000000
10.000000,-0.409668,0.140625,0.902344,1.000000,0.284195,0.131607,-0.310898,1.000000,16.199966,-25.950012,-101.550003,1.000000
20.000000,-0.414551,0.151367,0.897461,2.000000,0.284195,-0.108719,0.112534,2.000000,15.899963,-25.500000,-100.650009,2.000000
30.000000,-0.418945,0.139648,0.899902,3.000000,-0.566483,0.131607,0.234604,3.000000,15.899963,-25.800003,-102.000000,3.000000
40.000000,-0.420410,0.143555,0.896972,4.000000,0.040054,-0.597000,-0.127792,4.000000,15.299957,-25.800003,-102.000000,4.000000
50.000000,-0.406738,0.123535,0.916992,5.000000,0.101089,0.131607,-0.066757,5.000000,16.199966,-26.700012,-100.500000,5.000000
60.000000,-0.410156,0.138184,0.891601,6.000000,-0.200272,0.009537,0.234604,6.000000,16.199966,-26.250000,-101.700012,6.000000
70.000000,-0.414551,0.137207,0.891601,7.000000,0.223160,0.314713,0.234604,7.000000,14.849960,-26.250000,-101.700012,7.000000
80.000000,-0.405762,0.145508,0.903320,8.000000,0.284195,-0.108719,-0.127792,8.000000,16.349960,-25.500000,-100.650009,8.000000
90.000000,-0.411621,0.145020,0.907715,9.000000,-0.444412,-0.474930,-0.494003,9.000000,16.349960,-25.200012,-102.150009,9.000000
100.000000,-0.414062,0.145996,0.901855,10.000000,-0.139236,0.375748,-0.127792,10.000000,16.799957,-25.200012,-102.150009,10.000000
110.000000,-0.395996,0.132324,0.911621,11.000000,-0.261307,0.436783,-0.066757,11.000000,16.199966,-26.400009,-101.100006,11.000000
120.000000,-0.399414,0.142578,0.913086,12.000000,0.589371,-0.108719,0.051498,12.000000,15.749954,-25.050003,-101.250000,12.000000
130.000000,-0.413574,0.134277,0.905761,13.000000,-0.444412,0.131607,0.173569,13.000000,15.749954,-26.700012,-101.100006,13.000000
140.000000,-0.408691,0.148437,0.903320,14.000000,0.162125,0.192642,0.173569,14.000000,16.949966,-26.700012,-101.100006,14.000000
150.000000,-0.402344,0.136719,0.896972,15.000000,-0.322342,0.131607,-0.310898,15.000000,15.299957,-25.800003,-101.700012,15.000000
160.000000,-0.418457,0.133301,0.908691,16.000000,-0.078201,-0.108719,0.417709,16.000000,15.299957,-26.700012,-100.050003,16.000000
170.000000,-0.417969,0.138184,0.904297,17.000000,0.772476,-0.352859,-0.555038,17.000000,15.899963,-26.700012,-100.050003,17.000000
180.000000,-0.421387,0.146973,0.901855,18.000000,0.894547,-0.291824,-0.249863,18.000000,16.349960,-26.250000,-102.000000,18.000000
190.000000,-0.398926,0.149902,0.905761,19.000000,0.345230,-0.474930,-0.066757,19.000000,16.349960,-26.400009,-101.850006,19.000000
200.000000,-0.401367,0.145020,0.908203,20.000000,0.223160,0.192642,0.173569,20.000000,15.899963,-26.400009,-101.850006,20.000000
210.000000,-0.402832,0.142578,0.900390,21.000000,0.284195,0.314713,-0.066757,21.000000,14.999954,-27.750000,-100.200012,21.000000
220.000000,-0.423340,0.133301,0.922851,22.000000,-0.078201,0.192642,-0.249863,22.000000,16.799957,-25.950012,-101.550003,22.000000
230.000000,-0.413574,0.143555,0.906250,23.000000,0.101089,-0.352859,0.051498,23.000000,16.949966,-25.950012,-100.800003,23.000000
240.000000,-0.408203,0.130371,0.907715,24.000000,-0.139236,-0.108719,-0.310898,24.000000,16.949966,-26.250000,-101.700012,24.000000
250.000000,-0.410644,0.127441,0.906738,25.000000,-0.139236,-0.291824,0.112534,25.000000,15.899963,-26.250000,-101.700012,25.000000
260.000000,-0.423828,0.130859,0.900390,26.000000,-0.383377,-0.474930,0.173569,26.000000,14.999954,-27.000000,-100.950012,26.000000
270.000000,-0.406250,0.138672,0.909668,27.000000,0.040054,-0.352859,-0.371933,27.000000,17.099960,-25.200012,-101.850006,27.000000
280.000000,-0.408203,0.139648,0.910644,28.000000,0.223160,0.009537,0.051498,28.000000,17.099960,-24.900009,-100.050003,28.000000
290.000000,-0.413574,0.132812,0.898437,29.000000,0.040054,0.497818,-0.371933,29.000000,15.899963,-24.900009,-100.050003,29.000000
300.000000,-0.416016,0.151367,0.908203,30.000000,0.284195,0.070572,0.051498,30.000000,16.949966,-25.800003,-100.950012,30.000000
310.000000,-0.418457,0.126953,0.921875,31.000000,0.467300,-0.047684,-0.127792,31.000000,16.949966,-25.800003,-100.950012,31.000000
320.000000,-0.407715,0.142090,0.924804,32.000000,0.101089,-0.169754,-0.127792,32.000000,15.749954,-25.800003,-100.950012,32.000000
330.000000,-0.413574,0.139160,0.896972,33.000000,-0.627518,0.192642,0.295639,33.000000,15.749954,-26.700012,-100.800003,33.000000
340.000000,-0.421387,0.139160,0.913574,34.000000,-0.383377,0.070572,0.051498,34.000000,15.749954,-24.450012,-101.850006,34.000000
350.000000,-0.418945,0.125977,0.906738,35.000000,-0.444412,0.070572,-0.005722,35.000000,15.299957,-24.450012,-101.850006,35.000000
360.000000,-0.430664,0.129883,0.887695,36.000000,0.589371,0.192642,0.173569,36.000000,15.299957,-25.950012,-100.500000,36.000000
370.000000,-0.426269,0.132324,0.898926,37.000000,0.894547,0.192642,-0.310898,37.000000,15.299957,-26.700012,-100.800003,37.000000
380.000000,-0.412598,0.134766,0.905761,38.000000,-0.139236,0.314713,0.112534,38.000000,16.049957,-26.700012,-100.800003,38.000000
390.000000,-0.426758,0.130859,0.906738,39.000000,-0.017166,0.253677,-0.188828,39.000000,16.049957,-26.400009,-102.150009,39.000000
400.000000,-0.403809,0.142578,0.915527,40.000000,-0.139236,-0.474930,0.112534,40.000000,16.049957,-25.950012,-101.850006,40.000000
410.000000,-0.409180,0.143066,0.900879,41.000000,0.528336,-0.047684,-0.127792,41.000000,17.099960,-25.950012,-101.850006,41.000000
420.000000,-0.409668,0.150391,0.896972,42.000000,0.284195,0.131607,-0.310898,42.000000,16.949966,-25.200012,-102.150009,42.000000
430.000000,-0.400879,0.144531,0.900390,43.000000,-0.200272,-0.535965,-0.310898,43.000000,16.949966,-26.550003,-101.700012,43.000000
440.000000,-0.409668,0.126953,0.896484,44.000000,-0.383377,-0.169754,-0.127792,44.000000,16.049957,-26.550003,-101.700012,44.000000
450.000000,-0.402344,0.143066,0.913574,45.000000,-0.383377,-0.169754,0.051498,45.000000,16.199966,-25.200012,-102.900009,45.000000
460.000000,-0.409668,0.126465,0.891601,46.000000,-0.627518,0.131607,-0.555038,46.000000,16.199966,-24.300003,-100.200012,46.000000
470.000000,-0.410644,0.135742,0.898926,47.000000,-0.383377,0.436783,0.112534,47.000000,17.249954,-24.300003,-100.200012,47.000000
480.000000,-0.404785,0.130371,0.915039,48.000000,0.101089,0.192642,-0.188828,48.000000,16.949966,-25.800003,-100.950012,48.000000
490.000000,-0.402344,0.135742,0.902344,49.000000,0.284195,-0.352859,-0.310898,49.000000,16.949966,-25.050003,-101.700012,49.000000
500.000000,-0.414062,0.137207,0.910644,50.000000,0.711441,0.253677,0.173569,50.000000,16.949966,-25.050003,-101.700012,50.000000
510.000000,-0.405273,0.141113,0.918945,51.000000,0.650406,0.375748,0.295639,51.000000,15.749954,-26.250000,-101.250000,51.000000
520.000000,-0.409180,0.144043,0.899414,52.000000,-0.566483,-0.108719,-0.188828,52.000000,15.749954,-25.950012,-102.150009,52.000000
530.000000,-0.406738,0.134766,0.916504,53.000000,0.406265,0.192642,0.051498,53.000000,17.249954,-25.950012,-102.150009,53.000000
540.000000,-0.416992,0.133301,0.904785,54.000000,-0.200272,0.680923,-0.066757,54.000000,16.199966,-26.550003,-100.200012,54.000000
550.000000,-0.411133,0.130859,0.907715,55.000000,-0.566483,-0.047684,0.051498,55.000000,16.199966,-26.550003,-102.000000,55.000000
560.000000,-0.430664,0.139648,0.905761,56.000000,-0.078201,0.009537,0.478745,56.000000,16.049957,-26.550003,-102.000000,56.000000
570.000000,-0.416992,0.126953,0.895996,57.000000,-0.078201,0.070572,0.234604,57.000000,16.049957,-25.650009,-101.100006,57.000000
580.000000,-0.418457,0.138184,0.910156,58.000000,-0.200272,-0.230789,0.051498,58.000000,16.049957,-25.650009,-100.800003,58.000000
590.000000,-0.413086,0.128906,0.912109,59.000000,-0.078201,-0.902176,0.112534,59.000000,16.049957,-25.650009,-100.500000,59.000000
600.000000,-0.416504,0.135742,0.891601,60.000000,0.101089,-0.597000,-0.127792,60.000000,15.149963,-25.650009,-100.500000,60.000000
610.000000,-0.402344,0.143066,0.902832,61.000000,-0.017166,-0.047684,-0.371933,61.000000,16.799957,-26.250000,-100.950012,61.000000
620.000000,-0.405273,0.145508,0.910644,62.000000,-0.810623,-0.108719,-0.188828,62.000000,16.799957,-25.950012,-101.850006,62.000000
630.000000,-0.413086,0.141602,0.901367,63.000000,0.223160,-0.230789,-0.005722,63.000000,16.349960,-25.950012,-101.850006,63.000000
640.000000,-0.413086,0.128906,0.907226,64.000000,0.040054,0.192642,0.051498,64.000000,16.649963,-25.950012,-101.850006,64.000000
650.000000,-0.419922,0.137207,0.900390,65.000000,-0.017166,0.253677,-0.432968,65.000000,16.649963,-25.800003,-100.200012,65.000000
660.000000,-0.424316,0.149902,0.900879,66.000000,0.162125,0.558853,0.173569,66.000000,15.899963,-25.800003,-100.200012,66.000000
670.000000,-0.408691,0.142578,0.897949,67.000000,0.284195,-0.108719,-0.127792,67.000000,15.749954,-27.300003,-102.450012,67.000000
680.000000,-0.406250,0.154785,0.903808,68.000000,0.040054,0.070572,0.417709,68.000000,15.749954,-26.400009,-101.100006,68.000000
690.000000,-0.412109,0.131836,0.897461,69.000000,0.467300,0.009537,-0.188828,69.000000,16.049957,-26.400009,-101.100006,69.000000
700.000000,-0.428711,0.144531,0.907715,70.000000,0.040054,0.070572,-0.188828,70.000000,15.899963,-26.700012,-101.550003,70.000000
710.000000,-0.409180,0.131348,0.901855,71.000000,-0.017166,0.619888,0.173569,71.000000,15.899963,-27.300003,-101.700012,71.000000
720.000000,-0.418457,0.138672,0.897461,72.000000,0.040054,0.314713,0.112534,72.000000,16.949966,-27.300003,-101.700012,72.000000
730.000000,-0.411133,0.143555,0.914062,73.000000,-0.200272,0.314713,0.234604,73.000000,15.749954,-25.800003,-102.750000,73.000000
740.000000,-0.411133,0.126953,0.906250,74.000000,0.101089,0.253677,0.051498,74.000000,16.799957,-25.650009,-101.100006,74.000000
750.000000,-0.408691,0.132324,0.899902,75.000000,-0.017166,0.131607,0.295639,75.000000,16.799957,-25.950012,-101.550003,75.000000
760.000000,-0.403320,0.129395,0.907226,76.000000,0.467300,-0.230789,0.295639,76.000000,16.199966,-25.950012,-101.550003,76.000000
770.000000,-0.402344,0.147949,0.908691,77.000000,0.406265,-0.108719,-0.249863,77.000000,17.099960,-27.300003,-99.900009,77.000000
780.000000,-0.409180,0.125488,0.897949,78.000000,0.589371,-0.047684,0.295639,78.000000,17.099960,-25.950012,-101.550003,78.000000
790.000000,-0.410644,0.131836,0.908691,79.000000,0.223160,0.009537,-0.249863,79.000000,16.349960,-25.950012,-101.550003,79.000000
800.000000,-0.396973,0.140625,0.901855,80.000000,0.284195,0.070572,-0.494003,80.000000,16.799957,-26.400009,-100.500000,80.000000
810.000000,-0.405762,0.147949,0.903808,81.000000,0.284195,0.192642,-0.432968,81.000000,16.799957,-25.650009,-100.500000,81.000000
820.000000,-0.424316,0.131348,0.907226,82.000000,-0.078201,0.131607,-0.494003,82.000000,16.949966,-25.650009,-100.500000,82.000000
830.000000,-0.410156,0.127441,0.911621,83.000000,0.223160,0.558853,-0.616074,83.000000,16.949966,-25.050003,-101.250000,83.000000
840.000000,-0.423340,0.139160,0.898437,84.000000,-0.017166,-0.047684,-0.188828,84.000000,16.049957,-25.050003,-101.250000,84.000000
850.000000,-0.407226,0.134277,0.903320,85.000000,0.162125,0.131607,-0.371933,85.000000,16.199966,-25.950012,-101.100006,85.000000
860.000000,-0.412109,0.130859,0.903320,86.000000,0.345230,0.314713,0.112534,86.000000,16.199966,-27.000000,-101.250000,86.000000
870.000000,-0.423828,0.127930,0.896484,87.000000,-0.444412,0.375748,0.356674,87.000000,16.049957,-27.000000,-101.250000,87.000000
880.000000,-0.416016,0.137207,0.897949,88.000000,-0.139236,-0.474930,0.051498,88.000000,16.049957,-25.950012,-101.100006,88.000000
890.000000,-0.420410,0.135742,0.907226,89.000000,-0.017166,0.009537,0.234604,89.000000,17.099960,-27.150009,-100.500000,89.000000
900.000000,-0.403809,0.146973,0.903808,90.000000,0.833511,0.070572,-0.310898,90.000000,17.099960,-27.150009,-101.100006,90.000000
910.000000,-0.411621,0.139160,0.902832,91.000000,0.162125,-0.291824,0.722885,91.000000,16.049957,-27.150009,-101.100006,91.000000
920.000000,-0.415039,0.129395,0.904297,92.000000,0.162125,0.253677,0.112534,92.000000,16.799957,-25.950012,-101.550003,92.000000
930.000000,-0.423828,0.134766,0.907715,93.000000,0.223160,0.192642,0.356674,93.000000,16.799957,-25.950012,-102.150009,93.000000
940.000000,-0.407226,0.131836,0.915527,94.000000,-0.261307,0.131607,-0.677109,94.000000,15.449966,-25.950012,-102.150009,94.000000
950.000000,-0.419922,0.128906,0.898437,95.000000,0.223160,0.131607,0.173569,95.000000,15.749954,-25.500000,-102.750000,95.000000
960.000000,-0.405273,0.133301,0.904297,96.000000,-0.139236,0.253677,0.478745,96.000000,15.749954,-25.200012,-99.300003,96.000000
970.000000,-0.395019,0.128906,0.899902,97.000000,-0.017166,0.497818,0.234604,97.000000,16.049957,-25.200012,-99.300003,97.000000
980.000000,-0.413086,0.126465,0.909179,98.000000,-0.078201,0.253677,0.234604,98.000000,16.649963,-26.700012,-101.850006,98.000000
990.000000,-0.421387,0.133789,0.897461,99.000000,0.589371,0.558853,0.051498,99.000000,16.649963,-25.500000,-101.700012,99.000000
1000.000000,-0.421387,0.121094,0.905273,100.000000,0.040054,0.314713,-0.005722,100.000000,15.449966,-25.500000,-101.700012,100.000000
1010.000000,-0.422363,0.145508,0.906738,101.000000,0.467300,0.192642,0.173569,101.000000,16.949966,-26.550003,-102.450012,101.000000
1020.000000,-0.409180,0.141113,0.914551,102.000000,-0.078201,0.192642,0.112534,102.000000,16.949966,-27.300003,-102.000000,102.000000
1030.000000,-0.419922,0.150391,0.892090,103.000000,0.284195,-0.474930,0.112534,103.000000,17.699966,-27.300003,-102.000000,103.000000
1040.000000,-0.406738,0.138672,0.907226,104.000000,-0.627518,0.070572,0.234604,104.000000,15.449966,-25.800003,-101.250000,104.000000
1050.000000,-0.410156,0.133789,0.907715,105.000000,-0.139236,0.314713,0.173569,105.000000,14.849960,-25.800003,-102.450012,105.000000
1060.000000,-0.416504,0.139160,0.901367,106.000000,-0.017166,0.070572,0.478745,106.000000,14.849960,-24.300003,-100.950012,106.000000
1070.000000,-0.410644,0.143555,0.895019,107.000000,-0.078201,0.436783,-0.494003,107.000000,17.099960,-24.300003,-100.950012,107.000000
1080.000000,-0.413086,0.122070,0.904785,108.000000,0.467300,-0.047684,-0.494003,108.000000,16.199966,-25.950012,-101.550003,108.000000
1090.000000,-0.413574,0.132812,0.901367,109.000000,-0.261307,0.375748,-0.310898,109.000000,16.199966,-25.800003,-102.450012,109.000000
1100.000000,-0.407715,0.137695,0.924804,110.000000,0.284195,-0.352859,-0.127792,110.000000,15.899963,-25.800003,-102.450012,110.000000
1110.000000,-0.413574,0.137207,0.902832,111.000000,0.467300,0.436783,0.173569,111.000000,17.249954,-26.250000,-100.650009,111.000000
1120.000000,-0.424316,0.139160,0.898926,112.000000,0.528336,0.497818,-0.249863,112.000000,16.799957,-26.250000,-101.250000,112.000000
1130.000000,-0.414062,0.139648,0.903320,113.000000,0.101089,-0.291824,0.112534,113.000000,15.749954,-26.400009,-100.500000,113.000000
1140.000000,-0.412109,0.114746,0.916992,114.000000,0.040054,-0.108719,-0.371933,114.000000,15.749954,-24.450012,-102.150009,114.000000
1150.000000,-0.410156,0.132324,0.899902,115.000000,-0.261307,-0.352859,-0.127792,115.000000,16.649963,-24.450012,-102.150009,115.000000
1160.000000,-0.419922,0.134766,0.908203,116.000000,0.101089,0.253677,-0.005722,116.000000,17.849960,-25.800003,-100.950012,116.000000
1170.000000,-0.414551,0.132812,0.906250,117.000000,-0.322342,0.131607,-0.127792,117.000000,17.849960,-24.450012,-101.100006,117.000000
1180.000000,-0.416504,0.123535,0.897461,118.000000,-0.139236,-0.108719,0.356674,118.000000,16.949966,-24.450012,-101.100006,118.000000
1190.000000,-0.396973,0.144043,0.908203,119.000000,-0.078201,-0.230789,-0.799179,119.000000,16.199966,-25.800003,-98.850006,119.000000
1200.000000,-0.414062,0.129395,0.910156,120.000000,-0.139236,0.619888,0.295639,120.000000,17.249954,-26.550003,-100.650009,120.000000
1210.000000,-0.399902,0.137695,0.895019,121.000000,0.223160,0.009537,-0.738144,121.000000,17.249954,-26.250000,-102.450012,121.000000
1220.000000,-0.409668,0.144043,0.899414,122.000000,0.284195,-0.352859,-0.127792,122.000000,16.049957,-26.250000,-102.450012,122.000000
1230.000000,-0.418457,0.139648,0.907715,123.000000,0.284195,-0.169754,-0.066757,123.000000,16.199966,-26.700012,-103.200012,123.000000
1240.000000,-0.404785,0.136230,0.919922,124.000000,-0.078201,-0.474930,-0.249863,124.000000,16.199966,-27.000000,-101.700012,124.000000
1250.000000,-0.400879,0.132324,0.898926,125.000000,0.162125,0.131607,0.295639,125.000000,17.249954,-27.000000,-101.700012,125.000000
1260.000000,-0.417480,0.136719,0.892578,126.000000,0.162125,-0.352859,-0.066757,126.000000,15.899963,-25.050003,-102.750000,126.000000
1270.000000,-0.416504,0.143066,0.903808,127.000000,0.284195,-0.169754,0.539780,127.000000,15.899963,-25.050003,-101.700012,127.000000
1280.000000,-0.419922,0.144531,0.898926,128.000000,-0.444412,0.131607,0.112534,128.000000,17.099960,-25.050003,-101.700012,128.000000
1290.000000,-0.397461,0.134766,0.898437,129.000000,-0.688553,-0.108719,0.234604,129.000000,17.099960,-25.950012,-100.500000,129.000000
1300.000000,-0.421387,0.135742,0.914062,130.000000,0.040054,-0.230789,0.051498,130.000000,17.099960,-26.400009,-100.800003,130.000000
1310.000000,-0.397461,0.130859,0.914551,131.000000,-0.139236,0.558853,-0.432968,131.000000,16.649963,-26.400009,-100.800003,131.000000
1320.000000,-0.419434,0.124512,0.903808,132.000000,-0.017166,0.070572,0.234604,132.000000,16.349960,-26.250000,-100.950012,132.000000
1330.000000,-0.407715,0.150391,0.914062,133.000000,-0.261307,-0.047684,-0.371933,133.000000,16.349960,-27.450012,-101.100006,133.000000
1340.000000,-0.426758,0.130859,0.911133,134.000000,-0.383377,-0.047684,-0.127792,134.000000,16.199966,-27.450012,-101.100006,134.000000
1350.000000,-0.412109,0.124512,0.920898,135.000000,0.223160,0.009537,-0.005722,135.000000,16.199966,-25.050003,-100.950012,135.000000
1360.000000,-0.416016,0.136719,0.910644,136.000000,0.101089,0.131607,-0.066757,136.000000,16.949966,-26.250000,-101.250000,136.000000
1370.000000,-0.412109,0.142578,0.908691,137.000000,-0.139236,-0.413895,0.112534,137.000000,16.949966,-25.800003,-101.250000,137.000000
1380.000000,-0.411621,0.132324,0.907226,138.000000,0.406265,-0.230789,0.173569,138.000000,16.649963,-25.800003,-101.250000,138.000000
1390.000000,-0.417480,0.140137,0.910644,139.000000,0.101089,0.131607,0.112534,139.000000,16.349960,-25.050003,-101.700012,139.000000
1400.000000,-0.421387,0.141602,0.902344,140.000000,0.162125,0.375748,0.234604,140.000000,16.349960,-25.650009,-100.800003,140.000000
1410.000000,-0.417969,0.148437,0.914551,141.000000,0.162125,0.253677,0.600815,141.000000,15.899963,-25.650009,-100.800003,141.000000
1420.000000,-0.397949,0.143555,0.911133,142.000000,0.284195,-0.169754,-0.005722,142.000000,16.049957,-24.300003,-101.700012,142.000000
1430.000000,-0.420410,0.153809,0.915527,143.000000,0.284195,-0.169754,0.234604,143.000000,17.549957,-26.700012,-100.800003,143.000000
1440.000000,-0.411621,0.146484,0.901367,144.000000,-0.139236,-0.108719,0.051498,144.000000,16.649963,-25.650009,-100.500000,144.000000
1450.000000,-0.408203,0.139160,0.905273,145.000000,-0.017166,-0.230789,-0.066757,145.000000,16.649963,-27.750000,-101.700012,145.000000
1460.000000,-0.414062,0.130371,0.898437,146.000000,-0.322342,-0.413895,-0.005722,146.000000,17.249954,-27.750000,-101.700012,146.000000
1470.000000,-0.412109,0.133301,0.902344,147.000000,0.162125,-0.047684,-0.494003,147.000000,16.349960,-26.550003,-100.950012,147.000000
1480.000000,-0.412598,0.145996,0.894531,148.000000,0.101089,0.131607,-0.127792,148.000000,16.349960,-26.400009,-101.850006,148.000000
1490.000000,-0.404297,0.135742,0.911133,149.000000,-0.505447,0.314713,-0.432968,149.000000,17.099960,-26.400009,-101.850006,149.000000
1500.000000,-0.416504,0.136719,0.906250,150.000000,-0.261307,-0.230789,-0.310898,150.000000,16.049957,-27.150009,-100.800003,150.000000
1510.000000,-0.403320,0.138184,0.905273,151.000000,0.284195,0.253677,-0.127792,151.000000,16.649963,-25.200012,-102.900009,151.000000
1520.000000,-0.401367,0.132812,0.918457,152.000000,0.772476,0.131607,0.295639,152.000000,16.649963,-26.250000,-101.250000,152.000000
1530.000000,-0.414551,0.132812,0.903808,153.000000,0.040054,0.070572,-0.127792,153.000000,16.949966,-26.250000,-101.250000,153.000000
1540.000000,-0.422851,0.135742,0.902832,154.000000,-0.078201,0.253677,-0.249863,154.000000,16.199966,-25.500000,-100.650009,154.000000
1550.000000,-0.414551,0.142578,0.900390,155.000000,-0.261307,-0.352859,0.905991,155.000000,16.199966,-26.550003,-100.950012,155.000000
1560.000000,-0.419922,0.137695,0.904785,156.000000,0.284195,0.070572,0.417709,156.000000,16.349960,-26.550003,-100.950012,156.000000
1570.000000,-0.417969,0.142090,0.910156,157.000000,-0.444412,0.192642,0.051498,157.000000,15.749954,-25.200012,-100.800003,157.000000
1580.000000,-0.416016,0.136719,0.904785,158.000000,-0.078201,0.131607,0.051498,158.000000,15.749954,-25.650009,-102.150009,158.000000
1590.000000,-0.406738,0.134277,0.896484,159.000000,0.101089,-0.413895,0.600815,159.000000,16.799957,-25.650009,-102.150009,159.000000
1600.000000,-0.415039,0.131348,0.912597,160.000000,0.101089,-0.169754,0.173569,160.000000,15.899963,-25.650009,-101.100006,160.000000
1610.000000,-0.428711,0.143066,0.910644,161.000000,0.162125,0.131607,0.783920,161.000000,15.899963,-25.800003,-101.250000,161.000000
1620.000000,-0.416016,0.133301,0.907226,162.000000,0.040054,-0.108719,0.417709,162.000000,15.449966,-25.800003,-101.250000,162.000000
1630.000000,-0.402832,0.139160,0.901367,163.000000,0.284195,-0.230789,0.539780,163.000000,16.349960,-24.750000,-100.950012,163.000000
1640.000000,-0.415039,0.133301,0.897461,164.000000,0.101089,0.131607,0.051498,164.000000,16.349960,-25.200012,-100.800003,164.000000
1650.000000,-0.406738,0.132812,0.905761,165.000000,0.040054,-0.352859,-0.677109,165.000000,16.649963,-25.200012,-100.800003,165.000000
1660.000000,-0.404785,0.133789,0.902832,166.000000,0.284195,0.253677,-0.005722,166.000000,17.249954,-26.250000,-101.700012,166.000000
1670.000000,-0.405273,0.133301,0.909668,167.000000,0.467300,-0.230789,-0.188828,167.000000,16.199966,-26.250000,-101.700012,167.000000
1680.000000,-0.410644,0.127930,0.908691,168.000000,-0.322342,-0.413895,0.112534,168.000000,16.199966,-26.550003,-100.650009,168.000000
1690.000000,-0.402344,0.143066,0.915039,169.000000,0.345230,-0.169754,-0.127792,169.000000,16.199966,-26.550003,-100.650009,169.000000
1700.000000,-0.407226,0.133301,0.909668,170.000000,-0.078201,0.192642,0.417709,170.000000,17.249954,-25.800003,-99.600006,170.000000
1710.000000,-0.406250,0.139648,0.908691,171.000000,0.101089,0.009537,0.234604,171.000000,17.249954,-27.300003,-100.200012,171.000000
1720.000000,-0.412109,0.129883,0.909179,172.000000,-0.139236,0.558853,-0.066757,172.000000,16.799957,-27.300003,-100.200012,172.000000
1730.000000,-0.422363,0.130371,0.908691,173.000000,-0.078201,0.314713,0.051498,173.000000,16.799957,-24.900009,-102.150009,173.000000
1740.000000,-0.401367,0.129883,0.904297,174.000000,0.345230,0.192642,-0.494003,174.000000,16.349960,-24.900009,-102.150009,174.000000
1750.000000,-0.425293,0.130859,0.902832,175.000000,0.467300,-0.230789,0.051498,175.000000,17.099960,-25.950012,-101.550003,175.000000
1760.000000,-0.398926,0.134277,0.919922,176.000000,-0.017166,-0.108719,-0.310898,176.000000,17.099960,-26.700012,-101.550003,176.000000
1770.000000,-0.415527,0.143555,0.900879,177.000000,0.284195,0.314713,0.295639,177.000000,15.749954,-26.700012,-101.550003,177.000000
1780.000000,-0.411133,0.133301,0.902344,178.000000,-0.017166,-0.230789,-0.066757,178.000000,16.199966,-24.900009,-101.550003,178.000000
1790.000000,-0.415039,0.140137,0.897461,179.000000,0.467300,0.009537,-0.066757,179.000000,16.199966,-26.550003,-100.650009,179.000000
1800.000000,-0.405273,0.133789,0.910156,180.000000,0.528336,0.253677,-0.066757,180.000000,16.349960,-26.550003,-100.650009,180.000000
1810.000000,-0.411621,0.127441,0.914551,181.000000,0.101089,0.253677,-0.005722,181.000000,16.199966,-24.450012,-101.850006,181.000000
1820.000000,-0.416504,0.135254,0.921386,182.000000,0.589371,0.192642,-0.127792,182.000000,16.649963,-26.550003,-101.250000,182.000000
1830.000000,-0.416016,0.139160,0.901855,183.000000,-0.505447,0.741959,-0.371933,183.000000,16.649963,-26.550003,-101.250000,183.000000
1840.000000,-0.416992,0.134766,0.902832,184.000000,-0.017166,0.009537,-0.555038,184.000000,17.549957,-26.550003,-101.250000,184.000000
1850.000000,-0.401855,0.137207,0.911133,185.000000,0.101089,0.925064,-0.188828,185.000000,17.699966,-26.700012,-101.550003,185.000000
1860.000000,-0.397461,0.139160,0.904785,186.000000,0.467300,0.314713,0.234604,186.000000,17.699966,-25.800003,-100.950012,186.000000
1870.000000,-0.411621,0.142578,0.905273,187.000000,-0.627518,-0.658035,0.051498,187.000000,16.049957,-25.800003,-100.950012,187.000000
1880.000000,-0.407226,0.138184,0.913086,188.000000,-0.322342,0.009537,-0.555038,188.000000,16.049957,-26.700012,-100.800003,188.000000
1890.000000,-0.415039,0.144043,0.898926,189.000000,-0.078201,0.009537,0.600815,189.000000,16.049957,-26.700012,-101.100006,189.000000
1900.000000,-0.417480,0.137207,0.908203,190.000000,0.284195,-0.047684,0.112534,190.000000,16.649963,-26.700012,-101.100006,190.000000
1910.000000,-0.423340,0.137695,0.903320,191.000000,-0.078201,-0.169754,0.417709,191.000000,17.849960,-27.000000,-102.000000,191.000000
1920.000000,-0.408691,0.130859,0.904785,192.000000,-0.505447,0.131607,0.112534,192.000000,17.849960,-25.200012,-102.150009,192.000000
1930.000000,-0.412598,0.136719,0.906250,193.000000,-0.322342,-0.352859,0.173569,193.000000,15.899963,-25.200012,-102.150009,193.000000
1940.000000,-0.418457,0.130371,0.896972,194.000000,0.040054,0.375748,0.234604,194.000000,16.049957,-25.800003,-102.450012,194.000000
1950.000000,-0.409180,0.133301,0.904297,195.000000,0.040054,0.131607,0.478745,195.000000,16.049957,-25.950012,-101.100006,195.000000
1960.000000,-0.405273,0.134277,0.909668,196.000000,-0.749588,-0.169754,0.051498,196.000000,16.049957,-25.950012,-101.100006,196.000000
1970.000000,-0.407226,0.136230,0.908203,197.000000,-0.505447,-0.108719,0.051498,197.000000,16.199966,-26.400009,-101.100006,197.000000
1980.000000,-0.416992,0.139160,0.906250,198.000000,-0.322342,-0.047684,-0.066757,198.000000,15.449966,-27.300003,-101.250000,198.000000
1990.000000,-0.414551,0.143555,0.896972,199.000000,0.284195,-0.047684,-0.066757,199.000000,15.449966,-26.250000,-101.250000,199.000000
2000.000000,-0.415039,0.135254,0.901367,200.000000,-0.078201,0.375748,0.417709,200.000000,17.549957,-26.250000,-101.250000,200.000000
2010.000000,-0.416504,0.136230,0.903320,201.000000,-0.566483,0.375748,0.051498,201.000000,16.649963,-25.200012,-100.800003,201.000000
2020.000000,-0.410644,0.138672,0.901367,202.000000,-0.505447,-0.291824,-0.310898,202.000000,17.699966,-24.750000,-101.700012,202.000000
2030.000000,-0.412109,0.137207,0.904297,203.000000,-0.566483,0.070572,-0.310898,203.000000,16.349960,-26.550003,-100.200012,203.000000
2040.000000,-0.411133,0.135254,0.896484,204.000000,-0.200272,-0.169754,-0.127792,204.000000,16.349960,-27.450012,-101.550003,204.000000
2050.000000,-0.410156,0.129883,0.894531,205.000000,0.101089,-0.047684,0.234604,205.000000,15.149963,-27.450012,-101.550003,205.000000
2060.000000,-0.408691,0.126953,0.908691,206.000000,-0.078201,-0.230789,0.112534,206.000000,17.849960,-25.050003,-101.250000,206.000000
2070.000000,-0.408203,0.130371,0.901367,207.000000,0.223160,0.070572,0.112534,207.000000,17.849960,-25.950012,-101.550003,207.000000
2080.000000,-0.401367,0.129395,0.915527,208.000000,-0.261307,0.131607,0.783920,208.000000,16.199966,-25.950012,-101.550003,208.000000
2090.000000,-0.401855,0.143066,0.906250,209.000000,-0.017166,0.070572,-0.310898,209.000000,16.349960,-25.050003,-102.000000,209.000000
2100.000000,-0.416016,0.135254,0.901367,210.000000,-0.261307,0.497818,0.356674,210.000000,16.349960,-25.650009,-102.600006,210.000000
2110.000000,-0.403320,0.136230,0.909668,211.000000,-0.078201,0.131607,0.051498,211.000000,17.099960,-25.650009,-102.600006,211.000000
2120.000000,-0.403809,0.128418,0.904785,212.000000,0.223160,0.436783,0.356674,212.000000,16.349960,-27.450012,-100.800003,212.000000
2130.000000,-0.426758,0.134766,0.905273,213.000000,0.711441,0.192642,-0.188828,213.000000,16.349960,-25.200012,-101.550003,213.000000
2140.000000,-0.421875,0.127441,0.903320,214.000000,0.406265,0.436783,-0.188828,214.000000,16.349960,-25.650009,-101.100006,214.000000
2150.000000,-0.411133,0.133301,0.903808,215.000000,0.406265,-0.047684,-0.066757,215.000000,16.199966,-25.650009,-101.100006,215.000000
2160.000000,-0.423828,0.138672,0.908691,216.000000,0.162125,-0.108719,0.112534,216.000000,16.199966,-26.250000,-102.450012,216.000000
2170.000000,-0.406738,0.128418,0.914062,217.000000,-0.322342,-0.413895,-0.249863,217.000000,16.199966,-25.800003,-100.950012,217.000000
2180.000000,-0.420898,0.136719,0.894531,218.000000,0.162125,-0.263214,-0.297546,218.000000,15.749954,-25.800003,-100.950012,218.000000
2190.000000,-0.418457,0.139160,0.909668,219.000000,-0.017166,-0.568390,0.247955,219.000000,14.999954,-25.650009,-101.100006,219.000000
2200.000000,-0.407226,0.137695,0.902344,220.000000,-0.078201,-0.141144,0.064850,220.000000,14.999954,-24.150009,-101.850006,220.000000
2210.000000,-0.424805,0.130371,0.906250,221.000000,-0.017166,0.221252,0.675201,221.000000,16.349960,-24.150009,-101.850006,221.000000
2220.000000,-0.424805,0.134277,0.910156,222.000000,-0.261307,0.709534,-0.358582,222.000000,17.699966,-27.150009,-102.150009,222.000000
2230.000000,-0.415039,0.147949,0.892090,223.000000,-0.200272,-0.019073,0.247955,223.000000,17.699966,-25.500000,-101.250000,223.000000
2240.000000,-0.423340,0.137207,0.900879,224.000000,0.345230,-0.446320,-0.114441,224.000000,15.899963,-25.500000,-101.250000,224.000000
2250.000000,-0.414062,0.141113,0.914062,225.000000,0.467300,0.038147,0.797272,225.000000,16.949966,-25.500000,-101.250000,225.000000
2260.000000,-0.419434,0.125000,0.895508,226.000000,0.406265,-0.080109,0.064850,226.000000,16.949966,-26.550003,-101.250000,226.000000
2270.000000,-0.414551,0.122559,0.901855,227.000000,0.040054,0.099182,-0.541687,227.000000,16.949966,-26.550003,-101.250000,227.000000
2280.000000,-0.409668,0.144043,0.902344,228.000000,-0.200272,-0.202179,0.308990,228.000000,17.699966,-26.550003,-102.750000,228.000000
2290.000000,-0.411621,0.133301,0.905761,229.000000,-0.200272,0.282288,0.003815,229.000000,17.099960,-26.550003,-102.450012,229.000000
2300.000000,-0.409668,0.131348,0.900390,230.000000,-0.322342,0.343323,0.553131,230.000000,17.099960,-27.450012,-100.800003,230.000000
2310.000000,-0.410156,0.141602,0.899902,231.000000,0.406265,0.099182,0.370026,231.000000,15.899963,-27.450012,-100.800003,231.000000
2320.000000,-0.405273,0.124023,0.902832,232.000000,0.345230,0.587463,0.064850,232.000000,16.799957,-25.050003,-102.450012,232.000000
2330.000000,-0.435059,0.139648,0.913086,233.000000,-0.017166,-0.080109,0.308990,233.000000,16.349960,-25.650009,-101.100006,233.000000
2340.000000,-0.421387,0.131348,0.900390,234.000000,0.101089,-0.202179,0.125885,234.000000,15.899963,-25.950012,-101.100006,234.000000
2350.000000,-0.421875,0.128906,0.917969,235.000000,-0.627518,-0.019073,0.247955,235.000000,15.899963,-25.800003,-100.950012,235.000000
2360.000000,-0.402344,0.133789,0.904785,236.000000,-0.688553,-0.385284,-0.053406,236.000000,17.699966,-25.800003,-100.950012,236.000000
2370.000000,-0.417969,0.137207,0.901367,237.000000,-0.383377,0.221252,0.431061,237.000000,17.099960,-25.050003,-101.250000,237.000000
2380.000000,-0.425293,0.146973,0.917969,238.000000,0.101089,0.099182,0.186920,238.000000,17.099960,-25.650009,-101.550003,238.000000
2390.000000,-0.414062,0.143555,0.909179,239.000000,0.162125,-0.263214,-0.297546,239.000000,17.549957,-25.650009,-101.550003,239.000000
2400.000000,-0.416992,0.135742,0.906250,240.000000,-0.017166,0.221252,0.736237,240.000000,16.649963,-27.450012,-102.600006,240.000000
2410.000000,-0.410644,0.142090,0.925781,241.000000,0.040054,-0.019073,0.370026,241.000000,16.649963,-25.500000,-101.700012,241.000000
2420.000000,-0.425293,0.130371,0.907715,242.000000,0.467300,-0.263214,0.003815,242.000000,17.099960,-25.500000,-101.700012,242.000000
2430.000000,-0.412598,0.141602,0.896484,243.000000,0.284195,0.343323,0.125885,243.000000,16.799957,-25.200012,-100.800003,243.000000
2440.000000,-0.411621,0.145020,0.905273,244.000000,0.589371,-0.080109,-0.175476,244.000000,16.199966,-26.400009,-101.550003,244.000000
2450.000000,-0.425293,0.138672,0.895508,245.000000,-0.078201,-0.263214,-0.297546,245.000000,16.199966,-25.800003,-102.000000,245.000000
2460.000000,-0.408691,0.141113,0.881836,246.000000,0.223160,-0.385284,0.308990,246.000000,15.899963,-25.800003,-102.000000,246.000000
2470.000000,-0.401855,0.129395,0.901367,247.000000,-0.444412,-0.019073,-0.358582,247.000000,17.099960,-26.250000,-102.000000,247.000000
2480.000000,-0.410156,0.125000,0.903320,248.000000,0.040054,-0.202179,0.370026,248.000000,17.099960,-26.400009,-100.800003,248.000000
2490.000000,-0.409180,0.130859,0.900390,249.000000,-0.322342,0.343323,-0.297546,249.000000,15.749954,-26.400009,-100.800003,249.000000
2500.000000,-0.406738,0.134277,0.905273,250.000000,-0.139236,0.221252,-0.297546,250.000000,16.649963,-25.200012,-102.150009,250.000000
2510.000000,-0.408691,0.138672,0.914551,251.000000,-0.200272,0.221252,-0.175476,251.000000,16.649963,-26.250000,-101.250000,251.000000
2520.000000,-0.395508,0.125977,0.913086,252.000000,-0.261307,0.160217,-0.297546,252.000000,16.799957,-26.250000,-101.250000,252.000000
2530.000000,-0.419434,0.139160,0.897949,253.000000,0.894547,0.221252,-0.053406,253.000000,16.799957,-26.400009,-100.500000,253.000000
2540.000000,-0.414551,0.129395,0.899902,254.000000,0.345230,0.160217,-0.236511,254.000000,16.799957,-26.400009,-101.850006,254.000000
2550.000000,-0.408691,0.128906,0.912109,255.000000,-0.078201,0.221252,-0.114441,255.000000,17.699966,-26.400009,-101.850006,255.000000
2560.000000,-0.406250,0.138184,0.902832,256.000000,-0.017166,0.038147,-0.663757,256.000000,15.899963,-25.800003,-102.750000,256.000000
2570.000000,-0.421387,0.130859,0.897461,257.000000,0.040054,0.282288,-0.114441,257.000000,15.899963,-25.800003,-102.450012,257.000000
2580.000000,-0.416016,0.136719,0.907715,258.000000,0.040054,0.099182,0.370026,258.000000,15.899963,-25.800003,-102.450012,258.000000
2590.000000,-0.420898,0.138672,0.909179,259.000000,-0.261307,-0.263214,0.553131,259.000000,16.649963,-25.800003,-102.000000,259.000000
2600.000000,-0.409180,0.139160,0.901855,260.000000,0.284195,-0.202179,0.308990,260.000000,16.649963,-27.300003,-99.150009,260.000000
2610.000000,-0.418457,0.115723,0.903808,261.000000,0.162125,-0.324249,0.492096,261.000000,17.849960,-27.300003,-99.150009,261.000000
2620.000000,-0.424316,0.151855,0.910156,262.000000,0.101089,-0.324249,0.492096,262.000000,17.099960,-24.450012,-101.850006,262.000000
2630.000000,-0.402832,0.134277,0.904297,263.000000,0.040054,-0.263214,0.308990,263.000000,17.099960,-26.400009,-102.150009,263.000000
2640.000000,-0.408203,0.138672,0.907226,264.000000,0.040054,-0.629425,0.247955,264.000000,16.949966,-26.400009,-102.150009,264.000000
2650.000000,-0.410644,0.136230,0.902832,265.000000,-0.200272,0.099182,-0.236511,265.000000,16.349960,-24.300003,-102.000000,265.000000
2660.000000,-0.406738,0.130859,0.907715,266.000000,-0.078201,0.587463,-0.236511,266.000000,16.349960,-25.950012,-101.550003,266.000000
2670.000000,-0.412109,0.130371,0.906250,267.000000,0.650406,0.038147,-0.358582,267.000000,15.749954,-25.950012,-101.550003,267.000000
2680.000000,-0.416016,0.127441,0.921875,268.000000,0.284195,-0.019073,-0.114441,268.000000,15.899963,-25.950012,-101.550003,268.000000
2690.000000,-0.409668,0.129395,0.910644,269.000000,0.955582,0.343323,0.431061,269.000000,15.899963,-26.250000,-101.700012,269.000000
2700.000000,-0.412109,0.130859,0.908203,270.000000,0.284195,0.160217,0.308990,270.000000,15.749954,-26.250000,-101.700012,270.000000
2710.000000,-0.395508,0.137207,0.910156,271.000000,-0.261307,-0.080109,0.064850,271.000000,15.899963,-24.450012,-101.550003,271.000000
2720.000000,-0.421387,0.139648,0.903320,272.000000,-0.078201,0.465393,0.736237,272.000000,15.899963,-26.250000,-101.250000,272.000000
2730.000000,-0.402344,0.128418,0.901855,273.000000,-0.139236,0.160217,0.370026,273.000000,17.849960,-26.250000,-101.250000,273.000000
2740.000000,-0.407226,0.124512,0.914062,274.000000,0.101089,0.770569,-0.297546,274.000000,16.349960,-26.700012,-101.100006,274.000000
2750.000000,-0.401855,0.115723,0.901367,275.000000,-0.627518,0.099182,-0.419617,275.000000,17.099960,-26.400009,-100.800003,275.000000
2760.000000,-0.406738,0.143066,0.908691,276.000000,0.528336,-0.141144,-0.053406,276.000000,17.099960,-25.650009,-100.800003,276.000000
2770.000000,-0.411621,0.133301,0.909179,277.000000,0.589371,0.221252,0.247955,277.000000,16.649963,-25.650009,-100.800003,277.000000
2780.000000,-0.410156,0.131836,0.905761,278.000000,0.711441,0.343323,0.247955,278.000000,16.199966,-27.000000,-100.650009,278.000000
2790.000000,-0.411621,0.140625,0.898926,279.000000,0.528336,0.038147,-0.053406,279.000000,16.199966,-25.500000,-101.250000,279.000000
2800.000000,-0.400391,0.139648,0.904297,280.000000,0.345230,0.282288,-0.053406,280.000000,16.199966,-25.500000,-101.250000,280.000000
2810.000000,-0.414551,0.129395,0.897461,281.000000,0.650406,0.160217,0.064850,281.000000,15.899963,-25.800003,-101.700012,281.000000
2820.000000,-0.414551,0.132324,0.906250,282.000000,-0.078201,0.404358,0.003815,282.000000,15.899963,-25.050003,-100.650009,282.000000
2830.000000,-0.419922,0.140137,0.895019,283.000000,0.223160,0.282288,-0.175476,283.000000,17.549957,-25.050003,-100.650009,283.000000
2840.000000,-0.415527,0.135254,0.905273,284.000000,-0.078201,0.587463,-0.236511,284.000000,16.199966,-26.400009,-103.650009,284.000000
2850.000000,-0.426269,0.127930,0.892578,285.000000,-0.200272,0.465393,-0.175476,285.000000,16.199966,-25.500000,-100.650009,285.000000
2860.000000,-0.406738,0.132324,0.905761,286.000000,0.162125,0.221252,0.186920,286.000000,16.649963,-25.500000,-100.650009,286.000000
2870.000000,-0.411133,0.139648,0.899902,287.000000,0.162125,0.221252,0.003815,287.000000,17.699966,-25.050003,-101.700012,287.000000
2880.000000,-0.413086,0.144043,0.919922,288.000000,0.040054,0.160217,-0.419617,288.000000,17.699966,-24.750000,-101.700012,288.000000
2890.000000,-0.399414,0.141602,0.900390,289.000000,0.162125,0.465393,0.125885,289.000000,18.149963,-24.750000,-101.700012,289.000000
2900.000000,-0.418457,0.139160,0.911133,290.000000,-0.139236,0.343323,0.064850,290.000000,16.949966,-25.650009,-100.500000,290.000000
2910.000000,-0.414062,0.137695,0.899902,291.000000,0.040054,-0.019073,0.003815,291.000000,17.099960,-25.500000,-101.700012,291.000000
2920.000000,-0.421875,0.142578,0.912597,292.000000,-0.444412,-0.263214,0.003815,292.000000,17.099960,-25.950012,-101.100006,292.000000
2930.000000,-0.417969,0.134277,0.892578,293.000000,-0.078201,0.526428,0.308990,293.000000,16.649963,-25.950012,-101.100006,293.000000
2940.000000,-0.412109,0.129395,0.893554,294.000000,-0.444412,-0.385284,-0.053406,294.000000,16.649963,-25.050003,-100.200012,294.000000
2950.000000,-0.415039,0.127441,0.902832,295.000000,-0.322342,0.465393,-0.236511,295.000000,15.149963,-25.050003,-100.200012,295.000000
2960.000000,-0.416016,0.134766,0.894531,296.000000,-0.566483,-0.080109,0.186920,296.000000,16.949966,-27.000000,-101.250000,296.000000
2970.000000,-0.397461,0.129883,0.901367,297.000000,-0.383377,0.404358,0.186920,297.000000,16.949966,-26.550003,-100.950012,297.000000
2980.000000,-0.422851,0.141113,0.912109,298.000000,0.223160,0.343323,0.431061,298.000000,16.199966,-26.550003,-100.950012,298.000000
2990.000000,-0.409668,0.130859,0.900879,299.000000,0.223160,-0.019073,0.064850,299.000000,16.199966,-27.750000,-101.700012,299.000000
3000.000000,-0.418945,0.135742,0.902832,300.000000,-0.200272,-0.080109,0.064850,300.000000,16.199966,-26.550003,-100.650009,300.000000
3010.000000,-0.416992,0.157227,0.910156,301.000000,0.223160,-0.202179,0.431061,301.000000,16.349960,-26.550003,-100.650009,301.000000
3020.000000,-0.427246,0.136230,0.912597,302.000000,-0.139236,-0.324249,0.370026,302.000000,17.099960,-25.950012,-101.550003,302.000000
3030.000000,-0.412109,0.141602,0.906250,303.000000,-0.139236,-0.080109,0.431061,303.000000,17.099960,-25.650009,-100.800003,303.000000
3040.000000,-0.407226,0.134766,0.900879,304.000000,0.101089,-0.080109,0.064850,304.000000,16.349960,-25.650009,-100.800003,304.000000
3050.000000,-0.410644,0.134277,0.908691,305.000000,0.101089,0.404358,0.308990,305.000000,16.349960,-26.400009,-100.050003,305.000000
3060.000000,-0.425293,0.152832,0.908203,306.000000,-0.139236,-0.141144,-0.114441,306.000000,16.349960,-25.950012,-101.550003,306.000000
3070.000000,-0.410156,0.129395,0.906738,307.000000,-0.017166,0.526428,0.125885,307.000000,16.349960,-27.450012,-101.550003,307.000000
3080.000000,-0.407715,0.127441,0.893554,308.000000,-0.078201,-0.141144,-0.175476,308.000000,15.449966,-27.450012,-101.550003,308.000000
3090.000000,-0.408691,0.139160,0.915039,309.000000,-0.261307,-0.080109,-0.358582,309.000000,16.949966,-26.550003,-102.450012,309.000000
3100.000000,-0.400391,0.142090,0.906738,310.000000,-0.383377,0.953674,-0.236511,310.000000,16.949966,-26.550003,-100.950012,310.000000
3110.000000,-0.412109,0.132324,0.895508,311.000000,0.284195,0.221252,-0.419617,311.000000,16.349960,-26.550003,-100.950012,311.000000
3120.000000,-0.404297,0.145508,0.897461,312.000000,-0.139236,-0.019073,-0.114441,312.000000,16.649963,-26.400009,-100.050003,312.000000
3130.000000,-0.410156,0.123535,0.901367,313.000000,0.223160,0.099182,0.125885,313.000000,16.649963,-25.050003,-102.750000,313.000000
3140.000000,-0.399902,0.135742,0.897461,314.000000,0.040054,0.465393,-0.724792,314.000000,17.249954,-25.050003,-102.750000,314.000000
3150.000000,-0.406250,0.134277,0.907715,315.000000,0.345230,0.404358,-0.175476,315.000000,17.099960,-25.500000,-102.000000,315.000000
3160.000000,-0.412109,0.132324,0.894531,316.000000,0.040054,-0.385284,-0.114441,316.000000,17.099960,-25.950012,-103.650009,316.000000
3170.000000,-0.424805,0.139160,0.906738,317.000000,0.406265,0.221252,-0.236511,317.000000,16.199966,-25.950012,-103.650009,317.000000
3180.000000,-0.408203,0.137207,0.907715,318.000000,-0.017166,0.282288,0.064850,318.000000,16.799957,-25.500000,-100.950012,318.000000
3190.000000,-0.412598,0.127930,0.895019,319.000000,-0.139236,-0.141144,0.858307,319.000000,16.799957,-26.400009,-101.550003,319.000000
3200.000000,-0.423340,0.144043,0.901855,320.000000,-0.261307,-0.263214,0.125885,320.000000,15.299957,-26.400009,-101.550003,320.000000
3210.000000,-0.414551,0.127441,0.887695,321.000000,-0.078201,0.526428,-0.236511,321.000000,17.549957,-25.200012,-101.850006,321.000000
3220.000000,-0.409668,0.141602,0.897949,322.000000,0.101089,-0.141144,-0.053406,322.000000,16.799957,-26.400009,-101.550003,322.000000
3230.000000,-0.410644,0.139160,0.904785,323.000000,-0.078201,0.587463,0.125885,323.000000,16.799957,-26.400009,-100.800003,323.000000
3240.000000,-0.405273,0.127441,0.909179,324.000000,0.284195,0.160217,0.186920,324.000000,16.049957,-24.900009,-101.550003,324.000000
3250.000000,-0.413574,0.134277,0.913086,325.000000,0.284195,0.587463,-0.297546,325.000000,16.049957,-25.650009,-100.800003,325.000000
3260.000000,-0.411133,0.134277,0.898437,326.000000,0.040054,-0.019073,-0.175476,326.000000,17.249954,-25.650009,-100.800003,326.000000
3270.000000,-0.408691,0.135742,0.908691,327.000000,0.772476,-0.019073,-0.785828,327.000000,16.199966,-25.800003,-101.250000,327.000000
3280.000000,-0.409180,0.130859,0.896972,328.000000,0.040054,0.160217,-0.480652,328.000000,16.199966,-26.250000,-101.250000,328.000000
3290.000000,-0.415039,0.129395,0.903808,329.000000,0.223160,0.038147,-0.541687,329.000000,16.649963,-26.250000,-101.250000,329.000000
3300.000000,-0.410644,0.137207,0.903808,330.000000,0.589371,0.465393,-0.297546,330.000000,17.549957,-25.500000,-101.250000,330.000000
3310.000000,-0.426269,0.131348,0.910156,331.000000,0.162125,0.221252,-0.053406,331.000000,17.549957,-26.700012,-101.100006,331.000000
3320.000000,-0.401367,0.129395,0.909668,332.000000,-0.444412,-0.751495,-0.480652,332.000000,16.199966,-26.700012,-101.100006,332.000000
3330.000000,-0.414551,0.133789,0.904297,333.000000,-0.566483,-0.141144,0.125885,333.000000,17.249954,-25.050003,-101.700012,333.000000
3340.000000,-0.416992,0.130371,0.914062,334.000000,-0.139236,0.099182,-0.419617,334.000000,17.249954,-24.750000,-101.250000,334.000000
3350.000000,-0.399414,0.129395,0.902832,335.000000,0.345230,-0.080109,0.370026,335.000000,14.849960,-24.750000,-101.250000,335.000000
3360.000000,-0.415039,0.132812,0.900390,336.000000,0.284195,0.160217,0.553131,336.000000,16.049957,-26.550003,-100.950012,336.000000
3370.000000,-0.411621,0.139648,0.903808,337.000000,0.101089,-0.507355,0.125885,337.000000,17.549957,-24.900009,-101.550003,337.000000
3380.000000,-0.408691,0.126465,0.909179,338.000000,-0.383377,0.587463,-0.480652,338.000000,17.549957,-25.950012,-100.500000,338.000000
3390.000000,-0.407715,0.134277,0.896972,339.000000,0.223160,0.221252,-0.541687,339.000000,16.199966,-25.950012,-100.500000,339.000000
3400.000000,-0.405762,0.137207,0.907226,340.000000,0.040054,0.221252,0.370026,340.000000,15.749954,-25.800003,-101.700012,340.000000
3410.000000,-0.409180,0.128418,0.910644,341.000000,-0.078201,0.038147,0.308990,341.000000,15.749954,-25.950012,-101.550003,341.000000
3420.000000,-0.423340,0.148437,0.912597,342.000000,-0.261307,-0.385284,0.308990,342.000000,15.449966,-25.950012,-101.550003,342.000000
3430.000000,-0.419434,0.149902,0.907226,343.000000,-0.444412,-0.324249,-0.480652,343.000000,17.699966,-25.500000,-101.700012,343.000000
3440.000000,-0.415527,0.139648,0.902344,344.000000,0.528336,-0.141144,0.125885,344.000000,17.699966,-25.050003,-100.650009,344.000000
3450.000000,-0.416504,0.137207,0.910644,345.000000,-0.078201,0.160217,0.064850,345.000000,16.799957,-25.050003,-100.650009,345.000000
3460.000000,-0.426269,0.137207,0.897461,346.000000,-0.383377,-0.080109,0.553131,346.000000,16.799957,-25.650009,-99.750000,346.000000
3470.000000,-0.413086,0.129395,0.905761,347.000000,0.284195,-0.202179,-0.053406,347.000000,16.799957,-25.950012,-100.800003,347.000000
3480.000000,-0.410644,0.135254,0.910156,348.000000,-0.200272,-0.019073,0.003815,348.000000,16.349960,-25.950012,-100.800003,348.000000
3490.000000,-0.413086,0.132812,0.896972,349.000000,-0.017166,0.099182,-0.541687,349.000000,16.349960,-25.650009,-100.500000,349.000000
3500.000000,-0.418457,0.121094,0.909179,350.000000,0.040054,0.404358,-0.480652,350.000000,16.349960,-25.200012,-101.100006,350.000000
3510.000000,-0.414551,0.143555,0.909179,351.000000,0.711441,0.648499,-0.236511,351.000000,15.299957,-25.200012,-101.100006,351.000000
3520.000000,-0.410644,0.129883,0.894043,352.000000,0.345230,0.038147,-0.236511,352.000000,16.199966,-25.650009,-101.100006,352.000000
3530.000000,-0.418457,0.126953,0.914551,353.000000,0.772476,0.099182,0.125885,353.000000,16.199966,-26.550003,-102.000000,353.000000
3540.000000,-0.418457,0.136719,0.902832,354.000000,-0.566483,0.160217,0.247955,354.000000,16.199966,-26.550003,-102.000000,354.000000
3550.000000,-0.405762,0.133789,0.903808,355.000000,-0.383377,0.038147,0.247955,355.000000,16.949966,-26.250000,-101.250000,355.000000
3560.000000,-0.417480,0.129883,0.900879,356.000000,-0.688553,0.221252,0.431061,356.000000,16.949966,-25.800003,-100.200012,356.000000
3570.000000,-0.429687,0.123535,0.898926,357.000000,-0.261307,0.160217,0.003815,357.000000,17.699966,-25.800003,-100.200012,357.000000
3580.000000,-0.422851,0.138672,0.905761,358.000000,0.040054,0.160217,0.003815,358.000000,16.649963,-26.250000,-100.650009,358.000000
3590.000000,-0.409180,0.127930,0.905761,359.000000,0.162125,-0.446320,0.919342,359.000000,16.649963,-26.250000,-100.200012,359.000000
3600.000000,-0.417480,0.135254,0.908203,360.000000,0.467300,-0.446320,0.980377,360.000000,17.249954,-26.250000,-100.200012,360.000000
3610.000000,-0.411621,0.144531,0.899902,361.000000,0.467300,-0.812531,0.308990,361.000000,16.799957,-25.800003,-101.700012,361.000000
3620.000000,-0.404785,0.127441,0.910644,362.000000,0.589371,-1.056671,0.370026,362.000000,16.799957,-24.900009,-101.850006,362.000000
3630.000000,-0.411133,0.130859,0.907226,363.000000,0.040054,-0.385284,-0.358582,363.000000,16.349960,-24.900009,-101.850006,363.000000
3640.000000,-0.407715,0.132324,0.895508,364.000000,0.528336,-0.263214,0.247955,364.000000,16.049957,-25.950012,-101.100006,364.000000
3650.000000,-0.416504,0.133301,0.906738,365.000000,0.528336,-0.202179,0.064850,365.000000,16.049957,-24.900009,-100.800003,365.000000
3660.000000,-0.390625,0.141113,0.903808,366.000000,0.589371,0.465393,-0.114441,366.000000,16.349960,-24.900009,-100.800003,366.000000
3670.000000,-0.408203,0.146973,0.900390,367.000000,-0.017166,0.587463,-0.053406,367.000000,15.749954,-26.400009,-100.800003,367.000000
3680.000000,-0.406738,0.128906,0.892578,368.000000,-0.566483,-0.263214,0.675201,368.000000,16.349960,-24.450012,-100.800003,368.000000
3690.000000,-0.413086,0.144531,0.904785,369.000000,0.040054,-0.080109,0.186920,369.000000,16.349960,-25.650009,-102.150009,369.000000
3700.000000,-0.414551,0.137207,0.906738,370.000000,-0.017166,0.465393,0.614166,370.000000,16.949966,-25.650009,-102.150009,370.000000
3710.000000,-0.413574,0.130859,0.903808,371.000000,0.040054,-0.385284,0.064850,371.000000,16.649963,-26.250000,-100.950012,371.000000
3720.000000,-0.401367,0.130859,0.894043,372.000000,-0.444412,0.160217,0.186920,372.000000,16.649963,-25.050003,-101.250000,372.000000
3730.000000,-0.403320,0.127930,0.896484,373.000000,-0.383377,0.282288,0.308990,373.000000,17.999954,-25.050003,-101.250000,373.000000
3740.000000,-0.421387,0.130371,0.899414,374.000000,0.040054,-0.080109,-0.602722,374.000000,15.749954,-26.550003,-101.250000,374.000000
3750.000000,-0.420898,0.133789,0.904785,375.000000,0.101089,-0.141144,0.186920,375.000000,15.749954,-25.200012,-101.100006,375.000000
3760.000000,-0.414062,0.124023,0.904785,376.000000,0.223160,-0.202179,-0.053406,376.000000,14.849960,-25.200012,-101.100006,376.000000
3770.000000,-0.422363,0.134766,0.908691,377.000000,0.650406,-0.263214,0.064850,377.000000,16.049957,-25.500000,-102.450012,377.000000
3780.000000,-0.406738,0.141602,0.901367,378.000000,-0.017166,0.343323,-0.663757,378.000000,16.049957,-25.200012,-101.550003,378.000000
3790.000000,-0.410156,0.136230,0.904297,379.000000,0.223160,0.038147,0.308990,379.000000,17.249954,-25.200012,-101.550003,379.000000
3800.000000,-0.407715,0.130371,0.897461,380.000000,0.284195,0.038147,0.125885,380.000000,16.649963,-26.550003,-101.250000,380.000000
3810.000000,-0.395996,0.130371,0.904785,381.000000,0.162125,-0.080109,-0.236511,381.000000,16.649963,-26.550003,-100.950012,381.000000
3820.000000,-0.414551,0.134766,0.896972,382.000000,-0.200272,0.282288,0.125885,382.000000,15.449966,-26.550003,-100.950012,382.000000
3830.000000,-0.398437,0.125000,0.892090,383.000000,-0.200272,0.038147,0.186920,383.000000,16.799957,-25.800003,-101.700012,383.000000
3840.000000,-0.420898,0.132324,0.897461,384.000000,-0.017166,0.221252,-0.297546,384.000000,16.349960,-25.650009,-101.550003,384.000000
3850.000000,-0.416016,0.139160,0.914062,385.000000,-0.322342,0.282288,-0.602722,385.000000,16.349960,-25.200012,-100.050003,385.000000
3860.000000,-0.416504,0.134277,0.902832,386.000000,0.040054,0.038147,-0.663757,386.000000,17.099960,-25.200012,-100.050003,386.000000
3870.000000,-0.420410,0.132812,0.907226,387.000000,0.467300,-0.019073,-0.175476,387.000000,16.199966,-25.200012,-100.500000,387.000000
3880.000000,-0.425293,0.134766,0.907715,388.000000,0.711441,0.038147,-0.358582,388.000000,16.199966,-25.800003,-100.950012,388.000000
3890.000000,-0.399902,0.123535,0.898926,389.000000,-0.017166,-0.141144,-0.053406,389.000000,16.649963,-25.800003,-100.950012,389.000000
3900.000000,-0.404785,0.126953,0.902832,390.000000,0.162125,0.038147,0.064850,390.000000,16.799957,-26.250000,-101.250000,390.000000
3910.000000,-0.419434,0.143066,0.895508,391.000000,0.406265,-0.019073,-0.419617,391.000000,16.799957,-25.200012,-101.850006,391.000000
3920.000000,-0.412598,0.129395,0.914551,392.000000,-0.261307,0.404358,0.431061,392.000000,16.049957,-25.200012,-101.850006,392.000000
3930.000000,-0.409668,0.121582,0.906250,393.000000,-0.078201,-0.141144,0.003815,393.000000,16.199966,-25.950012,-102.600006,393.000000
3940.000000,-0.423828,0.143066,0.899902,394.000000,-0.566483,0.526428,-0.053406,394.000000,16.199966,-25.050003,-102.000000,394.000000
3950.000000,-0.410644,0.132324,0.906738,395.000000,0.101089,0.404358,-0.175476,395.000000,15.749954,-25.050003,-102.000000,395.000000
3960.000000,-0.402344,0.134766,0.906250,396.000000,0.162125,0.343323,0.186920,396.000000,16.949966,-25.650009,-100.500000,396.000000
3970.000000,-0.419922,0.141113,0.897949,397.000000,-0.261307,-0.019073,0.370026,397.000000,17.549957,-25.800003,-102.450012,397.000000
3980.000000,-0.417969,0.141602,0.896484,398.000000,0.467300,-0.019073,0.125885,398.000000,17.099960,-26.700012,-102.150009,398.000000
3990.000000,-0.409668,0.135254,0.907226,399.000000,0.040054,0.343323,0.431061,399.000000,15.449966,-26.400009,-100.800003,399.000000
4000.000000,-0.420410,0.144531,0.908203,400.000000,-0.017166,0.221252,0.064850,400.000000,15.449966,-23.250000,-100.650009,400.000000
4010.000000,-0.408203,0.133301,0.904297,401.000000,-0.200272,0.038147,0.125885,401.000000,16.949966,-23.250000,-100.650009,401.000000
4020.000000,-0.420898,0.147949,0.903808,402.000000,0.528336,0.282288,0.003815,402.000000,17.249954,-25.050003,-100.950012,402.000000
4030.000000,-0.401367,0.138672,0.905761,403.000000,-0.444412,0.221252,0.614166,403.000000,17.249954,-26.550003,-100.950012,403.000000
4040.000000,-0.414062,0.140137,0.894043,404.000000,-0.078201,-0.080109,0.247955,404.000000,16.799957,-26.550003,-100.950012,404.000000
4050.000000,-0.414062,0.128906,0.915527,405.000000,-0.139236,0.221252,-0.053406,405.000000,15.449966,-24.900009,-101.550003,405.000000
4060.000000,-0.409180,0.132324,0.891601,406.000000,0.162125,-0.385284,0.247955,406.000000,15.449966,-25.050003,-101.250000,406.000000
4070.000000,-0.415039,0.130859,0.897461,407.000000,-0.017166,-0.019073,0.064850,407.000000,15.749954,-25.050003,-101.250000,407.000000
4080.000000,-0.418945,0.125977,0.903808,408.000000,-0.139236,-0.263214,-0.419617,408.000000,16.199966,-26.700012,-100.800003,408.000000
4090.000000,-0.416504,0.140625,0.905761,409.000000,0.406265,-0.141144,0.308990,409.000000,16.199966,-26.550003,-100.950012,409.000000
4100.000000,-0.421387,0.131348,0.910644,410.000000,0.284195,-0.263214,0.003815,410.000000,16.199966,-26.550003,-100.950012,410.000000
4110.000000,-0.410644,0.133789,0.903808,411.000000,-0.444412,0.404358,0.186920,411.000000,16.799957,-25.800003,-101.700012,411.000000
4120.000000,-0.411133,0.130371,0.897461,412.000000,-0.139236,0.404358,0.431061,412.000000,16.799957,-24.450012,-101.100006,412.000000
4130.000000,-0.414062,0.132324,0.900879,413.000000,0.101089,0.526428,-0.114441,413.000000,17.099960,-24.450012,-101.100006,413.000000
4140.000000,-0.417480,0.133789,0.907226,414.000000,0.162125,0.343323,-0.053406,414.000000,14.999954,-26.400009,-101.850006,414.000000
4150.000000,-0.418457,0.144043,0.897461,415.000000,0.589371,0.221252,-0.358582,415.000000,16.349960,-25.950012,-101.100006,415.000000
4160.000000,-0.413086,0.144531,0.905273,416.000000,-0.200272,0.526428,0.064850,416.000000,16.349960,-24.450012,-100.500000,416.000000
4170.000000,-0.415039,0.150391,0.899414,417.000000,0.284195,0.160217,-0.297546,417.000000,15.899963,-24.450012,-100.500000,417.000000
4180.000000,-0.411621,0.133301,0.922851,418.000000,0.162125,-0.080109,-0.053406,418.000000,16.349960,-25.500000,-102.450012,418.000000
4190.000000,-0.413086,0.133789,0.906250,419.000000,0.284195,-0.263214,-0.419617,419.000000,16.349960,-24.450012,-100.500000,419.000000
4200.000000,-0.415039,0.137207,0.895019,420.000000,0.101089,0.099182,0.064850,420.000000,15.899963,-24.450012,-100.500000,420.000000
4210.000000,-0.416016,0.139160,0.898437,421.000000,0.162125,0.160217,-0.175476,421.000000,16.949966,-25.800003,-100.200012,421.000000
4220.000000,-0.421387,0.135254,0.899414,422.000000,-0.139236,-0.263214,-0.419617,422.000000,16.949966,-26.550003,-101.250000,422.000000
4230.000000,-0.412598,0.123047,0.894531,423.000000,0.467300,-0.019073,-0.053406,423.000000,16.049957,-26.550003,-101.250000,423.000000
4240.000000,-0.413574,0.120117,0.903808,424.000000,0.162125,0.099182,-0.114441,424.000000,16.199966,-25.650009,-102.900009,424.000000
4250.000000,-0.415039,0.129883,0.900879,425.000000,-0.017166,-0.324249,-0.053406,425.000000,16.199966,-25.050003,-101.700012,425.000000
4260.000000,-0.410644,0.143066,0.891601,426.000000,0.040054,0.221252,-0.602722,426.000000,16.049957,-25.050003,-101.700012,426.000000
4270.000000,-0.409668,0.131836,0.904785,427.000000,-0.261307,0.221252,-0.297546,427.000000,15.899963,-26.700012,-101.100006,427.000000
4280.000000,-0.416504,0.130859,0.916504,428.000000,0.345230,0.282288,-0.053406,428.000000,17.549957,-25.050003,-101.250000,428.000000
4290.000000,-0.416016,0.130371,0.904785,429.000000,0.040054,-0.385284,0.431061,429.000000,16.349960,-25.650009,-101.100006,429.000000
4300.000000,-0.414551,0.140137,0.908691,430.000000,0.101089,0.770569,-0.236511,430.000000,16.949966,-26.400009,-102.600006,430.000000
4310.000000,-0.410156,0.138672,0.895508,431.000000,-0.078201,-0.446320,0.125885,431.000000,16.949966,-28.050003,-101.700012,431.000000
4320.000000,-0.419434,0.132812,0.906250,432.000000,0.284195,0.099182,0.553131,432.000000,17.699966,-28.050003,-101.700012,432.000000
4330.000000,-0.422851,0.134766,0.909668,433.000000,0.162125,-0.019073,0.431061,433.000000,16.349960,-25.050003,-102.450012,433.000000
4340.000000,-0.416504,0.137207,0.899902,434.000000,-0.322342,0.282288,0.308990,434.000000,16.349960,-25.650009,-101.850006,434.000000
4350.000000,-0.414062,0.126953,0.903808,435.000000,0.162125,-0.019073,0.186920,435.000000,16.949966,-25.650009,-101.850006,435.000000
4360.000000,-0.400879,0.122070,0.903320,436.000000,0.406265,0.038147,-0.053406,436.000000,16.649963,-24.750000,-101.700012,436.000000
4370.000000,-0.416992,0.140625,0.901855,437.000000,-0.139236,0.099182,-0.602722,437.000000,16.649963,-25.050003,-100.200012,437.000000
4380.000000,-0.413086,0.142578,0.901367,438.000000,0.223160,0.221252,-0.236511,438.000000,16.049957,-25.050003,-100.200012,438.000000
4390.000000,-0.419434,0.143555,0.902832,439.000000,0.467300,0.282288,0.675201,439.000000,18.449966,-25.950012,-101.850006,439.000000
4400.000000,-0.406250,0.135254,0.916504,440.000000,-0.322342,-0.080109,0.736237,440.000000,18.449966,-24.750000,-100.950012,440.000000
4410.000000,-0.406250,0.145508,0.897949,441.000000,-0.322342,0.221252,0.370026,441.000000,16.349960,-24.750000,-100.950012,441.000000
4420.000000,-0.411133,0.135254,0.905273,442.000000,0.345230,-0.324249,-0.175476,442.000000,16.349960,-25.950012,-100.050003,442.000000
4430.000000,-0.416016,0.136230,0.897461,443.000000,0.040054,-0.324249,0.186920,443.000000,16.349960,-28.200012,-102.150009,443.000000
4440.000000,-0.400879,0.135254,0.901367,444.000000,0.223160,0.099182,-0.114441,444.000000,17.249954,-28.200012,-102.150009,444.000000
4450.000000,-0.408691,0.131836,0.886719,445.000000,0.040054,0.526428,-0.114441,445.000000,16.949966,-26.250000,-102.000000,445.000000
4460.000000,-0.407226,0.131348,0.902832,446.000000,-0.749588,0.770569,0.003815,446.000000,15.899963,-26.550003,-102.000000,446.000000
4470.000000,-0.415527,0.138672,0.900390,447.000000,0.589371,0.953674,0.308990,447.000000,15.899963,-26.550003,-101.250000,447.000000
4480.000000,-0.416504,0.138184,0.906250,448.000000,0.284195,0.709534,-0.053406,448.000000,17.849960,-26.550003,-101.250000,448.000000
4490.000000,-0.418457,0.125488,0.905273,449.000000,0.406265,0.404358,-0.114441,449.000000,16.949966,-26.700012,-102.150009,449.000000
4500.000000,-0.412598,0.130371,0.905761,450.000000,-0.017166,0.099182,-0.297546,450.000000,16.949966,-26.250000,-101.250000,450.000000
4510.000000,-0.415039,0.134766,0.912597,451.000000,0.101089,-0.385284,0.003815,451.000000,14.999954,-26.250000,-101.250000,451.000000
4520.000000,-0.424316,0.141113,0.897461,452.000000,-0.261307,0.099182,0.370026,452.000000,16.349960,-25.200012,-101.100006,452.000000
4530.000000,-0.411621,0.132812,0.902344,453.000000,-0.078201,-0.202179,0.431061,453.000000,16.349960,-26.400009,-102.150009,453.000000
4540.000000,-0.413086,0.135254,0.900390,454.000000,0.345230,-0.263214,0.492096,454.000000,17.249954,-26.400009,-102.150009,454.000000
4550.000000,-0.422851,0.143555,0.904297,455.000000,-0.383377,-0.202179,0.247955,455.000000,16.199966,-26.550003,-102.450012,455.000000
4560.000000,-0.420410,0.136230,0.910156,456.000000,0.223160,-0.080109,0.492096,456.000000,16.199966,-27.300003,-100.650009,456.000000
4570.000000,-0.415527,0.129395,0.892578,457.000000,0.711441,-1.056671,0.553131,457.000000,16.049957,-27.300003,-100.650009,457.000000
4580.000000,-0.414062,0.131836,0.911133,458.000000,0.467300,-0.385284,0.064850,458.000000,16.049957,-26.400009,-101.550003,458.000000
4590.000000,-0.417480,0.136719,0.915527,459.000000,-0.139236,-0.690460,0.553131,459.000000,15.149963,-26.400009,-101.550003,459.000000
4600.000000,-0.424316,0.134766,0.911133,460.000000,-0.078201,-0.324249,0.064850,460.000000,16.349960,-24.750000,-100.200012,460.000000
4610.000000,-0.425293,0.141113,0.911133,461.000000,-0.200272,-0.019073,0.247955,461.000000,16.649963,-25.650009,-100.500000,461.000000
4620.000000,-0.417969,0.127441,0.915527,462.000000,0.406265,0.221252,-0.358582,462.000000,16.649963,-26.250000,-100.950012,462.000000
4630.000000,-0.408691,0.135742,0.902832,463.000000,0.406265,-0.324249,-0.724792,463.000000,16.649963,-26.250000,-100.950012,463.000000
4640.000000,-0.418945,0.125488,0.901367,464.000000,0.772476,-0.446320,0.003815,464.000000,16.949966,-25.800003,-100.950012,464.000000
4650.000000,-0.399414,0.134277,0.901855,465.000000,0.162125,-0.629425,0.064850,465.000000,16.949966,-26.250000,-100.200012,465.000000
4660.000000,-0.416504,0.144043,0.900879,466.000000,0.284195,-0.507355,0.186920,466.000000,16.949966,-26.250000,-100.200012,466.000000
4670.000000,-0.418457,0.145020,0.913574,467.000000,0.284195,0.099182,0.186920,467.000000,16.649963,-27.000000,-101.700012,467.000000
4680.000000,-0.401855,0.135254,0.899414,468.000000,0.162125,-0.568390,-0.297546,468.000000,16.649963,-26.250000,-100.950012,468.000000
4690.000000,-0.397949,0.149902,0.904297,469.000000,-0.078201,0.160217,0.125885,469.000000,15.749954,-26.250000,-100.950012,469.000000
4700.000000,-0.418457,0.138184,0.894531,470.000000,-0.017166,-0.080109,0.186920,470.000000,16.799957,-25.950012,-101.550003,470.000000
4710.000000,-0.413086,0.137695,0.900879,471.000000,0.284195,-0.263214,0.064850,471.000000,16.799957,-24.900009,-102.150009,471.000000
4720.000000,-0.402344,0.129883,0.912109,472.000000,0.528336,-0.324249,0.003815,472.000000,17.699966,-24.900009,-102.150009,472.000000
4730.000000,-0.411621,0.135254,0.900879,473.000000,0.833511,0.099182,-0.175476,473.000000,16.799957,-25.800003,-100.650009,473.000000
4740.000000,-0.404785,0.130859,0.908691,474.000000,0.894547,-0.080109,0.064850,474.000000,16.799957,-25.650009,-101.850006,474.000000
4750.000000,-0.409668,0.131348,0.908691,475.000000,0.223160,0.099182,0.247955,475.000000,15.749954,-25.650009,-101.850006,475.000000
4760.000000,-0.417969,0.125977,0.897949,476.000000,0.223160,-0.263214,-0.541687,476.000000,16.199966,-25.200012,-100.050003,476.000000
4770.000000,-0.406250,0.139648,0.907715,477.000000,0.406265,-0.080109,-0.114441,477.000000,15.749954,-23.550003,-101.250000,477.000000
4780.000000,-0.400391,0.142578,0.898437,478.000000,0.345230,0.282288,0.186920,478.000000,15.749954,-24.450012,-99.750000,478.000000
4790.000000,-0.418945,0.142578,0.898926,479.000000,0.284195,-0.141144,-0.114441,479.000000,17.099960,-24.450012,-99.750000,479.000000
4800.000000,-0.401855,0.125000,0.893554,480.000000,0.223160,-0.141144,0.125885,480.000000,17.099960,-24.900009,-100.800003,480.000000
4810.000000,-0.412109,0.145508,0.887207,481.000000,0.162125,0.038147,-0.053406,481.000000,17.099960,-26.700012,-101.100006,481.000000
4820.000000,-0.409668,0.138184,0.897949,482.000000,0.223160,0.587463,0.125885,482.000000,16.349960,-26.700012,-101.100006,482.000000
4830.000000,-0.423340,0.126465,0.909668,483.000000,0.223160,0.099182,-0.114441,483.000000,18.149963,-26.400009,-101.550003,483.000000
4840.000000,-0.407715,0.134766,0.902344,484.000000,-0.505447,0.465393,0.064850,484.000000,18.149963,-25.650009,-100.500000,484.000000
4850.000000,-0.425293,0.137207,0.900390,485.000000,0.162125,0.221252,0.675201,485.000000,16.349960,-25.650009,-100.500000,485.000000
4860.000000,-0.428223,0.142578,0.903320,486.000000,0.284195,0.282288,0.431061,486.000000,16.799957,-28.650009,-101.550003,486.000000
4870.000000,-0.416016,0.136719,0.906250,487.000000,0.223160,-0.019073,0.003815,487.000000,16.649963,-25.950012,-100.050003,487.000000
4880.000000,-0.403320,0.132324,0.909179,488.000000,-0.383377,-0.446320,-0.663757,488.000000,17.249954,-25.500000,-99.600006,488.000000
4890.000000,-0.401367,0.132812,0.899902,489.000000,-0.200272,-0.751495,0.431061,489.000000,17.249954,-25.050003,-101.700012,489.000000
4900.000000,-0.409668,0.125977,0.907226,490.000000,-0.200272,0.038147,0.125885,490.000000,16.649963,-25.050003,-101.700012,490.000000
4910.000000,-0.418945,0.121094,0.895019,491.000000,0.101089,0.648499,0.247955,491.000000,16.649963,-26.250000,-100.200012,491.000000
4920.000000,-0.416504,0.134277,0.899902,492.000000,-0.505447,0.038147,0.247955,492.000000,17.099960,-25.500000,-101.250000,492.000000
4930.000000,-0.400391,0.133301,0.905273,493.000000,-0.505447,0.160217,-0.358582,493.000000,17.099960,-25.950012,-99.300003,493.000000
4940.000000,-0.396973,0.139160,0.898926,494.000000,-0.932693,0.343323,0.064850,494.000000,14.849960,-25.950012,-99.300003,494.000000
4950.000000,-0.413086,0.139648,0.905273,495.000000,-0.078201,0.526428,0.308990,495.000000,15.749954,-26.550003,-101.700012,495.000000
4960.000000,-0.412109,0.135254,0.908691,496.000000,0.162125,0.465393,-0.114441,496.000000,15.749954,-24.900009,-100.050003,496.000000
4970.000000,-0.410644,0.143555,0.905273,497.000000,-0.200272,-0.202179,0.064850,497.000000,15.899963,-24.900009,-100.050003,497.000000
4980.000000,-0.412598,0.134766,0.895996,498.000000,0.040054,-0.141144,-0.114441,498.000000,16.199966,-25.050003,-101.250000,498.000000
4990.000000,-0.407226,0.125977,0.911621,499.000000,-0.139236,-0.080109,0.003815,499.000000,16.199966,-25.050003,-99.900009,499.000000
5000.000000,-0.406738,0.127441,0.924804,500.000000,-0.200272,-0.019073,-0.297546,500.000000,16.049957,-25.050003,-99.900009,500.000000
5010.000000,-0.422851,0.140137,0.903320,501.000000,-0.688553,0.099182,0.186920,501.000000,16.649963,-25.950012,-101.850006,501.000000
5020.000000,-0.415527,0.139648,0.887695,502.000000,-0.688553,-0.141144,0.064850,502.000000,16.649963,-24.750000,-103.500000,502.000000
5030.000000,-0.415527,0.144043,0.912109,503.000000,-0.017166,0.099182,-0.114441,503.000000,16.949966,-24.750000,-103.500000,503.000000
5040.000000,-0.413574,0.124023,0.905761,504.000000,-0.139236,0.038147,-0.236511,504.000000,16.649963,-27.000000,-102.000000,504.000000
5050.000000,-0.410156,0.134277,0.903808,505.000000,-0.078201,0.099182,-0.114441,505.000000,16.649963,-26.550003,-100.950012,505.000000
5060.000000,-0.415039,0.145020,0.901855,506.000000,-0.139236,0.709534,0.003815,506.000000,17.699966,-26.550003,-100.950012,506.000000
5070.000000,-0.419922,0.127441,0.900879,507.000000,0.467300,0.099182,-0.297546,507.000000,16.949966,-25.800003,-100.950012,507.000000
5080.000000,-0.429199,0.135742,0.895508,508.000000,-0.078201,0.099182,-0.297546,508.000000,16.649963,-26.550003,-100.650009,508.000000
5090.000000,-0.415527,0.140625,0.893554,509.000000,0.223160,0.648499,-0.053406,509.000000,16.649963,-27.300003,-101.250000,509.000000
5100.000000,-0.405762,0.134277,0.900879,510.000000,0.284195,0.587463,-0.236511,510.000000,17.099960,-27.300003,-101.250000,510.000000
5110.000000,-0.411621,0.135254,0.913574,511.000000,0.162125,0.160217,-0.297546,511.000000,17.549957,-25.650009,-101.850006,511.000000
5120.000000,-0.402832,0.125488,0.894043,512.000000,-0.017166,-0.080109,0.308990,512.000000,17.549957,-25.650009,-101.850006,512.000000
5130.000000,-0.408203,0.138672,0.906250,513.000000,-0.078201,0.282288,-0.053406,513.000000,16.349960,-25.650009,-101.850006,513.000000
5140.000000,-0.406738,0.131836,0.905273,514.000000,-0.139236,0.099182,0.308990,514.000000,17.549957,-25.950012,-100.050003,514.000000
5150.000000,-0.408691,0.133301,0.894043,515.000000,-0.017166,0.282288,-0.114441,515.000000,17.549957,-27.450012,-101.100006,515.000000
5160.000000,-0.407715,0.130859,0.901855,516.000000,0.284195,-0.019073,0.064850,516.000000,16.799957,-27.450012,-101.100006,516.000000
5170.000000,-0.422851,0.131836,0.891601,517.000000,0.345230,-0.263214,0.003815,517.000000,15.449966,-25.950012,-100.500000,517.000000
5180.000000,-0.405762,0.139648,0.895508,518.000000,0.162125,-0.141144,-0.419617,518.000000,17.999954,-25.050003,-101.700012,518.000000
5190.000000,-0.412109,0.139648,0.915039,519.000000,0.223160,-0.019073,0.125885,519.000000,16.949966,-24.750000,-99.900009,519.000000
5200.000000,-0.402832,0.119629,0.899902,520.000000,0.406265,-0.202179,0.186920,520.000000,16.949966,-27.300003,-102.000000,520.000000
5210.000000,-0.408691,0.141113,0.914062,521.000000,-0.200272,0.221252,0.003815,521.000000,17.549957,-27.300003,-102.000000,521.000000
5220.000000,-0.412109,0.138184,0.895996,522.000000,-0.078201,-0.080109,0.614166,522.000000,17.849960,-25.200012,-101.550003,522.000000
5230.000000,-0.422363,0.127441,0.903320,523.000000,-0.627518,-0.019073,0.247955,523.000000,17.549957,-25.950012,-101.550003,523.000000
5240.000000,-0.408203,0.138672,0.900879,524.000000,-0.444412,0.282288,0.003815,524.000000,17.549957,-25.950012,-100.800003,524.000000
5250.000000,-0.421875,0.128418,0.892578,525.000000,-0.383377,0.587463,-0.114441,525.000000,17.099960,-25.950012,-100.800003,525.000000
5260.000000,-0.430664,0.127441,0.895508,526.000000,-0.078201,0.160217,0.125885,526.000000,17.099960,-25.200012,-101.550003,526.000000
5270.000000,-0.415039,0.124512,0.891601,527.000000,-0.017166,-0.202179,0.064850,527.000000,17.099960,-25.200012,-100.500000,527.000000
5280.000000,-0.406738,0.124512,0.900879,528.000000,0.040054,0.343323,-0.053406,528.000000,16.049957,-25.200012,-100.500000,528.000000
5290.000000,-0.413574,0.130859,0.899902,529.000000,-0.383377,-0.751495,0.247955,529.000000,15.749954,-25.200012,-101.550003,529.000000
5300.000000,-0.406250,0.126465,0.896484,530.000000,0.223160,0.099182,0.064850,530.000000,15.749954,-27.150009,-102.150009,530.000000
5310.000000,-0.420898,0.127930,0.912109,531.000000,0.467300,0.099182,0.003815,531.000000,17.249954,-27.150009,-102.150009,531.000000
5320.000000,-0.411133,0.139160,0.910156,532.000000,-0.200272,0.099182,-0.175476,532.000000,16.949966,-25.800003,-99.900009,532.000000
5330.000000,-0.414062,0.130371,0.917480,533.000000,-0.261307,-0.202179,0.186920,533.000000,16.949966,-27.000000,-100.950012,533.000000
5340.000000,-0.419922,0.129395,0.900390,534.000000,0.101089,-0.446320,-0.297546,534.000000,15.749954,-27.000000,-100.950012,534.000000
5350.000000,-0.400879,0.127930,0.901367,535.000000,-0.078201,0.160217,-0.175476,535.000000,16.349960,-26.700012,-100.500000,535.000000
5360.000000,-0.402344,0.136230,0.900390,536.000000,-0.261307,0.160217,0.186920,536.000000,16.349960,-25.200012,-101.100006,536.000000
5370.000000,-0.411133,0.141602,0.899902,537.000000,-0.017166,-0.141144,0.125885,537.000000,17.249954,-25.200012,-101.100006,537.000000
5380.000000,-0.415527,0.132324,0.892578,538.000000,-0.017166,-0.263214,0.308990,538.000000,16.799957,-25.500000,-101.250000,538.000000
5390.000000,-0.413574,0.118652,0.909668,539.000000,0.467300,-0.202179,0.247955,539.000000,16.799957,-24.450012,-100.500000,539.000000
5400.000000,-0.406738,0.140137,0.900390,540.000000,0.711441,-0.202179,-0.175476,540.000000,16.649963,-24.450012,-100.500000,540.000000
5410.000000,-0.418945,0.134766,0.907226,541.000000,0.040054,-0.141144,-0.236511,541.000000,15.899963,-25.500000,-101.250000,541.000000
5420.000000,-0.416016,0.132324,0.910156,542.000000,0.711441,0.587463,-0.480652,542.000000,15.899963,-25.800003,-100.950012,542.000000
5430.000000,-0.417969,0.132812,0.892578,543.000000,-0.078201,-0.141144,0.247955,543.000000,16.049957,-25.800003,-100.950012,543.000000
5440.000000,-0.428223,0.135254,0.907715,544.000000,-0.078201,-0.507355,-0.236511,544.000000,15.449966,-25.650009,-101.550003,544.000000
5450.000000,-0.414062,0.141602,0.900879,545.000000,-0.322342,-0.202179,-0.114441,545.000000,15.449966,-25.800003,-100.950012,545.000000
5460.000000,-0.423828,0.137695,0.901855,546.000000,-0.078201,0.282288,0.125885,546.000000,17.699966,-25.800003,-100.950012,546.000000
5470.000000,-0.423828,0.140625,0.897949,547.000000,-0.139236,0.526428,-0.053406,547.000000,16.949966,-26.550003,-100.950012,547.000000
5480.000000,-0.408203,0.130859,0.913574,548.000000,0.101089,0.282288,0.492096,548.000000,16.949966,-26.250000,-100.950012,548.000000
5490.000000,-0.414551,0.146973,0.900390,549.000000,-0.139236,0.099182,0.492096,549.000000,16.949966,-26.250000,-100.950012,549.000000
5500.000000,-0.418457,0.134766,0.905761,550.000000,0.284195,-0.019073,1.041412,550.000000,17.549957,-27.300003,-100.950012,550.000000
5510.000000,-0.425781,0.126465,0.904785,551.000000,-0.017166,-0.080109,0.003815,551.000000,17.549957,-27.450012,-100.800003,551.000000
5520.000000,-0.409180,0.133301,0.912597,552.000000,0.162125,-1.117706,0.308990,552.000000,15.749954,-27.450012,-100.800003,552.000000
5530.000000,-0.405762,0.139160,0.900390,553.000000,0.345230,-0.568390,-0.175476,553.000000,16.799957,-25.200012,-100.800003,553.000000
5540.000000,-0.398926,0.138672,0.906250,554.000000,-0.322342,-1.239777,0.247955,554.000000,16.049957,-25.950012,-101.100006,554.000000
5550.000000,-0.396973,0.136230,0.897949,555.000000,-0.444412,-0.324249,0.247955,555.000000,16.049957,-26.400009,-100.800003,555.000000
5560.000000,-0.398926,0.135742,0.890136,556.000000,-0.017166,0.343323,-0.236511,556.000000,16.349960,-26.400009,-100.800003,556.000000
5570.000000,-0.400391,0.118652,0.895508,557.000000,0.040054,0.099182,0.308990,557.000000,16.349960,-26.700012,-102.150009,557.000000
5580.000000,-0.436035,0.133789,0.891113,558.000000,0.589371,0.465393,-0.053406,558.000000,16.349960,-26.400009,-102.150009,558.000000
5590.000000,-0.413086,0.138672,0.912109,559.000000,0.223160,0.404358,-0.236511,559.000000,16.649963,-26.400009,-102.150009,559.000000
5600.000000,-0.402344,0.141113,0.914062,560.000000,0.406265,-0.080109,-0.724792,560.000000,16.949966,-26.250000,-100.650009,560.000000
5610.000000,-0.412598,0.140137,0.904297,561.000000,0.406265,0.038147,-0.053406,561.000000,16.949966,-25.050003,-101.250000,561.000000
5620.000000,-0.416992,0.140625,0.893066,562.000000,0.284195,-0.080109,-0.419617,562.000000,15.299957,-25.050003,-101.250000,562.000000
5630.000000,-0.398437,0.130371,0.910644,563.000000,-0.200272,0.465393,0.247955,563.000000,18.149963,-26.400009,-100.800003,563.000000
5640.000000,-0.406738,0.135742,0.896972,564.000000,-0.017166,-0.080109,0.308990,564.000000,18.149963,-26.400009,-100.800003,564.000000
5650.000000,-0.404785,0.128906,0.897949,565.000000,-0.078201,0.099182,0.064850,565.000000,15.899963,-26.400009,-100.800003,565.000000
5660.000000,-0.417969,0.136230,0.889648,566.000000,0.223160,-0.324249,0.003815,566.000000,17.849960,-27.000000,-99.600006,566.000000
5670.000000,-0.422851,0.126465,0.896972,567.000000,0.406265,0.038147,0.492096,567.000000,17.849960,-25.950012,-101.550003,567.000000
5680.000000,-0.409180,0.133789,0.903320,568.000000,0.528336,-0.263214,0.553131,568.000000,16.199966,-25.950012,-101.550003,568.000000
5690.000000,-0.410644,0.134766,0.912109,569.000000,1.016617,-0.385284,0.370026,569.000000,16.799957,-25.800003,-102.450012,569.000000
5700.000000,-0.408203,0.134766,0.918457,570.000000,0.345230,-0.385284,-0.541687,570.000000,16.049957,-26.400009,-100.800003,570.000000
5710.000000,-0.408203,0.134277,0.897949,571.000000,0.040054,0.221252,-0.358582,571.000000,16.049957,-25.950012,-101.850006,571.000000
5720.000000,-0.398926,0.126465,0.902344,572.000000,0.467300,0.038147,0.125885,572.000000,17.549957,-25.950012,-101.850006,572.000000
5730.000000,-0.414062,0.133789,0.907226,573.000000,-0.017166,0.343323,0.064850,573.000000,16.949966,-25.650009,-100.050003,573.000000
5740.000000,-0.413086,0.120117,0.899414,574.000000,0.528336,0.587463,-0.236511,574.000000,16.949966,-26.250000,-100.650009,574.000000
5750.000000,-0.407715,0.128418,0.900390,575.000000,0.162125,0.648499,-0.175476,575.000000,17.549957,-26.250000,-100.650009,575.000000
5760.000000,-0.417480,0.133789,0.896972,576.000000,-0.078201,0.160217,-0.419617,576.000000,17.249954,-24.450012,-101.550003,576.000000
5770.000000,-0.411133,0.135742,0.902344,577.000000,0.406265,0.221252,0.125885,577.000000,16.049957,-26.550003,-100.950012,577.000000
5780.000000,-0.407226,0.145996,0.919433,578.000000,-0.261307,0.160217,0.370026,578.000000,16.949966,-25.950012,-101.550003,578.000000
5790.000000,-0.406738,0.125000,0.896972,579.000000,-0.444412,-0.019073,0.308990,579.000000,16.949966,-26.250000,-102.000000,579.000000
5800.000000,-0.414551,0.133301,0.902832,580.000000,0.345230,-0.385284,0.308990,580.000000,16.799957,-26.250000,-102.000000,580.000000
5810.000000,-0.417480,0.126953,0.894043,581.000000,0.101089,0.282288,0.064850,581.000000,15.899963,-26.400009,-102.900009,581.000000
5820.000000,-0.420410,0.135742,0.908203,582.000000,0.528336,0.099182,0.431061,582.000000,15.899963,-25.050003,-102.750000,582.000000
5830.000000,-0.419434,0.121094,0.905761,583.000000,0.040054,0.038147,-0.114441,583.000000,15.899963,-25.050003,-102.750000,583.000000
5840.000000,-0.411133,0.124023,0.904297,584.000000,0.406265,0.099182,0.247955,584.000000,16.649963,-26.550003,-102.450012,584.000000
5850.000000,-0.406250,0.137695,0.898437,585.000000,-0.200272,-0.141144,0.125885,585.000000,16.349960,-25.800003,-100.650009,585.000000
5860.000000,-0.411621,0.132324,0.903320,586.000000,0.223160,-0.019073,-0.236511,586.000000,16.349960,-25.650009,-100.800003,586.000000
5870.000000,-0.415039,0.133301,0.904785,587.000000,-0.078201,0.038147,-0.175476,587.000000,17.549957,-25.650009,-100.800003,587.000000
5880.000000,-0.404297,0.128418,0.912109,588.000000,0.162125,0.038147,-0.114441,588.000000,16.949966,-25.650009,-102.150009,588.000000
5890.000000,-0.418457,0.116211,0.902832,589.000000,-0.078201,-0.324249,-0.053406,589.000000,16.949966,-26.250000,-101.250000,589.000000
5900.000000,-0.407715,0.133789,0.905761,590.000000,-0.200272,0.099182,0.308990,590.000000,16.649963,-26.250000,-101.250000,590.000000
5910.000000,-0.411621,0.130371,0.898926,591.000000,-0.139236,0.160217,0.125885,591.000000,16.349960,-26.550003,-100.950012,591.000000
5920.000000,-0.415527,0.125977,0.900390,592.000000,-0.261307,0.160217,-0.236511,592.000000,16.349960,-27.150009,-102.150009,592.000000
5930.000000,-0.405273,0.139648,0.895019,593.000000,-0.017166,-0.019073,0.186920,593.000000,14.849960,-27.150009,-102.150009,593.000000
5940.000000,-0.405273,0.128418,0.905761,594.000000,-0.139236,0.160217,0.125885,594.000000,17.549957,-26.550003,-100.650009,594.000000
5950.000000,-0.414551,0.131836,0.902344,595.000000,0.528336,-0.141144,0.003815,595.000000,17.549957,-25.650009,-101.100006,595.000000
5960.000000,-0.419434,0.138672,0.891601,596.000000,-0.017166,-0.873566,0.186920,596.000000,17.099960,-25.650009,-101.100006,596.000000
5970.000000,-0.410644,0.121582,0.894043,597.000000,0.345230,0.221252,-0.358582,597.000000,16.649963,-25.650009,-102.150009,597.000000
5980.000000,-0.418457,0.136230,0.899902,598.000000,0.101089,-0.446320,0.492096,598.000000,16.649963,-26.550003,-101.250000,598.000000
5990.000000,-0.406250,0.133789,0.907715,599.000000,0.406265,-0.202179,0.675201,599.000000,17.699966,-26.550003,-101.250000,599.000000
6000.000000,-0.425781,0.127930,0.895508,600.000000,0.101089,0.160217,0.308990,600.000000,16.349960,-25.500000,-100.650009,600.000000
6010.000000,-0.402832,0.133789,0.910644,601.000000,-0.078201,0.038147,-0.053406,601.000000,16.349960,-26.400009,-100.500000,601.000000
6020.000000,-0.416992,0.134277,0.916992,602.000000,-0.444412,0.465393,-0.053406,602.000000,16.349960,-26.400009,-102.150009,602.000000
6030.000000,-0.416992,0.134766,0.899414,603.000000,0.284195,0.648499,-0.114441,603.000000,17.099960,-26.400009,-102.150009,603.000000
6040.000000,-0.416992,0.138672,0.894043,604.000000,0.040054,0.343323,-0.053406,604.000000,17.099960,-25.650009,-101.550003,604.000000
6050.000000,-0.421875,0.139648,0.903320,605.000000,0.833511,0.221252,-0.114441,605.000000,17.099960,-27.150009,-102.150009,605.000000
6060.000000,-0.416016,0.139648,0.906738,606.000000,0.345230,-0.324249,-0.053406,606.000000,17.099960,-27.150009,-102.150009,606.000000
6070.000000,-0.415039,0.138184,0.906738,607.000000,0.223160,-0.080109,-0.114441,607.000000,16.799957,-27.450012,-101.100006,607.000000
6080.000000,-0.415527,0.137695,0.904785,608.000000,0.162125,0.099182,-0.053406,608.000000,16.199966,-25.200012,-101.850006,608.000000
6090.000000,-0.402344,0.139160,0.910156,609.000000,-0.139236,-0.019073,-0.175476,609.000000,16.349960,-26.550003,-101.700012,609.000000
6100.000000,-0.409180,0.139160,0.902832,610.000000,-0.200272,-0.080109,-0.114441,610.000000,16.349960,-25.950012,-102.600006,610.000000
6110.000000,-0.412598,0.132324,0.901367,611.000000,-0.566483,0.526428,0.431061,611.000000,17.099960,-25.950012,-102.600006,611.000000
6120.000000,-0.417480,0.138672,0.900390,612.000000,0.528336,-0.263214,0.064850,612.000000,16.049957,-26.700012,-101.550003,612.000000
6130.000000,-0.423828,0.133789,0.894043,613.000000,0.223160,0.465393,-0.114441,613.000000,16.049957,-25.650009,-100.500000,613.000000
6140.000000,-0.406250,0.125977,0.895508,614.000000,0.162125,0.160217,0.431061,614.000000,16.049957,-25.650009,-100.500000,614.000000
6150.000000,-0.412598,0.119629,0.907226,615.000000,-0.139236,-0.019073,-0.480652,615.000000,17.999954,-24.900009,-100.050003,615.000000
6160.000000,-0.418457,0.128418,0.899902,616.000000,-0.139236,-0.690460,-0.053406,616.000000,16.049957,-27.300003,-101.700012,616.000000
6170.000000,-0.402344,0.142578,0.892578,617.000000,0.162125,0.160217,-0.053406,617.000000,16.049957,-24.900009,-101.100006,617.000000
6180.000000,-0.416504,0.146973,0.903808,618.000000,0.345230,0.160217,0.125885,618.000000,15.749954,-24.900009,-101.100006,618.000000
6190.000000,-0.416504,0.136719,0.904785,619.000000,0.040054,0.343323,0.003815,619.000000,17.549957,-25.950012,-100.500000,619.000000
6200.000000,-0.433594,0.137207,0.897949,620.000000,0.101089,0.465393,0.064850,620.000000,17.549957,-26.400009,-100.500000,620.000000
6210.000000,-0.423828,0.127930,0.908691,621.000000,0.040054,-0.568390,-0.175476,621.000000,17.699966,-26.400009,-100.500000,621.000000
6220.000000,-0.412109,0.128906,0.889160,622.000000,0.101089,-0.385284,0.125885,622.000000,16.649963,-27.000000,-100.200012,622.000000
6230.000000,-0.417969,0.136230,0.904785,623.000000,0.772476,-0.385284,0.125885,623.000000,16.649963,-24.750000,-102.000000,623.000000
6240.000000,-0.418945,0.121094,0.893554,624.000000,0.162125,0.404358,0.308990,624.000000,16.049957,-24.750000,-102.000000,624.000000
6250.000000,-0.409180,0.127930,0.898926,625.000000,0.406265,-0.019073,0.308990,625.000000,16.349960,-25.950012,-102.600006,625.000000
6260.000000,-0.411621,0.130371,0.895508,626.000000,0.040054,0.038147,-0.114441,626.000000,16.349960,-25.950012,-101.100006,626.000000
6270.000000,-0.419434,0.140137,0.901367,627.000000,-0.078201,0.160217,0.370026,627.000000,16.049957,-25.950012,-101.100006,627.000000
6280.000000,-0.416504,0.144043,0.906738,628.000000,-0.078201,-0.507355,0.064850,628.000000,16.199966,-25.650009,-102.600006,628.000000
6290.000000,-0.416992,0.140625,0.903808,629.000000,-0.139236,0.099182,-0.175476,629.000000,16.199966,-26.250000,-100.950012,629.000000
6300.000000,-0.408691,0.142090,0.900879,630.000000,0.162125,0.282288,0.003815,630.000000,16.649963,-26.250000,-100.950012,630.000000
6310.000000,-0.415527,0.136230,0.896972,631.000000,0.345230,-0.324249,-0.175476,631.000000,15.299957,-25.050003,-100.950012,631.000000
6320.000000,-0.413574,0.136719,0.898926,632.000000,0.162125,0.099182,0.186920,632.000000,15.299957,-24.450012,-101.100006,632.000000
6330.000000,-0.415039,0.124023,0.895996,633.000000,-0.261307,-0.263214,0.064850,633.000000,17.549957,-24.450012,-101.100006,633.000000
6340.000000,-0.408691,0.131348,0.901367,634.000000,0.406265,0.038147,-0.175476,634.000000,16.349960,-25.650009,-101.100006,634.000000
6350.000000,-0.413086,0.128906,0.894043,635.000000,-0.261307,-0.019073,-0.114441,635.000000,16.349960,-25.950012,-101.100006,635.000000
6360.000000,-0.401855,0.119629,0.913086,636.000000,0.101089,0.282288,-0.480652,636.000000,15.899963,-25.950012,-101.100006,636.000000
6370.000000,-0.400391,0.125977,0.912109,637.000000,0.223160,0.038147,-0.053406,637.000000,17.249954,-25.500000,-100.650009,637.000000
6380.000000,-0.420898,0.117187,0.898926,638.000000,0.284195,-0.080109,0.064850,638.000000,17.249954,-25.050003,-101.250000,638.000000
6390.000000,-0.401367,0.131348,0.897949,639.000000,1.077652,0.099182,-0.053406,639.000000,16.049957,-25.050003,-101.250000,639.000000
6400.000000,-0.419922,0.133301,0.903320,640.000000,-0.078201,-0.202179,-0.419617,640.000000,15.749954,-25.950012,-101.550003,640.000000
6410.000000,-0.418945,0.132324,0.909179,641.000000,0.284195,0.160217,-0.114441,641.000000,15.749954,-25.950012,-101.550003,641.000000
6420.000000,-0.418945,0.127441,0.896972,642.000000,-0.078201,-0.324249,0.308990,642.000000,16.949966,-25.950012,-101.550003,642.000000
6430.000000,-0.415527,0.130859,0.910644,643.000000,-0.627518,0.099182,0.492096,643.000000,16.949966,-26.550003,-101.250000,643.000000
6440.000000,-0.419434,0.127441,0.906738,644.000000,-0.261307,-0.080109,0.492096,644.000000,16.949966,-25.500000,-101.250000,644.000000
6450.000000,-0.413086,0.132812,0.906250,645.000000,-0.017166,-0.324249,-0.053406,645.000000,16.649963,-25.500000,-101.250000,645.000000
6460.000000,-0.424316,0.138184,0.910644,646.000000,0.040054,-0.690460,0.553131,646.000000,14.999954,-24.000000,-100.200012,646.000000
6470.000000,-0.408203,0.138672,0.897949,647.000000,0.223160,-0.446320,0.308990,647.000000,16.649963,-25.650009,-100.800003,647.000000
6480.000000,-0.404297,0.142578,0.906738,648.000000,-0.200272,-0.812531,0.125885,648.000000,16.649963,-25.050003,-99.600006,648.000000
6490.000000,-0.405273,0.118164,0.893554,649.000000,-0.322342,-0.263214,0.064850,649.000000,16.199966,-25.050003,-99.600006,649.000000
6500.000000,-0.405762,0.145020,0.898926,650.000000,0.284195,-0.019073,0.308990,650.000000,16.049957,-25.800003,-100.950012,650.000000
6510.000000,-0.397949,0.136719,0.901855,651.000000,-0.017166,-0.385284,-0.236511,651.000000,16.049957,-26.400009,-101.100006,651.000000
6520.000000,-0.417969,0.134766,0.894531,652.000000,-0.139236,-0.446320,-0.053406,652.000000,16.049957,-26.400009,-101.100006,652.000000
6530.000000,-0.413086,0.145996,0.896484,653.000000,0.040054,0.221252,0.308990,653.000000,17.249954,-26.700012,-102.150009,653.000000
6540.000000,-0.414551,0.136719,0.900879,654.000000,0.345230,0.343323,-0.480652,654.000000,17.249954,-25.050003,-100.650009,654.000000
6550.000000,-0.406250,0.134766,0.904785,655.000000,0.040054,0.282288,-0.175476,655.000000,15.149963,-25.050003,-100.650009,655.000000
6560.000000,-0.406738,0.133301,0.910156,656.000000,0.040054,-0.141144,-0.419617,656.000000,15.449966,-26.250000,-101.700012,656.000000
6570.000000,-0.407715,0.139648,0.907226,657.000000,-0.261307,0.099182,-0.053406,657.000000,15.449966,-25.800003,-101.250000,657.000000
6580.000000,-0.414062,0.132812,0.900879,658.000000,0.040054,-0.019073,-0.053406,658.000000,16.349960,-25.800003,-101.250000,658.000000
6590.000000,-0.430664,0.144043,0.910644,659.000000,-0.444412,0.160217,0.003815,659.000000,16.199966,-27.150009,-101.850006,659.000000
6600.000000,-0.423340,0.136719,0.904785,660.000000,0.162125,-0.019073,-0.053406,660.000000,16.199966,-26.550003,-102.000000,660.000000
6610.000000,-0.407226,0.137695,0.891601,661.000000,-0.383377,-0.080109,0.125885,661.000000,16.349960,-26.550003,-102.000000,661.000000
6620.000000,-0.408203,0.128418,0.902832,662.000000,-0.444412,-0.202179,-0.175476,662.000000,15.449966,-24.900009,-101.100006,662.000000
6630.000000,-0.411621,0.127930,0.903320,663.000000,0.162125,0.038147,0.125885,663.000000,15.449966,-26.550003,-102.450012,663.000000
6640.000000,-0.418945,0.130859,0.903808,664.000000,0.467300,0.343323,0.064850,664.000000,15.449966,-23.250000,-102.750000,664.000000
6650.000000,-0.416504,0.121582,0.899902,665.000000,0.711441,0.038147,-0.480652,665.000000,17.099960,-23.250000,-102.750000,665.000000
6660.000000,-0.418457,0.139160,0.898926,666.000000,0.528336,0.282288,0.003815,666.000000,15.899963,-25.950012,-100.800003,666.000000
6670.000000,-0.414062,0.130859,0.916015,667.000000,0.528336,0.587463,-0.053406,667.000000,15.749954,-25.800003,-102.450012,667.000000
6680.000000,-0.409180,0.138672,0.896972,668.000000,0.040054,0.526428,-0.175476,668.000000,16.199966,-27.900009,-101.100006,668.000000
6690.000000,-0.410644,0.148926,0.903808,669.000000,-0.261307,0.221252,0.247955,669.000000,16.199966,-27.000000,-100.950012,669.000000
6700.000000,-0.420410,0.140625,0.918457,670.000000,-0.444412,-0.019073,-0.541687,670.000000,15.899963,-27.000000,-100.950012,670.000000
6710.000000,-0.424316,0.127930,0.907226,671.000000,0.040054,-0.019073,-0.236511,671.000000,15.899963,-25.500000,-101.700012,671.000000
6720.000000,-0.426269,0.138672,0.909179,672.000000,0.040054,-0.202179,0.553131,672.000000,15.899963,-25.500000,-101.250000,672.000000
6730.000000,-0.415039,0.138672,0.903320,673.000000,-0.139236,0.221252,-0.053406,673.000000,14.849960,-25.500000,-101.250000,673.000000
6740.000000,-0.421387,0.133301,0.910156,674.000000,-0.322342,0.160217,0.125885,674.000000,15.749954,-25.500000,-100.200012,674.000000
6750.000000,-0.412598,0.127441,0.916992,675.000000,0.467300,0.038147,0.858307,675.000000,15.749954,-25.200012,-100.500000,675.000000
6760.000000,-0.408691,0.134277,0.903320,676.000000,0.467300,0.160217,0.675201,676.000000,17.249954,-25.200012,-100.500000,676.000000
6770.000000,-0.411621,0.131836,0.898437,677.000000,0.772476,0.221252,0.064850,677.000000,17.999954,-27.000000,-101.250000,677.000000
6780.000000,-0.409668,0.133301,0.890625,678.000000,0.345230,0.526428,-0.114441,678.000000,16.949966,-24.000000,-102.000000,678.000000
6790.000000,-0.416504,0.132812,0.893554,679.000000,0.101089,0.404358,0.247955,679.000000,16.949966,-26.550003,-100.650009,679.000000
6800.000000,-0.423828,0.128418,0.896484,680.000000,0.162125,0.221252,0.125885,680.000000,17.099960,-26.550003,-100.650009,680.000000
6810.000000,-0.417969,0.139648,0.893066,681.000000,0.467300,-0.019073,-0.114441,681.000000,15.449966,-25.200012,-102.150009,681.000000
6820.000000,-0.411621,0.116211,0.896484,682.000000,-0.200272,-0.202179,0.247955,682.000000,15.449966,-27.000000,-100.650009,682.000000
6830.000000,-0.419922,0.123535,0.896972,683.000000,-0.017166,0.038147,0.064850,683.000000,17.549957,-27.000000,-100.650009,683.000000
6840.000000,-0.417969,0.132324,0.906250,684.000000,0.040054,0.160217,0.247955,684.000000,16.949966,-24.900009,-102.150009,684.000000
6850.000000,-0.411621,0.135254,0.904785,685.000000,0.467300,0.282288,0.308990,685.000000,16.949966,-25.800003,-100.950012,685.000000
6860.000000,-0.411133,0.132324,0.896972,686.000000,-0.200272,0.343323,0.308990,686.000000,16.349960,-25.800003,-100.950012,686.000000
6870.000000,-0.421875,0.145508,0.900879,687.000000,0.162125,0.343323,0.431061,687.000000,16.649963,-27.150009,-101.850006,687.000000
6880.000000,-0.406738,0.128418,0.911621,688.000000,-0.261307,0.099182,0.308990,688.000000,16.649963,-25.800003,-100.950012,688.000000
6890.000000,-0.412109,0.148926,0.899414,689.000000,0.223160,0.526428,0.247955,689.000000,17.699966,-25.800003,-100.950012,689.000000
6900.000000,-0.416504,0.127930,0.903808,690.000000,0.650406,0.221252,0.186920,690.000000,16.049957,-25.050003,-101.250000,690.000000
6910.000000,-0.418457,0.127441,0.896972,691.000000,-0.261307,0.282288,0.247955,691.000000,16.049957,-25.650009,-101.550003,691.000000
6920.000000,-0.411133,0.134277,0.905273,692.000000,-0.505447,-0.019073,0.980377,692.000000,16.349960,-25.650009,-101.550003,692.000000
6930.000000,-0.402832,0.137695,0.890625,693.000000,-0.444412,0.282288,-0.480652,693.000000,15.899963,-26.400009,-101.550003,693.000000
6940.000000,-0.410644,0.140625,0.883789,694.000000,0.040054,-0.141144,0.308990,694.000000,17.999954,-27.000000,-101.250000,694.000000
6950.000000,-0.418457,0.131348,0.909179,695.000000,0.406265,0.709534,-0.114441,695.000000,17.999954,-26.250000,-102.000000,695.000000
6960.000000,-0.416992,0.139648,0.902832,696.000000,0.040054,0.404358,0.308990,696.000000,15.149963,-26.250000,-102.000000,696.000000
6970.000000,-0.413574,0.125000,0.909179,697.000000,0.345230,-0.202179,0.186920,697.000000,17.549957,-25.050003,-101.250000,697.000000
6980.000000,-0.419434,0.132324,0.899902,698.000000,-0.017166,0.038147,-0.907898,698.000000,16.949966,-25.200012,-101.550003,698.000000
6990.000000,-0.406738,0.135742,0.894531,699.000000,0.345230,-0.141144,0.125885,699.000000,16.049957,-26.250000,-100.650009,699.000000
7000.000000,-0.411133,0.139160,0.898437,700.000000,0.528336,-0.019073,-0.236511,700.000000,16.049957,-26.700012,-100.500000,700.000000
7010.000000,-0.430664,0.133301,0.902832,701.000000,0.040054,0.404358,-0.297546,701.000000,17.549957,-26.700012,-100.500000,701.000000
7020.000000,-0.416016,0.125977,0.893554,702.000000,0.223160,-0.202179,-0.236511,702.000000,17.099960,-26.400009,-100.800003,702.000000
7030.000000,-0.417480,0.127441,0.898926,703.000000,0.223160,0.221252,-0.114441,703.000000,17.099960,-25.950012,-100.500000,703.000000
7040.000000,-0.410644,0.132324,0.903808,704.000000,-0.017166,-0.446320,0.186920,704.000000,17.699966,-25.950012,-100.500000,704.000000
7050.000000,-0.416992,0.135742,0.899414,705.000000,0.040054,-0.019073,0.247955,705.000000,16.799957,-25.050003,-102.000000,705.000000
7060.000000,-0.417969,0.123047,0.897461,706.000000,-0.200272,-0.263214,0.125885,706.000000,16.799957,-23.850006,-101.550003,706.000000
7070.000000,-0.412109,0.132812,0.892090,707.000000,-0.566483,0.282288,-0.175476,707.000000,15.149963,-23.850006,-101.550003,707.000000
7080.000000,-0.407715,0.133301,0.899414,708.000000,0.589371,-0.080109,-0.053406,708.000000,17.549957,-24.750000,-101.700012,708.000000
7090.000000,-0.417480,0.127930,0.904297,709.000000,-0.261307,0.038147,0.186920,709.000000,16.049957,-26.400009,-100.800003,709.000000
7100.000000,-0.419922,0.136230,0.899902,710.000000,0.528336,0.404358,-0.663757,710.000000,16.049957,-25.950012,-101.850006,710.000000
7110.000000,-0.412598,0.132324,0.897461,711.000000,-0.383377,0.099182,0.492096,711.000000,16.049957,-25.950012,-101.850006,711.000000
7120.000000,-0.410644,0.125977,0.908203,712.000000,0.467300,-0.324249,-0.297546,712.000000,17.099960,-27.450012,-100.800003,712.000000
7130.000000,-0.409668,0.126465,0.900390,713.000000,0.030518,0.099182,-0.602722,713.000000,17.099960,-24.450012,-102.150009,713.000000
7140.000000,-0.406738,0.127930,0.893066,714.000000,0.762939,-0.120163,-0.028610,714.000000,15.899963,-24.450012,-102.150009,714.000000
7150.000000,-0.411133,0.128906,0.896972,715.000000,0.091553,-0.242233,-0.394821,715.000000,15.899963,-26.550003,-102.000000,715.000000
7160.000000,-0.415039,0.140625,0.896484,716.000000,0.152588,-0.059128,-0.272751,716.000000,15.899963,-25.050003,-101.250000,716.000000
7170.000000,-0.415039,0.123535,0.906250,717.000000,0.274658,-0.181198,-0.150681,717.000000,16.649963,-25.050003,-101.250000,717.000000
7180.000000,-0.417969,0.133789,0.908203,718.000000,-0.453949,-0.181198,-0.211716,718.000000,16.349960,-25.800003,-100.950012,718.000000
7190.000000,-0.415527,0.125977,0.900879,719.000000,-0.392914,-0.547409,0.028610,719.000000,16.349960,-25.650009,-101.850006,719.000000
7200.000000,-0.420898,0.141113,0.898926,720.000000,0.213623,-0.669479,0.577927,720.000000,16.949966,-25.650009,-101.850006,720.000000
7210.000000,-0.425293,0.130859,0.895508,721.000000,-0.209808,-0.364304,-0.150681,721.000000,17.249954,-25.500000,-102.450012,721.000000
7220.000000,-0.409180,0.124512,0.902344,722.000000,0.030518,-0.181198,0.211716,722.000000,17.249954,-25.050003,-101.250000,722.000000
7230.000000,-0.410644,0.134277,0.894043,723.000000,0.152588,0.000000,0.455856,723.000000,14.999954,-25.800003,-100.950012,723.000000
7240.000000,-0.411621,0.135254,0.921875,724.000000,0.396729,0.364304,-0.272751,724.000000,16.199966,-26.400009,-102.150009,724.000000
7250.000000,-0.411133,0.138184,0.896972,725.000000,-0.453949,0.303268,0.028610,725.000000,16.199966,-27.000000,-102.450012,725.000000
7260.000000,-0.401367,0.139648,0.908691,726.000000,0.213623,0.181198,-0.089645,726.000000,16.799957,-27.000000,-102.450012,726.000000
7270.000000,-0.421387,0.136719,0.902832,727.000000,0.335693,-0.242233,0.455856,727.000000,16.649963,-25.650009,-102.150009,727.000000
7280.000000,-0.414551,0.136719,0.906250,728.000000,-0.270844,-0.059128,0.455856,728.000000,16.649963,-25.800003,-100.200012,728.000000
7290.000000,-0.397461,0.138184,0.884765,729.000000,-0.270844,-0.730515,-0.028610,729.000000,17.249954,-25.800003,-100.200012,729.000000
7300.000000,-0.408691,0.130859,0.896484,730.000000,0.030518,-0.791550,-0.150681,730.000000,16.949966,-26.250000,-100.200012,730.000000
7310.000000,-0.395996,0.106445,0.906738,731.000000,0.335693,-0.242233,0.089645,731.000000,16.949966,-26.550003,-100.950012,731.000000
7320.000000,-0.400879,0.123047,0.902344,732.000000,0.152588,0.059128,-0.150681,732.000000,15.899963,-26.550003,-100.950012,732.000000
7330.000000,-0.412598,0.130859,0.905273,733.000000,-0.209808,-0.120163,-0.089645,733.000000,16.799957,-26.250000,-101.700012,733.000000
7340.000000,-0.417969,0.135254,0.905761,734.000000,0.274658,0.303268,0.089645,734.000000,16.799957,-26.400009,-100.800003,734.000000
7350.000000,-0.427246,0.120117,0.896972,735.000000,0.823975,-0.120163,-0.272751,735.000000,16.199966,-26.400009,-100.800003,735.000000
7360.000000,-0.420898,0.131348,0.896484,736.000000,0.213623,0.364304,-0.577927,736.000000,16.799957,-24.750000,-100.650009,736.000000
7370.000000,-0.404297,0.114258,0.907715,737.000000,0.091553,0.181198,-0.150681,737.000000,16.799957,-25.950012,-101.550003,737.000000
7380.000000,-0.408691,0.137207,0.908691,738.000000,0.030518,0.242233,0.028610,738.000000,15.299957,-25.950012,-101.550003,738.000000
7390.000000,-0.426758,0.123047,0.909179,739.000000,-0.087738,-0.486374,0.028610,739.000000,16.199966,-25.650009,-101.850006,739.000000
7400.000000,-0.414062,0.136230,0.902344,740.000000,-0.820160,-0.181198,0.211716,740.000000,16.049957,-24.300003,-100.650009,740.000000
7410.000000,-0.416504,0.123047,0.895508,741.000000,-0.453949,0.000000,0.638962,741.000000,16.049957,-25.950012,-101.100006,741.000000
7420.000000,-0.419922,0.127930,0.906250,742.000000,0.030518,-0.425339,0.394821,742.000000,18.449966,-25.950012,-101.100006,742.000000
7430.000000,-0.416504,0.136230,0.906738,743.000000,0.396729,-0.669479,0.333786,743.000000,15.449966,-25.050003,-101.700012,743.000000
7440.000000,-0.416016,0.124023,0.911621,744.000000,0.457764,-0.364304,0.150681,744.000000,15.449966,-25.500000,-99.900009,744.000000
7450.000000,-0.410644,0.142578,0.904297,745.000000,-0.026703,-0.852585,0.333786,745.000000,15.149963,-25.500000,-99.900009,745.000000
7460.000000,-0.419922,0.123047,0.900390,746.000000,-0.270844,-0.425339,0.028610,746.000000,16.349960,-25.500000,-101.700012,746.000000
7470.000000,-0.415527,0.143555,0.902832,747.000000,0.762939,-0.425339,0.150681,747.000000,16.349960,-25.650009,-101.850006,747.000000
7480.000000,-0.400391,0.126953,0.893554,748.000000,0.213623,-0.303268,0.150681,748.000000,15.449966,-25.650009,-101.850006,748.000000
7490.000000,-0.404297,0.140137,0.901855,749.000000,0.030518,-0.730515,0.089645,749.000000,17.849960,-25.800003,-100.950012,749.000000
7500.000000,-0.408691,0.139160,0.901855,750.000000,-0.209808,0.242233,-0.150681,750.000000,17.849960,-26.400009,-101.850006,750.000000
7510.000000,-0.399414,0.134277,0.913574,751.000000,0.030518,0.425339,-0.394821,751.000000,16.949966,-26.400009,-101.850006,751.000000
7520.000000,-0.427734,0.132324,0.910156,752.000000,0.335693,-0.120163,0.089645,752.000000,16.049957,-26.250000,-101.700012,752.000000
7530.000000,-0.413574,0.134766,0.902344,753.000000,0.579834,0.242233,-0.089645,753.000000,16.199966,-24.150009,-101.550003,753.000000
7540.000000,-0.420410,0.138184,0.906738,754.000000,-0.392914,0.120163,-0.089645,754.000000,16.949966,-27.000000,-100.650009,754.000000
7550.000000,-0.406250,0.121094,0.909668,755.000000,-0.514984,-0.242233,-0.089645,755.000000,18.149963,-27.000000,-101.250000,755.000000
7560.000000,-0.408203,0.137207,0.907715,756.000000,-0.209808,0.425339,0.089645,756.000000,18.149963,-25.650009,-100.500000,756.000000
7570.000000,-0.423340,0.141113,0.902344,757.000000,-0.698090,0.000000,-0.089645,757.000000,17.099960,-25.650009,-100.500000,757.000000
7580.000000,-0.408203,0.136719,0.905761,758.000000,0.091553,0.059128,0.516891,758.000000,17.999954,-26.700012,-102.150009,758.000000
7590.000000,-0.404297,0.138184,0.907226,759.000000,0.152588,-0.547409,-0.211716,759.000000,17.999954,-24.300003,-100.200012,759.000000
7600.000000,-0.413086,0.123047,0.898437,760.000000,0.335693,0.000000,-0.211716,760.000000,16.949966,-24.300003,-100.200012,760.000000
7610.000000,-0.406250,0.131348,0.907226,761.000000,0.396729,0.059128,-0.455856,761.000000,16.049957,-27.750000,-101.250000,761.000000
7620.000000,-0.412598,0.137695,0.901855,762.000000,0.823975,0.242233,0.272751,762.000000,16.049957,-26.400009,-101.100006,762.000000
7630.000000,-0.399902,0.138184,0.908203,763.000000,0.823975,0.059128,0.089645,763.000000,16.799957,-26.400009,-101.100006,763.000000
7640.000000,-0.415039,0.130859,0.904785,764.000000,-0.026703,0.000000,-0.150681,764.000000,17.099960,-25.950012,-102.150009,764.000000
7650.000000,-0.427246,0.121582,0.903320,765.000000,0.152588,-0.181198,-0.455856,765.000000,17.099960,-26.400009,-100.050003,765.000000
7660.000000,-0.416992,0.132324,0.901367,766.000000,0.091553,0.242233,-0.333786,766.000000,17.849960,-26.400009,-100.050003,766.000000
7670.000000,-0.417969,0.140137,0.910156,767.000000,-0.453949,0.547409,-0.516891,767.000000,16.799957,-24.900009,-100.800003,767.000000
7680.000000,-0.411621,0.124512,0.907715,768.000000,-0.026703,-0.120163,-0.455856,768.000000,16.799957,-27.450012,-100.050003,768.000000
7690.000000,-0.412109,0.126465,0.901367,769.000000,0.152588,-0.059128,-0.333786,769.000000,15.899963,-27.450012,-100.050003,769.000000
7700.000000,-0.414062,0.136719,0.917969,770.000000,-0.270844,0.059128,-0.394821,770.000000,16.949966,-26.250000,-101.700012,770.000000
7710.000000,-0.413086,0.130859,0.903320,771.000000,0.274658,0.303268,0.028610,771.000000,16.199966,-26.250000,-101.250000,771.000000
7720.000000,-0.400391,0.122559,0.899414,772.000000,0.152588,-0.242233,-0.089645,772.000000,16.199966,-24.300003,-101.700012,772.000000
7730.000000,-0.410156,0.133301,0.917480,773.000000,-0.087738,0.181198,0.516891,773.000000,18.449966,-24.300003,-101.700012,773.000000
7740.000000,-0.419434,0.139160,0.906250,774.000000,-0.087738,-0.913620,0.150681,774.000000,16.349960,-27.300003,-101.250000,774.000000
7750.000000,-0.402344,0.122559,0.914551,775.000000,-0.209808,0.303268,-0.028610,775.000000,16.349960,-24.900009,-103.200012,775.000000
7760.000000,-0.413574,0.132324,0.906738,776.000000,0.091553,-0.059128,0.028610,776.000000,17.549957,-24.900009,-103.200012,776.000000
7770.000000,-0.409180,0.125488,0.911133,777.000000,-0.087738,0.059128,0.150681,777.000000,17.249954,-25.950012,-100.800003,777.000000
7780.000000,-0.417480,0.121582,0.909668,778.000000,0.152588,0.059128,0.333786,778.000000,17.249954,-25.500000,-101.250000,778.000000
7790.000000,-0.407226,0.135742,0.907226,779.000000,-0.026703,0.000000,0.089645,779.000000,16.949966,-25.500000,-101.250000,779.000000
7800.000000,-0.422363,0.132324,0.904785,780.000000,-0.331879,0.059128,-0.394821,780.000000,15.899963,-25.500000,-101.700012,780.000000
7810.000000,-0.403809,0.141113,0.900390,781.000000,-0.637054,0.000000,0.028610,781.000000,15.899963,-26.550003,-101.250000,781.000000
7820.000000,-0.410644,0.125488,0.914551,782.000000,0.396729,-0.120163,-0.455856,782.000000,16.949966,-26.550003,-101.250000,782.000000
7830.000000,-0.412598,0.137695,0.895996,783.000000,-0.270844,0.486374,0.028610,783.000000,16.799957,-25.050003,-101.700012,783.000000
7840.000000,-0.416504,0.133789,0.912597,784.000000,0.213623,0.242233,-0.211716,784.000000,16.799957,-25.200012,-101.100006,784.000000
7850.000000,-0.404785,0.140137,0.893066,785.000000,-0.514984,0.486374,-0.577927,785.000000,16.799957,-25.200012,-101.100006,785.000000
7860.000000,-0.409668,0.116699,0.913086,786.000000,-0.576019,0.303268,0.211716,786.000000,15.899963,-26.400009,-101.100006,786.000000
7870.000000,-0.403809,0.140625,0.905273,787.000000,-0.270844,-0.303268,-0.028610,787.000000,16.799957,-25.800003,-100.650009,787.000000
7880.000000,-0.408203,0.138184,0.896484,788.000000,-0.759125,-0.303268,-0.028610,788.000000,17.999954,-24.900009,-101.550003,788.000000
7890.000000,-0.415527,0.142090,0.893554,789.000000,-0.331879,0.547409,0.089645,789.000000,15.749954,-25.050003,-100.650009,789.000000
7900.000000,-0.413086,0.136230,0.904297,790.000000,0.640869,0.364304,-0.211716,790.000000,15.749954,-24.900009,-100.800003,790.000000
7910.000000,-0.411621,0.148926,0.902344,791.000000,0.396729,0.181198,-0.089645,791.000000,17.249954,-24.900009,-100.800003,791.000000
7920.000000,-0.401855,0.126953,0.922363,792.000000,-0.209808,-0.181198,0.577927,792.000000,17.249954,-25.500000,-99.150009,792.000000
7930.000000,-0.418457,0.124023,0.899414,793.000000,-0.270844,0.303268,0.211716,793.000000,17.249954,-25.800003,-102.000000,793.000000
7940.000000,-0.411621,0.145996,0.898926,794.000000,0.335693,-0.303268,-0.211716,794.000000,16.049957,-25.800003,-102.000000,794.000000
7950.000000,-0.413086,0.130371,0.912597,795.000000,0.335693,0.181198,-0.028610,795.000000,17.249954,-24.150009,-101.550003,795.000000
7960.000000,-0.422363,0.114258,0.911621,796.000000,0.762939,0.059128,-0.333786,796.000000,17.249954,-25.050003,-101.700012,796.000000
7970.000000,-0.409668,0.127930,0.908203,797.000000,0.885010,0.242233,-0.028610,797.000000,16.799957,-25.050003,-101.700012,797.000000
7980.000000,-0.416504,0.131836,0.907226,798.000000,-0.209808,-0.364304,-0.516891,798.000000,15.449966,-25.950012,-102.150009,798.000000
7990.000000,-0.416504,0.121582,0.895019,799.000000,0.335693,0.000000,0.211716,799.000000,15.449966,-23.550003,-101.250000,799.000000
8000.000000,-0.415039,0.129395,0.900390,800.000000,0.030518,0.059128,-0.028610,800.000000,16.199966,-23.550003,-101.250000,800.000000
8010.000000,-0.417480,0.136230,0.912109,801.000000,-0.148773,-0.059128,-0.455856,801.000000,17.849960,-25.500000,-101.700012,801.000000
8020.000000,-0.412109,0.126465,0.900879,802.000000,0.030518,0.000000,0.028610,802.000000,16.049957,-25.950012,-102.600006,802.000000
8030.000000,-0.412109,0.121094,0.904785,803.000000,0.213623,-0.242233,-0.028610,803.000000,16.049957,-24.900009,-100.500000,803.000000
8040.000000,-0.415039,0.136719,0.910644,804.000000,-0.026703,-0.059128,0.150681,804.000000,16.199966,-24.900009,-100.500000,804.000000
8050.000000,-0.414062,0.129883,0.905273,805.000000,0.213623,-0.181198,0.333786,805.000000,17.249954,-25.050003,-101.250000,805.000000
8060.000000,-0.414062,0.134766,0.910156,806.000000,0.701904,0.000000,-0.272751,806.000000,17.249954,-25.800003,-101.250000,806.000000
8070.000000,-0.407715,0.130371,0.913574,807.000000,0.335693,-0.181198,-0.028610,807.000000,17.249954,-25.800003,-101.250000,807.000000
8080.000000,-0.420410,0.140625,0.905761,808.000000,0.152588,-0.059128,-0.272751,808.000000,15.299957,-24.750000,-100.950012,808.000000
8090.000000,-0.404297,0.133789,0.919922,809.000000,0.152588,0.059128,-0.516891,809.000000,15.299957,-25.950012,-102.600006,809.000000
8100.000000,-0.416504,0.134277,0.910156,810.000000,0.518799,-0.059128,-0.089645,810.000000,15.749954,-25.950012,-102.600006,810.000000
8110.000000,-0.416016,0.125488,0.898926,811.000000,0.030518,-0.181198,-0.272751,811.000000,15.749954,-25.200012,-102.150009,811.000000
8120.000000,-0.418457,0.131836,0.902832,812.000000,-0.087738,0.486374,0.333786,812.000000,15.749954,-25.950012,-100.800003,812.000000
8130.000000,-0.416016,0.129883,0.905273,813.000000,0.213623,0.000000,0.028610,813.000000,16.349960,-25.950012,-100.800003,813.000000
8140.000000,-0.411133,0.123047,0.904785,814.000000,0.091553,0.000000,0.333786,814.000000,15.149963,-25.950012,-100.800003,814.000000
8150.000000,-0.405273,0.130371,0.898926,815.000000,-0.148773,0.242233,0.089645,815.000000,15.149963,-26.550003,-101.250000,815.000000
8160.000000,-0.408203,0.124023,0.889648,816.000000,-0.026703,-0.120163,0.211716,816.000000,15.449966,-26.550003,-101.250000,816.000000
8170.000000,-0.417480,0.125000,0.897949,817.000000,-0.392914,-0.364304,-0.028610,817.000000,17.699966,-25.800003,-99.900009,817.000000
8180.000000,-0.416992,0.128906,0.898926,818.000000,-0.331879,-0.181198,0.211716,818.000000,17.699966,-26.250000,-101.700012,818.000000
8190.000000,-0.407226,0.128906,0.908691,819.000000,-0.087738,0.364304,0.394821,819.000000,17.099960,-26.250000,-101.700012,819.000000
8200.000000,-0.395996,0.128418,0.900879,820.000000,0.091553,-0.547409,0.455856,820.000000,14.849960,-25.950012,-101.850006,820.000000
8210.000000,-0.419434,0.135254,0.902344,821.000000,0.213623,0.364304,0.028610,821.000000,14.849960,-26.250000,-99.900009,821.000000
8220.000000,-0.422363,0.129395,0.892090,822.000000,0.091553,0.000000,0.516891,822.000000,14.699966,-26.250000,-99.900009,822.000000
8230.000000,-0.414062,0.132324,0.900879,823.000000,0.213623,0.059128,-0.028610,823.000000,16.199966,-26.400009,-102.600006,823.000000
8240.000000,-0.423340,0.131836,0.894531,824.000000,-0.270844,0.181198,-0.089645,824.000000,16.199966,-25.800003,-100.950012,824.000000
8250.000000,-0.405762,0.133301,0.900390,825.000000,-0.087738,0.364304,-0.150681,825.000000,16.049957,-25.800003,-100.950012,825.000000
8260.000000,-0.408203,0.141113,0.908203,826.000000,0.457764,-0.059128,0.028610,826.000000,16.349960,-27.450012,-101.550003,826.000000
8270.000000,-0.409180,0.144531,0.901367,827.000000,0.213623,0.242233,0.272751,827.000000,16.349960,-26.400009,-100.800003,827.000000
8280.000000,-0.416504,0.121094,0.899414,828.000000,-0.087738,0.059128,0.211716,828.000000,16.949966,-26.400009,-100.800003,828.000000
8290.000000,-0.417480,0.128906,0.894043,829.000000,0.030518,-0.120163,-0.211716,829.000000,16.049957,-25.500000,-100.950012,829.000000
8300.000000,-0.400879,0.124023,0.909179,830.000000,0.091553,0.120163,-0.028610,830.000000,16.049957,-25.200012,-101.550003,830.000000
8310.000000,-0.400879,0.129883,0.902344,831.000000,-0.209808,0.059128,-0.272751,831.000000,17.099960,-25.200012,-101.550003,831.000000
8320.000000,-0.402344,0.135742,0.898926,832.000000,-0.148773,-0.364304,-0.028610,832.000000,16.199966,-27.150009,-100.800003,832.000000
8330.000000,-0.419434,0.125488,0.898926,833.000000,-0.148773,0.000000,-0.333786,833.000000,16.199966,-26.550003,-100.950012,833.000000
8340.000000,-0.410644,0.131348,0.901855,834.000000,0.030518,0.486374,0.150681,834.000000,16.199966,-25.500000,-100.950012,834.000000
8350.000000,-0.411621,0.131836,0.892090,835.000000,0.396729,-0.059128,-0.028610,835.000000,16.199966,-25.500000,-100.950012,835.000000
8360.000000,-0.416016,0.122559,0.902832,836.000000,0.030518,-0.486374,-0.089645,836.000000,16.349960,-25.500000,-100.950012,836.000000
8370.000000,-0.417969,0.136719,0.903320,837.000000,-0.026703,-0.120163,-0.394821,837.000000,16.349960,-25.950012,-101.550003,837.000000
8380.000000,-0.408691,0.133301,0.906250,838.000000,0.457764,-0.120163,-0.028610,838.000000,16.349960,-25.950012,-101.550003,838.000000
8390.000000,-0.406738,0.131836,0.896972,839.000000,0.030518,-0.059128,0.089645,839.000000,16.649963,-25.650009,-100.800003,839.000000
8400.000000,-0.413574,0.132812,0.917969,840.000000,-0.881195,0.059128,0.150681,840.000000,16.649963,-25.800003,-100.950012,840.000000
8410.000000,-0.403809,0.124023,0.900390,841.000000,0.091553,-0.181198,0.089645,841.000000,16.949966,-25.800003,-100.950012,841.000000
8420.000000,-0.419434,0.138184,0.909179,842.000000,0.030518,-0.059128,0.150681,842.000000,16.349960,-25.800003,-100.950012,842.000000
8430.000000,-0.407226,0.135742,0.916015,843.000000,0.030518,-0.303268,0.455856,843.000000,16.349960,-24.900009,-101.100006,843.000000
8440.000000,-0.422363,0.133301,0.898437,844.000000,0.091553,-0.486374,0.944138,844.000000,17.849960,-24.900009,-101.100006,844.000000
8450.000000,-0.420898,0.137695,0.905273,845.000000,0.396729,-0.852585,-0.089645,845.000000,16.949966,-25.200012,-101.850006,845.000000
8460.000000,-0.427734,0.124023,0.902832,846.000000,0.213623,-0.120163,0.150681,846.000000,16.949966,-25.500000,-102.450012,846.000000
8470.000000,-0.404785,0.131836,0.898437,847.000000,0.518799,-0.059128,-0.089645,847.000000,16.799957,-25.500000,-102.450012,847.000000
8480.000000,-0.420410,0.135742,0.896484,848.000000,-0.270844,-0.486374,-0.333786,848.000000,16.949966,-25.650009,-102.600006,848.000000
8490.000000,-0.412598,0.135742,0.909668,849.000000,-0.148773,-0.120163,-0.028610,849.000000,15.899963,-25.500000,-102.000000,849.000000
8500.000000,-0.398437,0.125000,0.905273,850.000000,0.091553,-0.669479,-0.272751,850.000000,15.899963,-24.750000,-101.250000,850.000000
8510.000000,-0.413574,0.138184,0.905761,851.000000,0.457764,0.181198,-0.272751,851.000000,15.899963,-24.750000,-101.250000,851.000000
8520.000000,-0.424316,0.131348,0.906738,852.000000,-0.209808,0.059128,-0.150681,852.000000,16.349960,-26.550003,-100.650009,852.000000
8530.000000,-0.406250,0.134766,0.909668,853.000000,0.030518,0.242233,-0.333786,853.000000,16.349960,-25.200012,-102.150009,853.000000
8540.000000,-0.415527,0.137207,0.910156,854.000000,0.152588,-0.059128,0.211716,854.000000,16.649963,-25.200012,-102.150009,854.000000
8550.000000,-0.412109,0.129395,0.909179,855.000000,-0.331879,0.242233,-0.211716,855.000000,16.649963,-25.800003,-100.950012,855.000000
8560.000000,-0.418945,0.139648,0.896484,856.000000,-0.087738,-0.852585,0.272751,856.000000,16.649963,-26.550003,-101.700012,856.000000
8570.000000,-0.410644,0.128418,0.918457,857.000000,-0.820160,0.242233,0.028610,857.000000,17.699966,-26.550003,-101.700012,857.000000
8580.000000,-0.411133,0.129395,0.905761,858.000000,-0.331879,0.608444,0.211716,858.000000,17.549957,-27.000000,-102.750000,858.000000
8590.000000,-0.422851,0.141602,0.912109,859.000000,0.030518,-0.120163,0.211716,859.000000,17.549957,-25.950012,-101.100006,859.000000
8600.000000,-0.407226,0.136230,0.902832,860.000000,0.091553,0.547409,-0.211716,860.000000,16.799957,-25.950012,-101.100006,860.000000
8610.000000,-0.423340,0.139160,0.898437,861.000000,0.640869,0.242233,0.028610,861.000000,17.099960,-24.900009,-102.150009,861.000000
8620.000000,-0.420898,0.135742,0.912597,862.000000,0.885010,-0.608444,0.333786,862.000000,16.649963,-25.650009,-100.800003,862.000000
8630.000000,-0.424805,0.134766,0.907715,863.000000,0.274658,-0.547409,-0.150681,863.000000,16.349960,-26.250000,-101.250000,863.000000
8640.000000,-0.409668,0.126465,0.886719,864.000000,0.762939,0.000000,-0.516891,864.000000,16.349960,-27.150009,-100.800003,864.000000
8650.000000,-0.411133,0.135742,0.891113,865.000000,0.518799,0.059128,-0.272751,865.000000,16.349960,-25.950012,-102.600006,865.000000
8660.000000,-0.410156,0.135254,0.898437,866.000000,-0.209808,0.425339,-0.761032,866.000000,16.949966,-25.950012,-102.600006,866.000000
8670.000000,-0.406738,0.131836,0.912109,867.000000,-0.331879,-0.059128,-0.272751,867.000000,15.149963,-24.750000,-101.250000,867.000000
8680.000000,-0.411133,0.130371,0.907226,868.000000,-0.453949,-0.120163,-0.272751,868.000000,15.149963,-26.250000,-99.900009,868.000000
8690.000000,-0.418457,0.118652,0.903808,869.000000,-0.270844,0.120163,0.028610,869.000000,17.099960,-26.250000,-99.900009,869.000000
8700.000000,-0.416504,0.133301,0.899414,870.000000,-0.209808,0.486374,0.211716,870.000000,16.199966,-25.950012,-100.500000,870.000000
8710.000000,-0.414551,0.132812,0.900879,871.000000,-0.392914,0.059128,0.455856,871.000000,16.199966,-26.250000,-100.650009,871.000000
8720.000000,-0.419434,0.141113,0.905761,872.000000,-0.148773,0.059128,-0.272751,872.000000,17.549957,-26.250000,-100.650009,872.000000
8730.000000,-0.417480,0.130859,0.893066,873.000000,-0.087738,-0.059128,-0.150681,873.000000,16.199966,-25.650009,-102.150009,873.000000
8740.000000,-0.412109,0.133301,0.899902,874.000000,-0.331879,-0.425339,0.699997,874.000000,16.199966,-25.800003,-101.250000,874.000000
8750.000000,-0.416016,0.123047,0.918457,875.000000,-0.209808,0.000000,-0.272751,875.000000,18.149963,-25.800003,-101.250000,875.000000
8760.000000,-0.414062,0.132324,0.915527,876.000000,-0.209808,-0.364304,0.150681,876.000000,16.649963,-26.700012,-101.550003,876.000000
8770.000000,-0.409180,0.129883,0.892090,877.000000,-0.087738,-0.242233,0.028610,877.000000,16.649963,-24.300003,-100.950012,877.000000
8780.000000,-0.396973,0.141602,0.903320,878.000000,-0.148773,-0.181198,-0.028610,878.000000,15.749954,-24.300003,-100.950012,878.000000
8790.000000,-0.413086,0.128418,0.903320,879.000000,-0.026703,0.000000,-0.272751,879.000000,16.199966,-25.200012,-100.500000,879.000000
8800.000000,-0.409180,0.134277,0.908691,880.000000,0.579834,-0.181198,0.028610,880.000000,16.949966,-25.050003,-100.650009,880.000000
8810.000000,-0.414551,0.129395,0.893066,881.000000,0.030518,0.425339,0.211716,881.000000,16.949966,-25.500000,-101.250000,881.000000
8820.000000,-0.412109,0.128906,0.893554,882.000000,-0.392914,0.181198,0.028610,882.000000,15.449966,-25.500000,-101.250000,882.000000
8830.000000,-0.421875,0.136230,0.909668,883.000000,0.152588,-0.059128,-0.089645,883.000000,17.699966,-25.050003,-101.700012,883.000000
8840.000000,-0.410156,0.134277,0.908203,884.000000,-0.576019,0.364304,-0.089645,884.000000,17.699966,-26.550003,-100.650009,884.000000
8850.000000,-0.416992,0.139648,0.901367,885.000000,0.152588,0.486374,-0.028610,885.000000,15.899963,-26.550003,-100.650009,885.000000
8860.000000,-0.422363,0.134766,0.905273,886.000000,-0.209808,-0.974655,0.211716,886.000000,16.649963,-26.550003,-101.250000,886.000000
8870.000000,-0.427246,0.143066,0.910156,887.000000,0.030518,-0.059128,0.089645,887.000000,16.649963,-24.300003,-100.200012,887.000000
8880.000000,-0.406738,0.118652,0.897461,888.000000,-0.026703,-0.303268,-0.150681,888.000000,16.199966,-24.300003,-100.200012,888.000000
8890.000000,-0.396973,0.126465,0.898437,889.000000,0.640869,-0.303268,0.577927,889.000000,16.949966,-25.050003,-99.900009,889.000000
8900.000000,-0.401367,0.149414,0.901855,890.000000,0.396729,0.181198,0.455856,890.000000,16.949966,-26.550003,-101.700012,890.000000
8910.000000,-0.417480,0.137207,0.907715,891.000000,-0.637054,-0.242233,0.089645,891.000000,16.049957,-26.550003,-101.700012,891.000000
8920.000000,-0.415527,0.133301,0.900390,892.000000,0.152588,0.242233,-0.272751,892.000000,16.349960,-24.450012,-101.100006,892.000000
8930.000000,-0.416016,0.131348,0.902832,893.000000,0.762939,0.059128,-0.028610,893.000000,17.699966,-26.700012,-100.500000,893.000000
8940.000000,-0.427246,0.129395,0.910156,894.000000,0.640869,0.547409,-0.150681,894.000000,16.799957,-24.300003,-101.250000,894.000000
8950.000000,-0.421387,0.136719,0.912597,895.000000,-0.026703,0.425339,-0.455856,895.000000,16.349960,-25.650009,-101.550003,895.000000
8960.000000,-0.413086,0.143555,0.898437,896.000000,-0.087738,-0.303268,-0.150681,896.000000,16.349960,-25.200012,-102.600006,896.000000
8970.000000,-0.412109,0.133301,0.891601,897.000000,0.091553,0.242233,-0.761032,897.000000,17.549957,-25.200012,-102.600006,897.000000
8980.000000,-0.416016,0.127930,0.907226,898.000000,0.091553,-0.242233,-0.028610,898.000000,17.249954,-25.950012,-101.550003,898.000000
8990.000000,-0.408203,0.124023,0.903808,899.000000,0.640869,-0.120163,0.150681,899.000000,17.249954,-25.800003,-101.700012,899.000000
9000.000000,-0.414062,0.132812,0.902832,900.000000,-0.148773,-0.059128,-0.333786,900.000000,17.549957,-25.800003,-101.700012,900.000000
9010.000000,-0.420898,0.125977,0.907226,901.000000,0.396729,-0.059128,-0.638962,901.000000,16.649963,-24.450012,-102.600006,901.000000
9020.000000,-0.413574,0.135254,0.903808,902.000000,0.091553,-0.059128,-0.211716,902.000000,16.649963,-26.550003,-101.700012,902.000000
9030.000000,-0.406738,0.129395,0.889648,903.000000,0.335693,-0.242233,-0.455856,903.000000,17.699966,-26.550003,-101.700012,903.000000
9040.000000,-0.408203,0.129883,0.900879,904.000000,0.274658,-0.425339,-0.089645,904.000000,16.199966,-24.750000,-102.450012,904.000000
9050.000000,-0.413086,0.134277,0.905273,905.000000,0.152588,-0.059128,-0.272751,905.000000,16.199966,-25.050003,-100.950012,905.000000
9060.000000,-0.417969,0.137207,0.903808,906.000000,-0.026703,0.364304,-0.211716,906.000000,15.749954,-25.050003,-100.950012,906.000000
9070.000000,-0.414062,0.134277,0.912597,907.000000,-0.087738,0.547409,-0.394821,907.000000,16.949966,-26.400009,-101.850006,907.000000
9080.000000,-0.427246,0.137695,0.907226,908.000000,0.335693,-0.120163,0.455856,908.000000,16.949966,-25.500000,-101.250000,908.000000
9090.000000,-0.411621,0.132812,0.916992,909.000000,0.579834,-0.059128,0.150681,909.000000,16.649963,-25.500000,-101.250000,909.000000
9100.000000,-0.413086,0.131348,0.910644,910.000000,-0.209808,0.425339,0.028610,910.000000,15.899963,-24.300003,-102.000000,910.000000
9110.000000,-0.415527,0.119629,0.899902,911.000000,-0.148773,0.000000,0.455856,911.000000,16.649963,-26.550003,-100.650009,911.000000
9120.000000,-0.421387,0.122559,0.912109,912.000000,0.030518,0.000000,0.089645,912.000000,16.649963,-24.300003,-101.700012,912.000000
9130.000000,-0.410156,0.126953,0.894043,913.000000,-0.209808,-0.242233,-0.089645,913.000000,16.349960,-24.300003,-101.700012,913.000000
9140.000000,-0.417480,0.131348,0.915039,914.000000,0.030518,0.059128,0.211716,914.000000,15.899963,-25.950012,-101.850006,914.000000
9150.000000,-0.413086,0.131836,0.904785,915.000000,-0.270844,-0.120163,-0.028610,915.000000,15.899963,-25.800003,-101.700012,915.000000
9160.000000,-0.408203,0.130859,0.907715,916.000000,-0.209808,0.120163,-0.028610,916.000000,14.699966,-25.800003,-101.700012,916.000000
9170.000000,-0.407715,0.129395,0.909668,917.000000,-0.270844,-0.303268,0.089645,917.000000,16.049957,-26.400009,-101.550003,917.000000
9180.000000,-0.411621,0.120117,0.899414,918.000000,0.579834,0.608444,0.272751,918.000000,16.049957,-25.200012,-101.550003,918.000000
9190.000000,-0.406250,0.126465,0.907226,919.000000,0.396729,-0.425339,-0.089645,919.000000,16.799957,-25.200012,-101.550003,919.000000
9200.000000,-0.419922,0.126953,0.889648,920.000000,0.030518,-0.242233,-0.028610,920.000000,16.349960,-26.400009,-101.100006,920.000000
9210.000000,-0.422363,0.130371,0.912109,921.000000,0.030518,-0.364304,-0.211716,921.000000,16.349960,-25.650009,-102.600006,921.000000
9220.000000,-0.409668,0.129395,0.899414,922.000000,-0.026703,0.425339,0.089645,922.000000,17.099960,-25.650009,-102.600006,922.000000
9230.000000,-0.406738,0.128418,0.900390,923.000000,-0.087738,-0.303268,0.089645,923.000000,17.099960,-23.850006,-100.800003,923.000000
9240.000000,-0.397949,0.118652,0.900390,924.000000,-0.087738,0.791550,-0.028610,924.000000,17.699966,-23.850006,-100.800003,924.000000
9250.000000,-0.413086,0.135254,0.900879,925.000000,-0.087738,0.181198,0.028610,925.000000,15.899963,-26.250000,-101.700012,925.000000
9260.000000,-0.407715,0.130371,0.906250,926.000000,-0.514984,0.242233,-0.150681,926.000000,16.349960,-25.800003,-102.000000,926.000000
9270.000000,-0.434082,0.135742,0.904297,927.000000,0.579834,0.608444,0.089645,927.000000,16.349960,-24.450012,-101.100006,927.000000
9280.000000,-0.408691,0.129883,0.916015,928.000000,0.213623,0.608444,0.028610,928.000000,16.649963,-24.450012,-101.100006,928.000000
9290.000000,-0.416504,0.136719,0.898926,929.000000,0.213623,0.425339,-0.333786,929.000000,16.649963,-25.500000,-100.950012,929.000000
9300.000000,-0.420410,0.130371,0.915039,930.000000,0.030518,0.120163,-0.455856,930.000000,16.649963,-26.250000,-102.450012,930.000000
9310.000000,-0.414551,0.141113,0.912597,931.000000,0.335693,-0.608444,-0.455856,931.000000,16.649963,-26.250000,-102.450012,931.000000
9320.000000,-0.412598,0.128418,0.904297,932.000000,-0.392914,-0.181198,0.150681,932.000000,15.749954,-26.250000,-102.750000,932.000000
9330.000000,-0.419434,0.142090,0.904297,933.000000,0.457764,0.120163,0.272751,933.000000,15.749954,-25.650009,-102.150009,933.000000
9340.000000,-0.412109,0.137695,0.902344,934.000000,-0.148773,-0.120163,-0.089645,934.000000,16.349960,-25.650009,-102.150009,934.000000
9350.000000,-0.406738,0.123047,0.909668,935.000000,-0.270844,0.181198,-0.394821,935.000000,15.449966,-26.700012,-101.550003,935.000000
9360.000000,-0.417969,0.132812,0.895996,936.000000,0.396729,0.364304,-0.699997,936.000000,15.449966,-27.000000,-101.250000,936.000000
9370.000000,-0.404785,0.134277,0.903320,937.000000,0.091553,-0.303268,-0.455856,937.000000,17.549957,-27.000000,-101.250000,937.000000
9380.000000,-0.416992,0.128418,0.894043,938.000000,0.335693,0.120163,-0.150681,938.000000,18.149963,-26.700012,-101.100006,938.000000
9390.000000,-0.414062,0.127930,0.899902,939.000000,0.213623,0.000000,-0.150681,939.000000,18.149963,-24.900009,-100.500000,939.000000
9400.000000,-0.411621,0.144531,0.893554,940.000000,-0.270844,0.000000,-0.211716,940.000000,16.649963,-24.900009,-100.500000,940.000000
9410.000000,-0.418945,0.132812,0.902832,941.000000,-0.453949,-0.120163,0.272751,941.000000,17.549957,-25.800003,-102.000000,941.000000
9420.000000,-0.425781,0.127441,0.901367,942.000000,-0.453949,0.000000,0.089645,942.000000,16.649963,-25.950012,-101.550003,942.000000
9430.000000,-0.415039,0.141113,0.916504,943.000000,0.030518,-0.181198,0.822067,943.000000,16.649963,-26.250000,-99.900009,943.000000
9440.000000,-0.420410,0.118652,0.908691,944.000000,-0.270844,-0.120163,0.333786,944.000000,16.799957,-26.250000,-99.900009,944.000000
9450.000000,-0.423828,0.129395,0.902832,945.000000,-0.026703,-0.120163,0.761032,945.000000,16.949966,-24.450012,-101.550003,945.000000
9460.000000,-0.424316,0.133301,0.888672,946.000000,0.213623,-0.120163,0.455856,946.000000,16.949966,-26.250000,-101.700012,946.000000
9470.000000,-0.409668,0.125000,0.897949,947.000000,0.396729,-0.486374,-0.089645,947.000000,16.199966,-26.250000,-101.700012,947.000000
9480.000000,-0.407226,0.132324,0.891601,948.000000,0.640869,-0.425339,-0.150681,948.000000,17.099960,-25.500000,-100.650009,948.000000
9490.000000,-0.406738,0.131348,0.881836,949.000000,-0.453949,-0.486374,0.333786,949.000000,17.099960,-25.650009,-101.550003,949.000000
9500.000000,-0.418945,0.128418,0.900879,950.000000,-0.270844,-0.425339,0.089645,950.000000,17.099960,-25.650009,-101.550003,950.000000
9510.000000,-0.416016,0.126953,0.897461,951.000000,-0.453949,0.000000,0.272751,951.000000,16.199966,-24.450012,-101.100006,951.000000
9520.000000,-0.403809,0.132324,0.902832,952.000000,-0.087738,-0.364304,0.028610,952.000000,15.449966,-27.000000,-101.700012,952.000000
9530.000000,-0.420898,0.132324,0.900879,953.000000,0.091553,0.608444,-0.028610,953.000000,16.799957,-26.250000,-102.750000,953.000000
9540.000000,-0.411621,0.132324,0.901367,954.000000,0.274658,0.120163,-0.516891,954.000000,16.799957,-25.950012,-101.550003,954.000000
9550.000000,-0.397949,0.126465,0.908691,955.000000,-0.148773,1.096725,-0.028610,955.000000,16.799957,-25.950012,-101.550003,955.000000
9560.000000,-0.422363,0.137207,0.923828,956.000000,0.030518,0.059128,0.272751,956.000000,16.349960,-27.450012,-101.550003,956.000000
9570.000000,-0.410156,0.136719,0.896972,957.000000,0.152588,-0.059128,0.394821,957.000000,16.949966,-26.400009,-101.550003,957.000000
9580.000000,-0.422363,0.132812,0.890136,958.000000,0.091553,0.547409,0.150681,958.000000,16.949966,-25.800003,-102.450012,958.000000
9590.000000,-0.405273,0.112305,0.898437,959.000000,-0.209808,0.181198,0.272751,959.000000,16.799957,-25.800003,-102.450012,959.000000
9600.000000,-0.411621,0.126953,0.913574,960.000000,-0.270844,0.120163,-0.028610,960.000000,17.099960,-25.950012,-102.150009,960.000000
9610.000000,-0.419434,0.134766,0.910644,961.000000,-0.087738,0.425339,0.272751,961.000000,17.099960,-25.950012,-100.800003,961.000000
9620.000000,-0.411133,0.124023,0.901855,962.000000,0.579834,-0.242233,0.028610,962.000000,19.049957,-25.950012,-100.800003,962.000000
9630.000000,-0.409668,0.126465,0.895019,963.000000,0.701904,0.000000,0.028610,963.000000,16.649963,-25.800003,-101.250000,963.000000
9640.000000,-0.409180,0.133301,0.903808,964.000000,0.579834,0.486374,0.211716,964.000000,16.649963,-24.750000,-102.000000,964.000000
9650.000000,-0.416504,0.123047,0.897461,965.000000,0.396729,0.242233,-0.577927,965.000000,16.049957,-24.750000,-102.000000,965.000000
9660.000000,-0.410156,0.135742,0.904297,966.000000,0.396729,-0.669479,-0.150681,966.000000,17.549957,-26.700012,-100.050003,966.000000
9670.000000,-0.425781,0.120117,0.898437,967.000000,0.274658,-0.242233,0.028610,967.000000,17.549957,-26.400009,-100.500000,967.000000
9680.000000,-0.421875,0.132324,0.911133,968.000000,0.091553,-0.303268,-0.150681,968.000000,16.799957,-26.400009,-100.500000,968.000000
9690.000000,-0.418457,0.127930,0.895508,969.000000,-0.392914,-0.242233,-0.333786,969.000000,15.899963,-25.200012,-103.200012,969.000000
9700.000000,-0.414551,0.141602,0.903808,970.000000,0.091553,-0.059128,-0.516891,970.000000,15.899963,-25.050003,-101.700012,970.000000
9710.000000,-0.416992,0.130371,0.899902,971.000000,0.091553,0.120163,-0.577927,971.000000,18.149963,-25.050003,-101.700012,971.000000
9720.000000,-0.406250,0.129883,0.908691,972.000000,0.396729,0.364304,-0.272751,972.000000,17.549957,-24.900009,-99.750000,972.000000
9730.000000,-0.420898,0.135254,0.895508,973.000000,-0.087738,-0.242233,0.150681,973.000000,15.899963,-25.200012,-101.850006,973.000000
9740.000000,-0.398926,0.135742,0.905273,974.000000,0.274658,0.364304,0.150681,974.000000,15.899963,-25.050003,-101.250000,974.000000
9750.000000,-0.409180,0.127930,0.900879,975.000000,0.091553,0.120163,0.272751,975.000000,17.249954,-25.050003,-101.250000,975.000000
9760.000000,-0.413574,0.127930,0.905273,976.000000,-0.087738,-0.303268,0.028610,976.000000,16.649963,-24.750000,-101.700012,976.000000
9770.000000,-0.410644,0.120117,0.892090,977.000000,0.213623,-0.120163,0.761032,977.000000,16.649963,-25.800003,-101.250000,977.000000
9780.000000,-0.422851,0.132812,0.901367,978.000000,-0.087738,0.059128,0.272751,978.000000,16.049957,-25.800003,-101.250000,978.000000
9790.000000,-0.398926,0.133301,0.898926,979.000000,0.213623,0.120163,-0.455856,979.000000,17.099960,-25.950012,-101.850006,979.000000
9800.000000,-0.409668,0.132812,0.900390,980.000000,-0.270844,0.120163,0.150681,980.000000,17.099960,-26.400009,-100.500000,980.000000
9810.000000,-0.412598,0.131348,0.906738,981.000000,-0.026703,-0.364304,-0.150681,981.000000,16.799957,-26.400009,-100.500000,981.000000
9820.000000,-0.414062,0.130859,0.904297,982.000000,-0.087738,-0.059128,0.089645,982.000000,15.749954,-26.400009,-101.550003,982.000000
9830.000000,-0.423828,0.129883,0.910156,983.000000,0.335693,0.486374,-0.089645,983.000000,16.649963,-24.450012,-100.500000,983.000000
9840.000000,-0.414062,0.121094,0.897949,984.000000,-0.148773,0.000000,-0.272751,984.000000,17.549957,-26.250000,-102.450012,984.000000
9850.000000,-0.408203,0.111816,0.913574,985.000000,-0.209808,0.181198,0.211716,985.000000,17.549957,-24.900009,-101.850006,985.000000
9860.000000,-0.413574,0.127930,0.895996,986.000000,-0.087738,0.000000,-0.333786,986.000000,15.749954,-24.900009,-101.850006,986.000000
9870.000000,-0.409668,0.140137,0.914062,987.000000,-0.331879,-0.181198,-0.150681,987.000000,17.249954,-24.450012,-100.800003,987.000000
9880.000000,-0.413086,0.124023,0.894043,988.000000,-0.270844,0.120163,0.211716,988.000000,16.649963,-25.800003,-100.650009,988.000000
9890.000000,-0.418945,0.139648,0.904785,989.000000,-0.331879,-0.364304,0.272751,989.000000,16.649963,-27.000000,-101.700012,989.000000
9900.000000,-0.423828,0.138672,0.905761,990.000000,0.030518,0.242233,0.211716,990.000000,15.449966,-27.000000,-101.700012,990.000000
9910.000000,-0.408691,0.138672,0.890625,991.000000,-0.087738,-0.242233,0.089645,991.000000,16.799957,-24.000000,-100.950012,991.000000
9920.000000,-0.405762,0.121094,0.898926,992.000000,0.213623,-0.120163,-0.089645,992.000000,16.799957,-24.900009,-101.850006,992.000000
9930.000000,-0.403320,0.124512,0.884765,993.000000,0.030518,0.000000,0.028610,993.000000,16.649963,-24.900009,-101.850006,993.000000
9940.000000,-0.398926,0.120117,0.890625,994.000000,-0.209808,-0.242233,-0.150681,994.000000,16.049957,-24.750000,-102.450012,994.000000
9950.000000,-0.411621,0.137695,0.902832,995.000000,0.518799,0.000000,-0.455856,995.000000,16.049957,-25.200012,-100.500000,995.000000
9960.000000,-0.407715,0.132812,0.898926,996.000000,0.030518,0.000000,-0.211716,996.000000,16.799957,-25.200012,-100.500000,996.000000
9970.000000,-0.417969,0.131836,0.903320,997.000000,0.152588,0.364304,0.394821,997.000000,15.899963,-24.150009,-100.800003,997.000000
9980.000000,-0.412598,0.135742,0.904297,998.000000,0.091553,0.181198,-0.455856,998.000000,15.899963,-25.500000,-100.950012,998.000000
9990.000000,-0.410156,0.115234,0.894531,999.000000,0.030518,-0.120163,-0.028610,999.000000,16.799957,-25.500000,-100.950012,999.000000
10000.000000,-0.419922,0.144531,0.897949,1000.000000,0.091553,-0.425339,-0.028610,1000.000000,16.199966,-25.950012,-101.100006,1000.000000
10010.000000,-0.422851,0.129395,0.905761,1001.000000,0.457764,-0.303268,-0.272751,1001.000000,16.199966,-25.500000,-101.250000,1001.000000
10020.000000,-0.418945,0.128418,0.908691,1002.000000,-0.392914,-0.303268,0.089645,1002.000000,17.249954,-25.500000,-101.250000,1002.000000
10030.000000,-0.426269,0.126465,0.895508,1003.000000,-0.209808,0.120163,-0.272751,1003.000000,16.799957,-25.050003,-102.750000,1003.000000
10040.000000,-0.423828,0.123047,0.899414,1004.000000,0.274658,0.242233,0.028610,1004.000000,17.099960,-25.200012,-102.900009,1004.000000
10050.000000,-0.411621,0.120117,0.911133,1005.000000,0.091553,0.120163,-0.394821,1005.000000,17.099960,-25.650009,-100.800003,1005.000000
10060.000000,-0.407226,0.123047,0.911621,1006.000000,0.396729,-0.120163,-0.089645,1006.000000,17.249954,-25.650009,-100.800003,1006.000000
10070.000000,-0.411621,0.125977,0.901367,1007.000000,0.457764,-0.120163,-0.638962,1007.000000,17.699966,-25.050003,-100.950012,1007.000000
10080.000000,-0.427246,0.119141,0.909179,1008.000000,0.335693,-0.364304,-0.272751,1008.000000,17.699966,-25.800003,-101.700012,1008.000000
10090.000000,-0.398926,0.128418,0.899902,1009.000000,0.091553,-0.547409,-0.150681,1009.000000,15.749954,-25.800003,-101.700012,1009.000000
10100.000000,-0.416992,0.122070,0.906250,1010.000000,0.213623,-0.242233,-0.272751,1010.000000,15.749954,-25.950012,-100.800003,1010.000000
10110.000000,-0.400391,0.130371,0.899414,1011.000000,-0.209808,0.120163,-0.089645,1011.000000,15.749954,-25.650009,-101.550003,1011.000000
10120.000000,-0.410644,0.143555,0.906250,1012.000000,-1.003265,-0.181198,0.211716,1012.000000,16.949966,-25.650009,-101.550003,1012.000000
10130.000000,-0.414062,0.126465,0.904785,1013.000000,-0.209808,0.486374,0.211716,1013.000000,16.949966,-25.050003,-102.000000,1013.000000
10140.000000,-0.416504,0.132812,0.905761,1014.000000,-0.270844,0.120163,-0.028610,1014.000000,15.749954,-25.050003,-102.000000,1014.000000
10150.000000,-0.414551,0.127930,0.899902,1015.000000,-0.392914,-0.059128,0.455856,1015.000000,15.449966,-25.950012,-99.750000,1015.000000
10160.000000,-0.407715,0.125488,0.911133,1016.000000,-0.148773,0.547409,0.089645,1016.000000,15.449966,-25.050003,-101.700012,1016.000000
10170.000000,-0.411621,0.135254,0.901855,1017.000000,0.091553,-0.303268,-0.028610,1017.000000,16.949966,-25.050003,-101.700012,1017.000000
10180.000000,-0.407226,0.138672,0.890136,1018.000000,0.274658,-0.059128,-0.028610,1018.000000,16.649963,-26.550003,-102.000000,1018.000000
10190.000000,-0.408691,0.144043,0.905761,1019.000000,-0.087738,0.242233,-0.089645,1019.000000,16.949966,-26.250000,-101.700012,1019.000000
10200.000000,-0.418457,0.143066,0.897949,1020.000000,0.213623,-0.059128,-0.150681,1020.000000,16.949966,-26.250000,-100.950012,1020.000000
10210.000000,-0.415039,0.123047,0.902832,1021.000000,0.518799,-0.364304,-0.028610,1021.000000,16.949966,-26.250000,-100.950012,1021.000000
10220.000000,-0.428223,0.136230,0.903808,1022.000000,0.030518,0.425339,0.577927,1022.000000,17.849960,-25.050003,-100.650009,1022.000000
10230.000000,-0.423340,0.134766,0.912597,1023.000000,0.030518,-0.303268,0.272751,1023.000000,17.849960,-25.950012,-102.900009,1023.000000
10240.000000,-0.415039,0.128418,0.904297,1024.000000,0.030518,-0.242233,0.150681,1024.000000,15.449966,-25.950012,-102.900009,1024.000000
10250.000000,-0.405273,0.137207,0.894043,1025.000000,-0.026703,0.120163,-0.028610,1025.000000,17.849960,-25.500000,-101.250000,1025.000000
10260.000000,-0.404297,0.125977,0.905273,1026.000000,-0.514984,0.000000,0.394821,1026.000000,17.849960,-26.700012,-102.150009,1026.000000
10270.000000,-0.421875,0.132324,0.903808,1027.000000,0.152588,0.181198,0.211716,1027.000000,17.099960,-26.700012,-102.150009,1027.000000
10280.000000,-0.405273,0.129395,0.896484,1028.000000,0.152588,0.364304,0.577927,1028.000000,16.649963,-25.200012,-101.100006,1028.000000
10290.000000,-0.414062,0.140137,0.901855,1029.000000,-0.209808,0.608444,0.333786,1029.000000,16.649963,-25.050003,-100.950012,1029.000000
10300.000000,-0.414062,0.128906,0.893066,1030.000000,0.701904,0.425339,-0.150681,1030.000000,16.349960,-25.050003,-100.950012,1030.000000
10310.000000,-0.412598,0.141602,0.907226,1031.000000,0.335693,0.181198,-0.272751,1031.000000,15.899963,-25.200012,-101.550003,1031.000000
10320.000000,-0.416016,0.137207,0.904785,1032.000000,0.396729,0.000000,-0.150681,1032.000000,15.899963,-26.250000,-101.700012,1032.000000
10330.000000,-0.400879,0.136230,0.911621,1033.000000,0.030518,-0.608444,0.333786,1033.000000,16.199966,-26.250000,-101.700012,1033.000000
10340.000000,-0.426758,0.142578,0.912597,1034.000000,0.213623,0.608444,-0.089645,1034.000000,16.199966,-26.250000,-102.000000,1034.000000
10350.000000,-0.431152,0.141602,0.902832,1035.000000,0.335693,0.120163,-0.211716,1035.000000,17.849960,-25.800003,-100.950012,1035.000000
10360.000000,-0.418457,0.123535,0.896972,1036.000000,-0.453949,-0.303268,-0.455856,1036.000000,17.849960,-24.450012,-101.550003,1036.000000
10370.000000,-0.410644,0.145508,0.893066,1037.000000,-0.026703,0.059128,-0.333786,1037.000000,16.949966,-24.450012,-101.550003,1037.000000
10380.000000,-0.410156,0.136719,0.895019,1038.000000,-0.820160,-0.303268,-0.150681,1038.000000,17.549957,-25.800003,-101.250000,1038.000000
10390.000000,-0.403809,0.127930,0.890136,1039.000000,-0.087738,0.059128,-0.089645,1039.000000,17.549957,-25.200012,-100.500000,1039.000000
10400.000000,-0.399902,0.135742,0.905761,1040.000000,-0.087738,0.791550,-0.028610,1040.000000,17.099960,-25.200012,-100.500000,1040.000000
10410.000000,-0.405273,0.125977,0.919433,1041.000000,-0.209808,0.303268,-0.272751,1041.000000,17.249954,-25.650009,-101.550003,1041.000000
10420.000000,-0.420410,0.123047,0.909668,1042.000000,0.457764,0.000000,-0.333786,1042.000000,16.049957,-25.800003,-101.250000,1042.000000
10430.000000,-0.420410,0.119141,0.899902,1043.000000,0.579834,-0.547409,0.028610,1043.000000,17.849960,-25.650009,-99.750000,1043.000000
10440.000000,-0.416992,0.129395,0.902344,1044.000000,0.091553,-0.425339,0.028610,1044.000000,17.849960,-24.900009,-100.500000,1044.000000
10450.000000,-0.426269,0.132324,0.902832,1045.000000,-0.514984,-0.120163,0.150681,1045.000000,16.949966,-24.900009,-100.500000,1045.000000
10460.000000,-0.412109,0.131836,0.903808,1046.000000,-0.209808,0.181198,0.028610,1046.000000,15.899963,-24.750000,-102.000000,1046.000000
10470.000000,-0.425781,0.135742,0.891113,1047.000000,-0.392914,0.000000,0.394821,1047.000000,15.899963,-26.250000,-101.250000,1047.000000
10480.000000,-0.405273,0.128418,0.910156,1048.000000,-0.087738,-0.120163,0.761032,1048.000000,16.049957,-26.250000,-101.250000,1048.000000
10490.000000,-0.402344,0.134766,0.905761,1049.000000,-0.209808,0.364304,0.272751,1049.000000,17.249954,-25.650009,-101.100006,1049.000000
10500.000000,-0.416016,0.135742,0.914551,1050.000000,0.152588,-0.303268,0.822067,1050.000000,16.649963,-25.800003,-100.950012,1050.000000
10510.000000,-0.417480,0.138672,0.899414,1051.000000,0.213623,-0.547409,0.211716,1051.000000,16.649963,-24.300003,-102.450012,1051.000000
10520.000000,-0.414551,0.135254,0.898437,1052.000000,0.335693,-0.242233,0.089645,1052.000000,17.849960,-24.300003,-102.450012,1052.000000
10530.000000,-0.413086,0.135742,0.918457,1053.000000,0.457764,0.120163,-0.089645,1053.000000,17.549957,-26.400009,-101.550003,1053.000000
10540.000000,-0.407226,0.134766,0.897949,1054.000000,0.518799,-0.303268,0.028610,1054.000000,17.549957,-25.650009,-101.550003,1054.000000
10550.000000,-0.420898,0.129395,0.894043,1055.000000,0.518799,-0.181198,-0.455856,1055.000000,16.649963,-25.650009,-101.550003,1055.000000
10560.000000,-0.405762,0.127441,0.898926,1056.000000,-0.392914,0.120163,-0.272751,1056.000000,16.199966,-25.800003,-101.250000,1056.000000
10570.000000,-0.405273,0.117676,0.914062,1057.000000,-0.576019,0.000000,-0.211716,1057.000000,16.199966,-25.050003,-101.700012,1057.000000
10580.000000,-0.427246,0.120117,0.907226,1058.000000,-0.087738,0.242233,-0.028610,1058.000000,14.999954,-25.050003,-101.700012,1058.000000
10590.000000,-0.397461,0.125000,0.899414,1059.000000,0.518799,0.303268,-0.028610,1059.000000,16.349960,-25.650009,-101.550003,1059.000000
10600.000000,-0.427246,0.140137,0.912109,1060.000000,-0.209808,0.425339,0.150681,1060.000000,16.349960,-25.650009,-100.800003,1060.000000
10610.000000,-0.417480,0.132324,0.911621,1061.000000,0.030518,-0.059128,-0.028610,1061.000000,17.549957,-25.650009,-100.800003,1061.000000
10620.000000,-0.407226,0.131836,0.896972,1062.000000,-0.514984,-0.120163,0.272751,1062.000000,16.199966,-26.400009,-99.750000,1062.000000
10630.000000,-0.410156,0.129395,0.907226,1063.000000,-0.392914,0.000000,-0.028610,1063.000000,18.149963,-26.550003,-100.650009,1063.000000
10640.000000,-0.416016,0.128418,0.900879,1064.000000,-0.270844,0.669479,0.150681,1064.000000,15.749954,-26.400009,-101.100006,1064.000000
10650.000000,-0.412598,0.121582,0.902832,1065.000000,0.457764,-0.425339,-0.211716,1065.000000,15.749954,-25.650009,-100.800003,1065.000000
10660.000000,-0.410644,0.126953,0.896484,1066.000000,0.457764,-0.242233,0.150681,1066.000000,15.749954,-25.650009,-101.100006,1066.000000
10670.000000,-0.408203,0.127930,0.908691,1067.000000,0.518799,-0.242233,-0.089645,1067.000000,15.899963,-25.650009,-101.100006,1067.000000
10680.000000,-0.413086,0.134277,0.908691,1068.000000,0.885010,-0.486374,-0.089645,1068.000000,16.049957,-25.800003,-101.700012,1068.000000
10690.000000,-0.407226,0.125488,0.907715,1069.000000,-0.209808,0.120163,-0.272751,1069.000000,16.049957,-25.950012,-101.100006,1069.000000
10700.000000,-0.410644,0.142090,0.903320,1070.000000,-0.026703,0.303268,0.089645,1070.000000,15.749954,-25.950012,-101.100006,1070.000000
10710.000000,-0.410644,0.138672,0.901855,1071.000000,-0.026703,0.425339,-0.028610,1071.000000,16.799957,-24.450012,-100.800003,1071.000000
10720.000000,-0.433105,0.139648,0.905761,1072.000000,0.213623,0.059128,-0.516891,1072.000000,16.799957,-24.900009,-100.800003,1072.000000
10730.000000,-0.416016,0.123047,0.892090,1073.000000,0.274658,0.425339,-0.089645,1073.000000,16.049957,-24.900009,-100.800003,1073.000000
10740.000000,-0.412109,0.122559,0.897461,1074.000000,0.213623,-0.181198,-0.822067,1074.000000,17.549957,-25.950012,-101.850006,1074.000000
10750.000000,-0.416016,0.139648,0.910644,1075.000000,0.518799,0.364304,-0.028610,1075.000000,17.549957,-27.150009,-100.500000,1075.000000
10760.000000,-0.417969,0.128418,0.903320,1076.000000,-0.026703,-0.059128,0.089645,1076.000000,16.049957,-27.150009,-100.500000,1076.000000
10770.000000,-0.407226,0.125488,0.901367,1077.000000,-0.209808,0.059128,0.150681,1077.000000,16.799957,-24.900009,-100.800003,1077.000000
10780.000000,-0.411621,0.130859,0.907715,1078.000000,0.152588,0.059128,0.455856,1078.000000,16.799957,-24.450012,-101.850006,1078.000000
10790.000000,-0.423828,0.138184,0.905273,1079.000000,-0.087738,-0.181198,0.394821,1079.000000,16.649963,-24.450012,-101.850006,1079.000000
10800.000000,-0.412109,0.128418,0.903320,1080.000000,0.518799,0.000000,-0.089645,1080.000000,16.799957,-28.050003,-100.650009,1080.000000
10810.000000,-0.412598,0.129395,0.905273,1081.000000,0.091553,0.425339,0.455856,1081.000000,16.199966,-27.150009,-103.200012,1081.000000
10820.000000,-0.418945,0.118652,0.892578,1082.000000,-0.087738,0.364304,0.211716,1082.000000,16.199966,-25.800003,-101.250000,1082.000000
10830.000000,-0.412109,0.134277,0.896484,1083.000000,0.030518,0.181198,-0.028610,1083.000000,16.799957,-25.800003,-101.250000,1083.000000
10840.000000,-0.408203,0.134277,0.903808,1084.000000,0.518799,0.547409,0.089645,1084.000000,16.199966,-24.450012,-102.150009,1084.000000
10850.000000,-0.407226,0.129883,0.917969,1085.000000,-0.209808,0.059128,0.028610,1085.000000,16.199966,-26.550003,-100.950012,1085.000000
10860.000000,-0.419922,0.135742,0.897949,1086.000000,0.091553,0.181198,0.211716,1086.000000,16.199966,-26.550003,-100.950012,1086.000000
10870.000000,-0.414551,0.139648,0.897949,1087.000000,0.213623,0.181198,0.211716,1087.000000,15.749954,-24.750000,-101.250000,1087.000000
10880.000000,-0.407715,0.135254,0.897461,1088.000000,-0.270844,0.059128,0.089645,1088.000000,15.749954,-24.450012,-100.500000,1088.000000
10890.000000,-0.406250,0.128418,0.897461,1089.000000,-0.331879,-0.303268,-0.272751,1089.000000,15.749954,-24.450012,-100.500000,1089.000000
10900.000000,-0.423340,0.134277,0.903320,1090.000000,0.274658,0.181198,-0.333786,1090.000000,15.899963,-26.400009,-100.800003,1090.000000
10910.000000,-0.409668,0.130371,0.905273,1091.000000,-0.087738,0.547409,-0.211716,1091.000000,15.899963,-25.500000,-100.650009,1091.000000
10920.000000,-0.417480,0.135742,0.912109,1092.000000,-0.270844,0.120163,0.333786,1092.000000,16.049957,-25.500000,-100.650009,1092.000000
10930.000000,-0.423828,0.140625,0.908691,1093.000000,-0.026703,-0.486374,-0.150681,1093.000000,17.849960,-24.450012,-101.550003,1093.000000
10940.000000,-0.413086,0.136230,0.902832,1094.000000,-0.392914,0.242233,0.394821,1094.000000,17.849960,-25.650009,-101.850006,1094.000000
10950.000000,-0.410644,0.142578,0.912109,1095.000000,0.152588,-0.425339,-0.333786,1095.000000,17.699966,-25.650009,-101.850006,1095.000000
10960.000000,-0.404785,0.136230,0.913086,1096.000000,0.030518,-0.181198,-0.150681,1096.000000,17.249954,-25.800003,-101.250000,1096.000000
10970.000000,-0.416992,0.129883,0.904297,1097.000000,0.274658,-0.364304,0.394821,1097.000000,16.199966,-25.500000,-100.950012,1097.000000
10980.000000,-0.420898,0.126465,0.899414,1098.000000,-0.087738,0.242233,0.028610,1098.000000,16.199966,-26.550003,-101.700012,1098.000000
10990.000000,-0.417480,0.127930,0.902344,1099.000000,0.152588,-0.486374,0.455856,1099.000000,16.049957,-26.550003,-101.700012,1099.000000
11000.000000,-0.415039,0.141113,0.904297,1100.000000,-0.148773,0.059128,0.089645,1100.000000,15.149963,-27.150009,-100.800003,1100.000000
11010.000000,-0.405273,0.137695,0.900879,1101.000000,-0.331879,0.000000,0.028610,1101.000000,15.149963,-25.500000,-102.450012,1101.000000
11020.000000,-0.416992,0.129883,0.912109,1102.000000,-0.148773,0.059128,-0.272751,1102.000000,17.699966,-25.500000,-102.450012,1102.000000
11030.000000,-0.431641,0.126953,0.914062,1103.000000,-0.392914,-0.059128,-0.333786,1103.000000,17.699966,-25.050003,-102.000000,1103.000000
11040.000000,-0.413574,0.123047,0.903808,1104.000000,-0.514984,0.000000,-0.394821,1104.000000,17.099960,-25.050003,-102.000000,1104.000000
11050.000000,-0.418457,0.134277,0.905273,1105.000000,0.213623,0.000000,-0.089645,1105.000000,16.199966,-26.700012,-102.600006,1105.000000
11060.000000,-0.417969,0.133789,0.904297,1106.000000,-0.148773,0.303268,0.516891,1106.000000,16.199966,-26.250000,-101.250000,1106.000000
11070.000000,-0.416992,0.130371,0.908203,1107.000000,0.030518,0.303268,-0.089645,1107.000000,14.399963,-26.250000,-101.250000,1107.000000
11080.000000,-0.408203,0.130859,0.905761,1108.000000,0.274658,0.059128,0.150681,1108.000000,16.049957,-27.000000,-101.700012,1108.000000
11090.000000,-0.412109,0.122559,0.913086,1109.000000,-0.453949,-0.120163,-0.150681,1109.000000,16.049957,-25.950012,-101.850006,1109.000000
11100.000000,-0.414062,0.131836,0.904785,1110.000000,0.213623,-0.059128,0.028610,1110.000000,16.049957,-25.950012,-101.850006,1110.000000
11110.000000,-0.406250,0.132812,0.893066,1111.000000,0.030518,-0.791550,0.455856,1111.000000,16.349960,-25.650009,-101.100006,1111.000000
11120.000000,-0.414551,0.132324,0.908203,1112.000000,-0.087738,0.000000,-0.089645,1112.000000,17.099960,-26.700012,-101.850006,1112.000000
11130.000000,-0.412598,0.121582,0.905761,1113.000000,0.213623,0.059128,-0.455856,1113.000000,17.099960,-25.650009,-100.500000,1113.000000
11140.000000,-0.417480,0.126953,0.889648,1114.000000,-0.026703,0.242233,0.028610,1114.000000,17.699966,-25.650009,-100.500000,1114.000000
11150.000000,-0.417480,0.139648,0.904785,1115.000000,-0.148773,-0.181198,0.028610,1115.000000,16.949966,-25.050003,-100.950012,1115.000000
11160.000000,-0.416992,0.128418,0.901367,1116.000000,-0.514984,0.181198,-0.089645,1116.000000,16.949966,-24.750000,-100.650009,1116.000000
11170.000000,-0.401855,0.136719,0.913086,1117.000000,0.274658,-0.364304,0.455856,1117.000000,16.049957,-24.750000,-100.650009,1117.000000
11180.000000,-0.413574,0.136719,0.906250,1118.000000,-0.148773,-0.303268,-0.699997,1118.000000,17.549957,-25.650009,-100.800003,1118.000000
11190.000000,-0.418457,0.141602,0.906738,1119.000000,0.091553,0.669479,-0.028610,1119.000000,17.549957,-25.650009,-99.300003,1119.000000
11200.000000,-0.401367,0.132812,0.912597,1120.000000,0.091553,0.303268,0.394821,1120.000000,17.699966,-25.650009,-99.300003,1120.000000
11210.000000,-0.405273,0.125977,0.903320,1121.000000,0.396729,0.059128,0.028610,1121.000000,17.099960,-24.750000,-102.450012,1121.000000
11220.000000,-0.412598,0.131348,0.902832,1122.000000,-0.453949,0.669479,-0.028610,1122.000000,17.099960,-25.950012,-102.900009,1122.000000
11230.000000,-0.412109,0.129395,0.906738,1123.000000,-0.331879,0.486374,0.211716,1123.000000,16.199966,-25.950012,-102.900009,1123.000000
11240.000000,-0.417480,0.126465,0.907715,1124.000000,-0.209808,0.425339,-0.333786,1124.000000,16.349960,-26.250000,-100.950012,1124.000000
11250.000000,-0.411133,0.127930,0.906250,1125.000000,0.396729,0.425339,-0.333786,1125.000000,16.349960,-24.900009,-100.800003,1125.000000
11260.000000,-0.413574,0.125977,0.895019,1126.000000,-0.331879,-0.303268,-0.089645,1126.000000,14.849960,-24.900009,-100.800003,1126.000000
11270.000000,-0.410644,0.137207,0.890136,1127.000000,0.152588,-0.059128,0.028610,1127.000000,16.949966,-25.050003,-101.250000,1127.000000
11280.000000,-0.423828,0.140625,0.898926,1128.000000,0.274658,-0.059128,0.211716,1128.000000,14.999954,-25.800003,-100.650009,1128.000000
11290.000000,-0.411133,0.129883,0.893554,1129.000000,-0.087738,-0.364304,0.150681,1129.000000,14.999954,-25.650009,-101.100006,1129.000000
11300.000000,-0.410644,0.133301,0.900879,1130.000000,0.152588,0.059128,-0.272751,1130.000000,15.749954,-25.650009,-101.100006,1130.000000
11310.000000,-0.412598,0.135254,0.899414,1131.000000,-0.698090,-0.181198,-0.028610,1131.000000,16.799957,-25.200012,-101.850006,1131.000000
11320.000000,-0.412109,0.129395,0.916992,1132.000000,-0.392914,0.974655,0.333786,1132.000000,17.999954,-25.650009,-101.850006,1132.000000
11330.000000,-0.421387,0.131836,0.904785,1133.000000,0.579834,0.547409,0.150681,1133.000000,17.099960,-24.750000,-102.000000,1133.000000
11340.000000,-0.418945,0.127441,0.914062,1134.000000,0.152588,-0.303268,-0.333786,1134.000000,17.099960,-25.200012,-99.750000,1134.000000
11350.000000,-0.412598,0.128418,0.906250,1135.000000,-0.087738,0.000000,0.028610,1135.000000,15.899963,-25.200012,-99.750000,1135.000000
11360.000000,-0.434570,0.132324,0.902344,1136.000000,0.091553,0.181198,-0.211716,1136.000000,16.649963,-25.050003,-101.700012,1136.000000
11370.000000,-0.401367,0.113770,0.902832,1137.000000,0.152588,-0.120163,0.028610,1137.000000,16.649963,-26.250000,-100.950012,1137.000000
11380.000000,-0.408203,0.121582,0.894531,1138.000000,-0.331879,-0.181198,-0.150681,1138.000000,16.799957,-26.250000,-100.950012,1138.000000
11390.000000,-0.413574,0.129395,0.907226,1139.000000,0.274658,-0.120163,-0.089645,1139.000000,16.649963,-25.950012,-100.800003,1139.000000
11400.000000,-0.393555,0.128906,0.898437,1140.000000,0.030518,0.059128,0.150681,1140.000000,16.649963,-26.250000,-102.000000,1140.000000
11410.000000,-0.398437,0.127441,0.901367,1141.000000,-0.637054,-0.425339,-0.333786,1141.000000,16.349960,-26.250000,-102.000000,1141.000000
11420.000000,-0.423340,0.122070,0.892090,1142.000000,-0.514984,0.181198,0.333786,1142.000000,17.699966,-24.900009,-101.550003,1142.000000
11430.000000,-0.416016,0.127441,0.911133,1143.000000,-0.209808,0.730515,-0.516891,1143.000000,14.399963,-26.250000,-100.200012,1143.000000
11440.000000,-0.411621,0.128418,0.910644,1144.000000,-0.270844,0.364304,0.028610,1144.000000,14.399963,-25.800003,-101.700012,1144.000000
11450.000000,-0.410156,0.129395,0.904785,1145.000000,0.274658,0.059128,-0.150681,1145.000000,16.949966,-25.800003,-101.700012,1145.000000
11460.000000,-0.418945,0.129395,0.891601,1146.000000,0.152588,-0.486374,0.089645,1146.000000,15.899963,-26.250000,-101.700012,1146.000000
11470.000000,-0.427734,0.131348,0.904785,1147.000000,0.152588,-0.303268,-0.150681,1147.000000,15.899963,-27.300003,-100.650009,1147.000000
11480.000000,-0.429199,0.131836,0.904785,1148.000000,-0.270844,0.120163,-0.089645,1148.000000,16.049957,-27.300003,-100.650009,1148.000000
11490.000000,-0.407715,0.134766,0.904785,1149.000000,-0.148773,0.364304,-0.028610,1149.000000,17.249954,-26.700012,-100.500000,1149.000000
11500.000000,-0.427734,0.131836,0.896972,1150.000000,0.091553,0.059128,0.333786,1150.000000,17.249954,-25.500000,-101.700012,1150.000000
11510.000000,-0.431641,0.122559,0.901367,1151.000000,-0.698090,-0.059128,0.516891,1151.000000,16.949966,-25.500000,-101.700012,1151.000000
11520.000000,-0.416504,0.123535,0.903320,1152.000000,0.152588,-0.181198,0.944138,1152.000000,16.949966,-24.300003,-102.000000,1152.000000
11530.000000,-0.416016,0.124512,0.904297,1153.000000,-0.270844,-0.120163,0.699997,1153.000000,16.949966,-25.800003,-101.250000,1153.000000
11540.000000,-0.407715,0.131836,0.908691,1154.000000,-0.270844,-0.425339,-0.394821,1154.000000,15.749954,-25.800003,-101.250000,1154.000000
11550.000000,-0.425781,0.140625,0.913574,1155.000000,0.640869,-0.608444,-0.028610,1155.000000,16.799957,-25.950012,-103.200012,1155.000000
11560.000000,-0.401855,0.133789,0.901855,1156.000000,0.457764,-0.547409,0.394821,1156.000000,16.799957,-25.200012,-100.800003,1156.000000
11570.000000,-0.425293,0.130859,0.899414,1157.000000,0.457764,-0.425339,-0.150681,1157.000000,16.649963,-25.200012,-100.800003,1157.000000
11580.000000,-0.403320,0.131836,0.890136,1158.000000,0.152588,-0.486374,-0.272751,1158.000000,17.999954,-25.050003,-100.650009,1158.000000
11590.000000,-0.416992,0.125488,0.897949,1159.000000,-0.026703,0.791550,-0.333786,1159.000000,16.799957,-24.750000,-101.250000,1159.000000
11600.000000,-0.415039,0.133789,0.891113,1160.000000,0.091553,-0.120163,-0.150681,1160.000000,16.799957,-25.200012,-100.800003,1160.000000
11610.000000,-0.419434,0.145020,0.890625,1161.000000,0.152588,0.059128,-0.211716,1161.000000,15.449966,-25.200012,-100.800003,1161.000000
11620.000000,-0.407226,0.135742,0.898437,1162.000000,-0.026703,0.000000,0.150681,1162.000000,16.349960,-25.500000,-103.500000,1162.000000
11630.000000,-0.413574,0.129395,0.906250,1163.000000,-0.087738,0.000000,0.272751,1163.000000,17.099960,-24.900009,-101.100006,1163.000000
11640.000000,-0.411621,0.132324,0.888183,1164.000000,0.030518,-0.608444,-0.028610,1164.000000,16.799957,-25.650009,-100.800003,1164.000000
11650.000000,-0.412598,0.124512,0.915039,1165.000000,-0.453949,-0.547409,-0.150681,1165.000000,16.799957,-24.150009,-100.500000,1165.000000
11660.000000,-0.414062,0.118652,0.901367,1166.000000,-0.392914,-0.242233,0.028610,1166.000000,16.799957,-24.150009,-100.500000,1166.000000
11670.000000,-0.407226,0.133789,0.895508,1167.000000,-0.331879,0.000000,0.089645,1167.000000,16.949966,-25.200012,-100.050003,1167.000000
11680.000000,-0.422363,0.137695,0.902344,1168.000000,0.579834,-0.242233,-0.211716,1168.000000,16.949966,-25.050003,-102.450012,1168.000000
11690.000000,-0.408691,0.131836,0.913086,1169.000000,0.579834,-0.059128,-0.455856,1169.000000,16.349960,-25.050003,-102.450012,1169.000000
11700.000000,-0.413086,0.130371,0.899902,1170.000000,0.457764,-0.486374,-0.150681,1170.000000,16.199966,-25.650009,-100.800003,1170.000000
11710.000000,-0.420898,0.132324,0.903808,1171.000000,0.823975,-0.120163,-0.028610,1171.000000,16.199966,-25.800003,-102.450012,1171.000000
11720.000000,-0.423828,0.118652,0.907715,1172.000000,0.518799,-0.181198,0.272751,1172.000000,17.099960,-25.800003,-102.450012,1172.000000
11730.000000,-0.410644,0.127930,0.903808,1173.000000,0.640869,-0.120163,-0.028610,1173.000000,16.949966,-25.650009,-100.800003,1173.000000
11740.000000,-0.416504,0.115723,0.911621,1174.000000,0.030518,0.059128,-0.333786,1174.000000,17.249954,-25.800003,-102.000000,1174.000000
11750.000000,-0.409668,0.141602,0.908691,1175.000000,0.152588,0.425339,-0.272751,1175.000000,17.249954,-26.250000,-99.900009,1175.000000
11760.000000,-0.410156,0.138672,0.898926,1176.000000,0.396729,0.303268,-0.089645,1176.000000,16.949966,-26.250000,-99.900009,1176.000000
11770.000000,-0.419922,0.132812,0.886719,1177.000000,-0.453949,0.547409,-0.150681,1177.000000,16.349960,-26.250000,-101.700012,1177.000000
11780.000000,-0.427246,0.128418,0.900879,1178.000000,-0.148773,0.303268,-0.455856,1178.000000,16.349960,-25.950012,-100.500000,1178.000000
11790.000000,-0.411133,0.120117,0.901367,1179.000000,0.091553,0.181198,-0.272751,1179.000000,16.049957,-25.950012,-100.500000,1179.000000
11800.000000,-0.417480,0.126953,0.906738,1180.000000,-0.637054,-0.181198,-0.028610,1180.000000,16.049957,-26.700012,-101.100006,1180.000000
11810.000000,-0.414551,0.125000,0.911133,1181.000000,0.274658,-0.425339,0.150681,1181.000000,16.049957,-25.950012,-101.100006,1181.000000
11820.000000,-0.412109,0.129883,0.905761,1182.000000,-0.270844,-0.547409,-0.028610,1182.000000,17.099960,-25.950012,-101.100006,1182.000000
11830.000000,-0.404785,0.124023,0.900879,1183.000000,-0.148773,0.303268,-0.211716,1183.000000,15.299957,-25.650009,-101.100006,1183.000000
11840.000000,-0.408691,0.125977,0.913574,1184.000000,0.030518,-0.181198,-0.211716,1184.000000,15.299957,-24.150009,-101.100006,1184.000000
11850.000000,-0.414551,0.126953,0.906738,1185.000000,-0.331879,-0.303268,-0.089645,1185.000000,17.249954,-24.150009,-101.100006,1185.000000
11860.000000,-0.424805,0.131348,0.897949,1186.000000,-0.331879,0.120163,0.089645,1186.000000,17.549957,-25.800003,-100.950012,1186.000000
11870.000000,-0.406250,0.139648,0.909179,1187.000000,-0.148773,0.059128,0.516891,1187.000000,17.549957,-25.650009,-99.750000,1187.000000
11880.000000,-0.397949,0.138672,0.897461,1188.000000,-0.148773,0.120163,-0.150681,1188.000000,16.199966,-25.650009,-99.750000,1188.000000
11890.000000,-0.418457,0.130859,0.895508,1189.000000,-0.087738,0.181198,-0.272751,1189.000000,16.049957,-24.750000,-101.250000,1189.000000
11900.000000,-0.421875,0.131836,0.905273,1190.000000,-0.514984,0.730515,0.089645,1190.000000,16.799957,-26.700012,-100.500000,1190.000000
11910.000000,-0.411621,0.129395,0.903808,1191.000000,0.213623,0.242233,0.211716,1191.000000,16.799957,-26.700012,-100.500000,1191.000000
11920.000000,-0.419922,0.128906,0.893554,1192.000000,0.213623,0.120163,0.028610,1192.000000,17.699966,-26.700012,-100.500000,1192.000000
11930.000000,-0.418457,0.134766,0.904785,1193.000000,0.152588,0.059128,0.516891,1193.000000,17.699966,-27.000000,-100.650009,1193.000000
11940.000000,-0.425781,0.134277,0.909668,1194.000000,0.030518,-0.059128,0.211716,1194.000000,17.549957,-27.000000,-100.650009,1194.000000
11950.000000,-0.416016,0.127930,0.905761,1195.000000,-0.331879,-0.242233,0.211716,1195.000000,17.849960,-25.950012,-102.150009,1195.000000
11960.000000,-0.414551,0.140137,0.902832,1196.000000,-0.637054,-0.364304,-0.150681,1196.000000,17.849960,-25.950012,-101.100006,1196.000000
11970.000000,-0.408203,0.127441,0.893554,1197.000000,0.213623,0.364304,-0.150681,1197.000000,17.249954,-25.950012,-101.100006,1197.000000
11980.000000,-0.405273,0.131348,0.890136,1198.000000,0.030518,0.242233,0.028610,1198.000000,16.649963,-26.250000,-100.650009,1198.000000
11990.000000,-0.407715,0.124512,0.905273,1199.000000,0.152588,0.486374,0.211716,1199.000000,16.649963,-24.000000,-100.950012,1199.000000
12000.000000,-0.415527,0.126465,0.893066,1200.000000,-0.453949,0.242233,-0.089645,1200.000000,16.949966,-24.000000,-100.950012,1200.000000
12010.000000,-0.416504,0.126953,0.917969,1201.000000,0.213623,0.000000,-0.089645,1201.000000,16.649963,-24.750000,-101.700012,1201.000000
12020.000000,-0.408203,0.144531,0.896484,1202.000000,-0.453949,0.181198,0.455856,1202.000000,16.649963,-25.800003,-101.250000,1202.000000
12030.000000,-0.415039,0.119629,0.921386,1203.000000,-0.209808,0.242233,0.028610,1203.000000,15.749954,-25.800003,-101.250000,1203.000000
12040.000000,-0.407226,0.129395,0.896972,1204.000000,0.640869,0.059128,-0.333786,1204.000000,17.099960,-27.150009,-101.100006,1204.000000
12050.000000,-0.413086,0.136719,0.899414,1205.000000,0.030518,0.181198,0.333786,1205.000000,16.199966,-25.950012,-100.500000,1205.000000
12060.000000,-0.417969,0.125488,0.894531,1206.000000,0.396729,0.059128,0.028610,1206.000000,16.199966,-26.550003,-101.250000,1206.000000
12070.000000,-0.419922,0.129883,0.904785,1207.000000,-0.209808,0.242233,0.394821,1207.000000,17.549957,-26.550003,-101.250000,1207.000000
12080.000000,-0.415039,0.151367,0.902832,1208.000000,-0.209808,-0.242233,-0.089645,1208.000000,16.649963,-24.450012,-101.850006,1208.000000
12090.000000,-0.414062,0.129395,0.900390,1209.000000,0.059128,0.000000,-0.211716,1209.000000,16.649963,-27.300003,-100.200012,1209.000000
12100.000000,-0.402344,0.130371,0.902344,1210.000000,0.303268,0.123978,-0.324249,1210.000000,16.799957,-27.300003,-100.200012,1210.000000
12110.000000,-0.409668,0.133301,0.906738,1211.000000,0.000000,0.185013,0.038147,1211.000000,16.949966,-25.950012,-100.800003,1211.000000
12120.000000,-0.407715,0.139648,0.904785,1212.000000,-0.242233,-0.421524,-0.080109,1212.000000,16.949966,-25.050003,-100.650009,1212.000000
12130.000000,-0.412109,0.125977,0.895996,1213.000000,0.303268,-0.421524,-0.080109,1213.000000,16.199966,-25.050003,-100.650009,1213.000000
12140.000000,-0.410644,0.135742,0.898926,1214.000000,0.242233,-0.421524,-0.263214,1214.000000,17.699966,-25.800003,-102.750000,1214.000000
12150.000000,-0.418945,0.129883,0.902344,1215.000000,0.120163,-0.299454,-0.019073,1215.000000,17.699966,-25.500000,-101.700012,1215.000000
12160.000000,-0.401367,0.121582,0.898926,1216.000000,0.120163,-0.055313,-0.324249,1216.000000,17.099960,-25.500000,-101.700012,1216.000000
12170.000000,-0.406250,0.142090,0.894531,1217.000000,0.608444,-0.055313,-0.629425,1217.000000,17.699966,-26.700012,-101.550003,1217.000000
12180.000000,-0.399902,0.121094,0.916504,1218.000000,0.364304,0.368118,0.221252,1218.000000,17.699966,-25.500000,-100.950012,1218.000000
12190.000000,-0.412109,0.137207,0.903808,1219.000000,-0.059128,-0.543594,-0.019073,1219.000000,17.099960,-25.500000,-100.950012,1219.000000
12200.000000,-0.416504,0.123047,0.894043,1220.000000,-0.059128,-0.482559,0.343323,1220.000000,16.349960,-26.400009,-100.500000,1220.000000
12210.000000,-0.408691,0.126953,0.903320,1221.000000,0.425339,-0.177383,0.282288,1221.000000,16.199966,-25.950012,-102.150009,1221.000000
12220.000000,-0.400879,0.122559,0.898926,1222.000000,0.181198,0.062943,-0.263214,1222.000000,17.849960,-25.800003,-100.200012,1222.000000
12230.000000,-0.413574,0.127441,0.919922,1223.000000,0.303268,0.123978,0.404358,1223.000000,16.949966,-25.650009,-101.100006,1223.000000
12240.000000,-0.415527,0.135742,0.912597,1224.000000,-0.303268,-0.238419,-0.080109,1224.000000,16.949966,-25.500000,-101.700012,1224.000000
12250.000000,-0.420898,0.131348,0.896972,1225.000000,0.120163,-0.238419,-0.263214,1225.000000,16.799957,-25.500000,-101.700012,1225.000000
12260.000000,-0.410644,0.119141,0.911621,1226.000000,0.425339,-0.238419,-0.019073,1226.000000,16.349960,-25.650009,-99.750000,1226.000000
12270.000000,-0.426758,0.122070,0.905273,1227.000000,-0.059128,-0.055313,-0.202179,1227.000000,16.349960,-25.650009,-101.550003,1227.000000
12280.000000,-0.412109,0.124512,0.898926,1228.000000,-0.303268,0.123978,0.343323,1228.000000,16.199966,-25.650009,-101.550003,1228.000000
12290.000000,-0.399902,0.124023,0.909179,1229.000000,0.364304,-0.543594,0.282288,1229.000000,16.349960,-27.000000,-101.700012,1229.000000
12300.000000,-0.425293,0.120605,0.904785,1230.000000,0.059128,-0.299454,0.221252,1230.000000,16.349960,-26.400009,-103.200012,1230.000000
12310.000000,-0.413086,0.122070,0.889160,1231.000000,-0.242233,0.368118,0.465393,1231.000000,15.299957,-26.400009,-103.200012,1231.000000
12320.000000,-0.421875,0.120117,0.899902,1232.000000,-0.730515,0.307083,0.038147,1232.000000,15.899963,-26.700012,-101.100006,1232.000000
12330.000000,-0.404785,0.134766,0.910644,1233.000000,-0.181198,0.307083,-0.446320,1233.000000,15.899963,-27.000000,-100.950012,1233.000000
12340.000000,-0.413086,0.127441,0.902344,1234.000000,-0.974655,0.307083,-0.385284,1234.000000,17.249954,-27.000000,-100.950012,1234.000000
12350.000000,-0.406738,0.127441,0.895508,1235.000000,-0.425339,0.001907,0.038147,1235.000000,17.549957,-24.000000,-99.600006,1235.000000
12360.000000,-0.415039,0.125488,0.915527,1236.000000,-0.181198,0.307083,-0.141144,1236.000000,17.099960,-26.400009,-102.150009,1236.000000
12370.000000,-0.416992,0.130371,0.911133,1237.000000,0.059128,-0.116348,-0.263214,1237.000000,17.099960,-26.400009,-101.550003,1237.000000
12380.000000,-0.413574,0.127930,0.898926,1238.000000,-0.181198,-0.238419,-0.385284,1238.000000,16.199966,-26.400009,-101.550003,1238.000000
12390.000000,-0.412109,0.135254,0.907715,1239.000000,0.000000,-0.299454,0.709534,1239.000000,15.299957,-26.550003,-102.000000,1239.000000
12400.000000,-0.408203,0.110352,0.901855,1240.000000,0.181198,-0.360489,-0.202179,1240.000000,15.299957,-25.950012,-101.550003,1240.000000
12410.000000,-0.412598,0.129395,0.910644,1241.000000,-0.303268,-0.238419,-0.751495,1241.000000,17.549957,-25.950012,-101.550003,1241.000000
12420.000000,-0.402344,0.131836,0.903320,1242.000000,-0.425339,0.185013,-0.080109,1242.000000,17.099960,-25.950012,-101.100006,1242.000000
12430.000000,-0.418457,0.118652,0.914062,1243.000000,0.486374,0.368118,-0.141144,1243.000000,17.099960,-27.150009,-100.800003,1243.000000
12440.000000,-0.412109,0.125488,0.904297,1244.000000,0.000000,0.612259,-0.385284,1244.000000,16.349960,-27.150009,-100.800003,1244.000000
12450.000000,-0.410644,0.134277,0.892090,1245.000000,0.120163,0.551224,-0.080109,1245.000000,16.949966,-25.200012,-101.850006,1245.000000
12460.000000,-0.408203,0.128906,0.898437,1246.000000,0.181198,0.185013,-0.324249,1246.000000,16.949966,-25.800003,-101.250000,1246.000000
12470.000000,-0.409668,0.134766,0.905273,1247.000000,-0.059128,0.062943,0.099182,1247.000000,16.799957,-25.800003,-101.250000,1247.000000
12480.000000,-0.417969,0.129883,0.902344,1248.000000,0.181198,-0.177383,-0.446320,1248.000000,15.449966,-24.900009,-100.500000,1248.000000
12490.000000,-0.410156,0.135254,0.899414,1249.000000,-0.364304,0.123978,0.465393,1249.000000,15.449966,-25.800003,-100.650009,1249.000000
12500.000000,-0.410156,0.140625,0.901855,1250.000000,-0.669479,0.490189,0.282288,1250.000000,16.799957,-25.800003,-100.650009,1250.000000
12510.000000,-0.408203,0.129883,0.901855,1251.000000,-0.303268,0.429153,0.526428,1251.000000,16.049957,-24.900009,-100.500000,1251.000000
12520.000000,-0.417480,0.134277,0.912597,1252.000000,0.120163,-0.299454,0.648499,1252.000000,15.749954,-24.900009,-100.050003,1252.000000
12530.000000,-0.415527,0.131348,0.900390,1253.000000,0.000000,-0.482559,0.648499,1253.000000,15.299957,-25.650009,-102.600006,1253.000000
12540.000000,-0.406738,0.137695,0.913086,1254.000000,-0.242233,-0.421524,0.648499,1254.000000,17.549957,-25.200012,-101.100006,1254.000000
12550.000000,-0.410156,0.130859,0.892578,1255.000000,-0.059128,-0.665665,0.038147,1255.000000,17.549957,-25.950012,-101.850006,1255.000000
12560.000000,-0.415039,0.127441,0.890136,1256.000000,0.000000,-0.421524,0.221252,1256.000000,17.249954,-25.950012,-101.850006,1256.000000
12570.000000,-0.408691,0.140625,0.909668,1257.000000,0.181198,-0.116348,-0.568390,1257.000000,15.299957,-25.050003,-100.950012,1257.000000
12580.000000,-0.408203,0.117187,0.909668,1258.000000,0.059128,-0.177383,-0.324249,1258.000000,15.299957,-25.200012,-100.800003,1258.000000
12590.000000,-0.412109,0.134277,0.898926,1259.000000,0.059128,0.185013,-0.141144,1259.000000,17.999954,-25.200012,-100.800003,1259.000000
12600.000000,-0.399414,0.124023,0.904297,1260.000000,-0.181198,-0.055313,-0.568390,1260.000000,15.899963,-25.500000,-102.750000,1260.000000
12610.000000,-0.411621,0.142090,0.911621,1261.000000,-0.059128,-0.055313,-0.080109,1261.000000,15.899963,-23.550003,-100.200012,1261.000000
12620.000000,-0.410644,0.124023,0.905761,1262.000000,0.303268,0.368118,0.160217,1262.000000,16.049957,-23.550003,-100.200012,1262.000000
12630.000000,-0.409180,0.126465,0.902344,1263.000000,-0.120163,-0.665665,0.221252,1263.000000,17.099960,-27.450012,-101.850006,1263.000000
12640.000000,-0.410644,0.136719,0.907226,1264.000000,0.120163,0.368118,-0.141144,1264.000000,17.099960,-26.400009,-101.850006,1264.000000
12650.000000,-0.409668,0.142578,0.901855,1265.000000,-0.791550,-0.238419,0.221252,1265.000000,14.999954,-26.400009,-101.850006,1265.000000
12660.000000,-0.416992,0.141602,0.899414,1266.000000,-0.303268,0.001907,0.099182,1266.000000,16.049957,-25.950012,-100.800003,1266.000000
12670.000000,-0.415039,0.143066,0.908691,1267.000000,0.000000,-0.421524,-0.202179,1267.000000,17.249954,-26.400009,-101.100006,1267.000000
12680.000000,-0.410644,0.142578,0.902344,1268.000000,-0.547409,0.123978,-0.141144,1268.000000,17.249954,-26.250000,-100.650009,1268.000000
12690.000000,-0.416016,0.125000,0.907226,1269.000000,0.059128,-0.299454,-0.385284,1269.000000,16.799957,-26.250000,-100.650009,1269.000000
12700.000000,-0.423828,0.130859,0.892090,1270.000000,0.120163,0.185013,0.221252,1270.000000,17.099960,-26.700012,-102.150009,1270.000000
12710.000000,-0.418945,0.127441,0.912597,1271.000000,0.730515,-0.177383,-0.446320,1271.000000,17.099960,-27.150009,-101.850006,1271.000000
12720.000000,-0.405273,0.132812,0.900390,1272.000000,0.547409,0.246048,-0.507355,1272.000000,15.899963,-27.150009,-101.850006,1272.000000
12730.000000,-0.405762,0.128418,0.904297,1273.000000,0.608444,0.429153,-0.263214,1273.000000,16.649963,-25.800003,-101.250000,1273.000000
12740.000000,-0.415039,0.119629,0.904297,1274.000000,0.364304,0.123978,0.038147,1274.000000,16.649963,-26.250000,-100.200012,1274.000000
12750.000000,-0.421387,0.128906,0.898437,1275.000000,-0.486374,0.368118,-0.324249,1275.000000,17.699966,-26.250000,-100.200012,1275.000000
12760.000000,-0.428711,0.141602,0.906250,1276.000000,-0.242233,0.429153,-0.202179,1276.000000,15.899963,-25.500000,-102.000000,1276.000000
12770.000000,-0.417480,0.125977,0.901367,1277.000000,0.425339,0.307083,-0.385284,1277.000000,15.899963,-24.750000,-101.250000,1277.000000
12780.000000,-0.401855,0.130371,0.898926,1278.000000,-0.181198,0.062943,-0.141144,1278.000000,17.849960,-24.750000,-101.250000,1278.000000
12790.000000,-0.416992,0.131348,0.900390,1279.000000,0.000000,0.001907,-0.141144,1279.000000,16.949966,-25.950012,-101.550003,1279.000000
12800.000000,-0.424316,0.127930,0.918945,1280.000000,-0.791550,0.001907,0.160217,1280.000000,16.949966,-25.050003,-101.250000,1280.000000
12810.000000,-0.405762,0.123047,0.908203,1281.000000,0.181198,0.123978,-0.324249,1281.000000,16.799957,-25.050003,-101.250000,1281.000000
12820.000000,-0.414551,0.138184,0.909179,1282.000000,0.425339,-0.116348,-0.324249,1282.000000,17.249954,-25.200012,-101.550003,1282.000000
12830.000000,-0.418945,0.125977,0.891113,1283.000000,0.120163,0.062943,-0.202179,1283.000000,17.249954,-27.300003,-101.250000,1283.000000
12840.000000,-0.409668,0.137207,0.893066,1284.000000,-0.181198,0.185013,0.099182,1284.000000,17.699966,-27.300003,-101.250000,1284.000000
12850.000000,-0.402832,0.134766,0.898926,1285.000000,-0.303268,-0.055313,0.099182,1285.000000,17.549957,-25.800003,-100.950012,1285.000000
12860.000000,-0.412109,0.123047,0.897461,1286.000000,-0.120163,0.001907,0.526428,1286.000000,17.549957,-24.900009,-101.100006,1286.000000
12870.000000,-0.408203,0.137695,0.906738,1287.000000,-0.181198,-0.055313,-0.019073,1287.000000,16.799957,-24.900009,-101.100006,1287.000000
12880.000000,-0.395508,0.133789,0.902344,1288.000000,-0.181198,0.001907,-0.141144,1288.000000,16.649963,-25.950012,-102.150009,1288.000000
12890.000000,-0.414551,0.130371,0.905761,1289.000000,0.000000,-0.238419,0.221252,1289.000000,16.649963,-26.250000,-101.700012,1289.000000
12900.000000,-0.412598,0.143555,0.894531,1290.000000,0.059128,0.185013,0.221252,1290.000000,16.649963,-26.250000,-101.700012,1290.000000
12910.000000,-0.408691,0.136719,0.894531,1291.000000,0.669479,0.062943,0.343323,1291.000000,14.699966,-25.050003,-101.700012,1291.000000
12920.000000,-0.407715,0.118652,0.898926,1292.000000,-0.364304,-0.238419,0.160217,1292.000000,14.699966,-24.900009,-100.500000,1292.000000
12930.000000,-0.421875,0.116699,0.902832,1293.000000,0.000000,0.062943,0.038147,1293.000000,16.199966,-24.900009,-100.500000,1293.000000
12940.000000,-0.402344,0.130371,0.915527,1294.000000,0.120163,0.246048,0.465393,1294.000000,16.799957,-25.050003,-101.700012,1294.000000
12950.000000,-0.413086,0.129395,0.901367,1295.000000,0.242233,0.551224,-0.324249,1295.000000,16.799957,-26.400009,-100.050003,1295.000000
12960.000000,-0.407226,0.130859,0.910644,1296.000000,-0.486374,0.123978,0.160217,1296.000000,16.649963,-26.400009,-100.050003,1296.000000
12970.000000,-0.415039,0.124512,0.911133,1297.000000,-0.181198,0.001907,0.282288,1297.000000,17.249954,-24.300003,-101.250000,1297.000000
12980.000000,-0.418945,0.135742,0.910156,1298.000000,-0.242233,0.673294,-0.202179,1298.000000,14.999954,-26.250000,-100.950012,1298.000000
12990.000000,-0.420898,0.127930,0.900879,1299.000000,-0.120163,-0.055313,0.343323,1299.000000,14.999954,-25.200012,-101.850006,1299.000000
13000.000000,-0.413574,0.135254,0.901367,1300.000000,-0.059128,0.001907,0.099182,1300.000000,16.649963,-25.200012,-101.850006,1300.000000
13010.000000,-0.418945,0.120605,0.887695,1301.000000,0.486374,0.429153,0.587463,1301.000000,16.799957,-25.050003,-100.650009,1301.000000
13020.000000,-0.405273,0.124512,0.898437,1302.000000,-0.120163,0.368118,0.465393,1302.000000,16.799957,-24.150009,-100.500000,1302.000000
13030.000000,-0.405273,0.131348,0.894531,1303.000000,-0.486374,0.246048,-0.568390,1303.000000,16.199966,-24.150009,-100.500000,1303.000000
13040.000000,-0.414062,0.127930,0.909179,1304.000000,-0.120163,0.185013,-0.385284,1304.000000,16.049957,-27.300003,-101.250000,1304.000000
13050.000000,-0.407715,0.117187,0.901855,1305.000000,0.242233,0.246048,0.221252,1305.000000,16.049957,-26.700012,-100.050003,1305.000000
13060.000000,-0.408691,0.134277,0.908203,1306.000000,-0.120163,0.185013,-0.446320,1306.000000,16.649963,-26.700012,-100.050003,1306.000000
13070.000000,-0.418457,0.127930,0.903320,1307.000000,0.000000,-0.238419,0.404358,1307.000000,15.899963,-25.050003,-102.750000,1307.000000
13080.000000,-0.408203,0.135254,0.903320,1308.000000,0.425339,0.612259,-0.202179,1308.000000,15.899963,-26.250000,-101.700012,1308.000000
13090.000000,-0.417969,0.120117,0.910156,1309.000000,0.364304,0.246048,0.038147,1309.000000,15.449966,-26.250000,-101.700012,1309.000000
13100.000000,-0.422851,0.115723,0.896484,1310.000000,0.608444,-0.543594,-0.141144,1310.000000,16.649963,-27.000000,-101.250000,1310.000000
13110.000000,-0.415527,0.126953,0.890625,1311.000000,-0.547409,-0.055313,-0.263214,1311.000000,17.099960,-24.750000,-101.700012,1311.000000
13120.000000,-0.421387,0.119629,0.896484,1312.000000,0.120163,0.673294,-0.019073,1312.000000,16.649963,-25.650009,-100.800003,1312.000000
13130.000000,-0.412109,0.130371,0.900879,1313.000000,-0.059128,-0.055313,-0.812531,1313.000000,14.999954,-25.800003,-100.200012,1313.000000
13140.000000,-0.421875,0.134277,0.910156,1314.000000,-0.303268,0.307083,0.099182,1314.000000,14.999954,-24.900009,-102.150009,1314.000000
13150.000000,-0.409668,0.135254,0.907226,1315.000000,-0.425339,-0.055313,-0.263214,1315.000000,16.049957,-24.900009,-102.150009,1315.000000
13160.000000,-0.411621,0.123535,0.909179,1316.000000,-0.486374,0.429153,0.465393,1316.000000,16.649963,-25.650009,-101.850006,1316.000000
13170.000000,-0.402832,0.130371,0.904785,1317.000000,-0.120163,0.001907,0.160217,1317.000000,16.649963,-24.750000,-100.650009,1317.000000
13180.000000,-0.414062,0.134277,0.904785,1318.000000,0.059128,0.185013,-0.385284,1318.000000,16.199966,-24.750000,-100.650009,1318.000000
13190.000000,-0.417480,0.124023,0.899902,1319.000000,0.120163,0.429153,-0.141144,1319.000000,16.649963,-24.000000,-100.650009,1319.000000
13200.000000,-0.413574,0.125488,0.904785,1320.000000,0.364304,-0.177383,-0.263214,1320.000000,16.649963,-25.800003,-101.250000,1320.000000
13210.000000,-0.420898,0.125488,0.908203,1321.000000,-0.120163,0.062943,-0.080109,1321.000000,17.849960,-25.800003,-101.250000,1321.000000
13220.000000,-0.412109,0.125000,0.898437,1322.000000,0.120163,0.490189,-0.385284,1322.000000,17.099960,-25.950012,-101.100006,1322.000000
13230.000000,-0.415039,0.129883,0.889160,1323.000000,0.303268,0.490189,-0.202179,1323.000000,17.099960,-25.200012,-101.100006,1323.000000
13240.000000,-0.416016,0.139648,0.902344,1324.000000,0.303268,0.123978,-0.080109,1324.000000,16.349960,-25.200012,-101.100006,1324.000000
13250.000000,-0.402832,0.123047,0.895508,1325.000000,0.608444,0.307083,-0.507355,1325.000000,15.749954,-24.900009,-100.050003,1325.000000
13260.000000,-0.408203,0.126465,0.898926,1326.000000,0.364304,-0.238419,0.038147,1326.000000,15.749954,-26.400009,-101.850006,1326.000000
13270.000000,-0.403809,0.129395,0.897461,1327.000000,0.059128,-0.116348,0.160217,1327.000000,16.049957,-26.400009,-101.850006,1327.000000
13280.000000,-0.417969,0.132812,0.909668,1328.000000,0.000000,0.246048,-0.324249,1328.000000,16.949966,-24.450012,-101.550003,1328.000000
13290.000000,-0.407715,0.133301,0.903320,1329.000000,0.425339,0.123978,-0.324249,1329.000000,17.099960,-25.500000,-100.650009,1329.000000
13300.000000,-0.416504,0.118652,0.906250,1330.000000,0.486374,0.368118,0.038147,1330.000000,17.099960,-25.650009,-100.800003,1330.000000
13310.000000,-0.424316,0.131836,0.896972,1331.000000,-0.547409,0.856400,0.221252,1331.000000,16.349960,-25.650009,-100.800003,1331.000000
13320.000000,-0.410156,0.132324,0.901855,1332.000000,0.364304,0.490189,-0.324249,1332.000000,16.799957,-26.400009,-102.150009,1332.000000
13330.000000,-0.420410,0.127441,0.905273,1333.000000,-0.425339,0.673294,-0.141144,1333.000000,16.799957,-24.900009,-101.100006,1333.000000
13340.000000,-0.405273,0.120605,0.895996,1334.000000,-0.120163,0.612259,0.221252,1334.000000,15.449966,-24.900009,-101.100006,1334.000000
13350.000000,-0.406738,0.133301,0.892090,1335.000000,0.120163,-0.116348,-0.751495,1335.000000,16.649963,-24.750000,-100.950012,1335.000000
13360.000000,-0.406738,0.129883,0.905273,1336.000000,-0.425339,0.551224,0.099182,1336.000000,16.649963,-26.550003,-99.600006,1336.000000
13370.000000,-0.428711,0.139648,0.909668,1337.000000,-0.425339,1.039505,-0.324249,1337.000000,15.149963,-26.550003,-99.600006,1337.000000
13380.000000,-0.418945,0.125488,0.913086,1338.000000,0.486374,0.612259,-0.141144,1338.000000,16.949966,-25.800003,-99.900009,1338.000000
13390.000000,-0.408691,0.136230,0.907226,1339.000000,0.547409,-0.055313,0.160217,1339.000000,16.949966,-25.050003,-102.000000,1339.000000
13400.000000,-0.414062,0.134277,0.908691,1340.000000,0.364304,0.001907,0.099182,1340.000000,15.149963,-25.050003,-102.000000,1340.000000
13410.000000,-0.409180,0.128418,0.906250,1341.000000,0.425339,-0.482559,-0.263214,1341.000000,16.649963,-25.500000,-101.250000,1341.000000
13420.000000,-0.408203,0.129395,0.905761,1342.000000,0.608444,0.062943,-0.202179,1342.000000,16.649963,-25.800003,-101.250000,1342.000000
13430.000000,-0.406738,0.132812,0.904297,1343.000000,-0.242233,0.368118,-0.263214,1343.000000,16.049957,-25.800003,-101.250000,1343.000000
13440.000000,-0.398437,0.130371,0.897949,1344.000000,-0.120163,0.490189,0.343323,1344.000000,16.949966,-27.450012,-99.750000,1344.000000
13450.000000,-0.419922,0.122070,0.899414,1345.000000,-0.608444,1.039505,-0.385284,1345.000000,17.849960,-25.500000,-101.250000,1345.000000
13460.000000,-0.409180,0.128418,0.904785,1346.000000,-0.974655,0.856400,-0.385284,1346.000000,17.849960,-26.700012,-101.850006,1346.000000
13470.000000,-0.402832,0.133789,0.900390,1347.000000,-0.120163,1.100540,-0.202179,1347.000000,15.749954,-26.700012,-101.850006,1347.000000
13480.000000,-0.408691,0.132812,0.895019,1348.000000,0.000000,0.551224,-0.446320,1348.000000,16.199966,-25.200012,-100.500000,1348.000000
13490.000000,-0.422363,0.120117,0.915039,1349.000000,0.425339,0.307083,-0.019073,1349.000000,16.199966,-26.250000,-102.000000,1349.000000
13500.000000,-0.419922,0.125000,0.908691,1350.000000,0.000000,0.123978,0.099182,1350.000000,17.999954,-26.250000,-102.000000,1350.000000
13510.000000,-0.418457,0.133789,0.912597,1351.000000,-0.059128,0.368118,-0.019073,1351.000000,17.549957,-25.500000,-102.450012,1351.000000
13520.000000,-0.417480,0.134277,0.909179,1352.000000,0.000000,0.246048,-0.080109,1352.000000,17.549957,-25.950012,-102.600006,1352.000000
13530.000000,-0.426269,0.125977,0.895019,1353.000000,0.000000,0.185013,0.160217,1353.000000,16.349960,-25.950012,-102.600006,1353.000000
13540.000000,-0.414551,0.127441,0.913086,1354.000000,0.000000,0.307083,-0.019073,1354.000000,16.199966,-26.400009,-100.800003,1354.000000
13550.000000,-0.417480,0.126953,0.904785,1355.000000,-0.547409,0.062943,0.221252,1355.000000,16.199966,-25.800003,-101.700012,1355.000000
13560.000000,-0.409180,0.130859,0.903808,1356.000000,-0.486374,0.429153,0.221252,1356.000000,13.499954,-25.800003,-101.700012,1356.000000
13570.000000,-0.411133,0.130371,0.896484,1357.000000,-0.181198,-0.055313,-0.080109,1357.000000,17.099960,-25.200012,-101.850006,1357.000000
13580.000000,-0.425293,0.129395,0.894043,1358.000000,0.242233,0.123978,0.160217,1358.000000,16.349960,-26.700012,-100.800003,1358.000000
13590.000000,-0.422851,0.127930,0.901855,1359.000000,0.181198,0.368118,0.038147,1359.000000,16.949966,-25.950012,-100.800003,1359.000000
13600.000000,-0.418945,0.131836,0.894531,1360.000000,-0.059128,0.185013,0.038147,1360.000000,16.799957,-26.250000,-102.750000,1360.000000
13610.000000,-0.412109,0.138184,0.908691,1361.000000,-0.059128,-0.238419,0.160217,1361.000000,16.799957,-26.700012,-101.100006,1361.000000
13620.000000,-0.408691,0.129883,0.899902,1362.000000,0.120163,0.246048,-0.141144,1362.000000,16.349960,-26.700012,-101.100006,1362.000000
13630.000000,-0.417480,0.129883,0.900879,1363.000000,-0.303268,0.368118,0.099182,1363.000000,17.999954,-24.150009,-102.150009,1363.000000
13640.000000,-0.412109,0.124023,0.895019,1364.000000,0.791550,-0.116348,0.343323,1364.000000,17.999954,-25.050003,-101.250000,1364.000000
13650.000000,-0.420410,0.135254,0.905761,1365.000000,0.364304,0.307083,0.343323,1365.000000,16.649963,-25.050003,-101.250000,1365.000000
13660.000000,-0.412598,0.138184,0.904785,1366.000000,0.059128,0.490189,-0.446320,1366.000000,17.699966,-26.250000,-101.250000,1366.000000
13670.000000,-0.415039,0.133301,0.916504,1367.000000,0.181198,-0.238419,0.343323,1367.000000,17.699966,-26.550003,-101.700012,1367.000000
13680.000000,-0.409180,0.137207,0.909668,1368.000000,0.364304,0.185013,-0.263214,1368.000000,17.099960,-26.550003,-101.700012,1368.000000
13690.000000,-0.419922,0.118164,0.914551,1369.000000,0.059128,0.185013,-0.080109,1369.000000,17.099960,-26.400009,-101.550003,1369.000000
13700.000000,-0.409668,0.126465,0.897949,1370.000000,-0.059128,0.307083,0.099182,1370.000000,17.099960,-26.700012,-101.850006,1370.000000
13710.000000,-0.427246,0.130859,0.913574,1371.000000,0.059128,0.062943,-0.080109,1371.000000,16.649963,-26.700012,-101.850006,1371.000000
13720.000000,-0.434570,0.135742,0.896972,1372.000000,0.059128,0.307083,0.160217,1372.000000,16.049957,-24.750000,-101.250000,1372.000000
13730.000000,-0.412598,0.134766,0.908691,1373.000000,0.181198,0.368118,0.526428,1373.000000,16.049957,-24.900009,-100.800003,1373.000000
13740.000000,-0.416016,0.125000,0.906738,1374.000000,0.181198,-0.238419,-0.019073,1374.000000,17.249954,-24.900009,-100.800003,1374.000000
13750.000000,-0.426758,0.126465,0.902344,1375.000000,0.000000,0.123978,-0.263214,1375.000000,17.549957,-26.250000,-102.000000,1375.000000
13760.000000,-0.406738,0.135254,0.900879,1376.000000,0.364304,0.001907,-0.446320,1376.000000,16.949966,-25.200012,-102.150009,1376.000000
13770.000000,-0.414062,0.135254,0.907715,1377.000000,0.608444,-0.177383,-0.385284,1377.000000,16.949966,-26.550003,-103.050003,1377.000000
13780.000000,-0.418457,0.125488,0.904297,1378.000000,0.425339,-0.299454,-0.080109,1378.000000,17.249954,-26.550003,-103.050003,1378.000000
13790.000000,-0.410644,0.129883,0.895019,1379.000000,0.913620,0.185013,-0.324249,1379.000000,17.099960,-25.500000,-103.050003,1379.000000
13800.000000,-0.421875,0.124023,0.897949,1380.000000,0.303268,0.185013,-0.202179,1380.000000,17.099960,-25.650009,-101.100006,1380.000000
13810.000000,-0.416504,0.130859,0.901855,1381.000000,0.486374,0.246048,-0.812531,1381.000000,16.199966,-25.650009,-101.100006,1381.000000
13820.000000,-0.418457,0.130859,0.909179,1382.000000,-0.181198,0.551224,-0.019073,1382.000000,15.749954,-26.550003,-101.250000,1382.000000
13830.000000,-0.417480,0.132324,0.895508,1383.000000,0.547409,0.123978,-0.202179,1383.000000,15.749954,-26.400009,-100.500000,1383.000000
13840.000000,-0.422363,0.125000,0.895996,1384.000000,-0.242233,0.551224,-0.324249,1384.000000,18.449966,-26.400009,-100.500000,1384.000000
13850.000000,-0.420410,0.131348,0.898437,1385.000000,0.120163,0.612259,-0.263214,1385.000000,16.949966,-25.500000,-101.700012,1385.000000
13860.000000,-0.408203,0.120605,0.902832,1386.000000,0.120163,0.185013,0.160217,1386.000000,16.949966,-25.800003,-102.000000,1386.000000
13870.000000,-0.415039,0.129883,0.895019,1387.000000,0.425339,0.246048,-0.324249,1387.000000,16.349960,-25.800003,-102.000000,1387.000000
13880.000000,-0.424805,0.129883,0.909668,1388.000000,0.303268,-0.238419,-0.019073,1388.000000,16.349960,-25.950012,-102.150009,1388.000000
13890.000000,-0.411133,0.140625,0.908203,1389.000000,-0.608444,-0.360489,-0.385284,1389.000000,16.949966,-25.950012,-102.150009,1389.000000
13900.000000,-0.424805,0.125000,0.899902,1390.000000,-0.242233,0.062943,-0.385284,1390.000000,16.949966,-25.800003,-100.650009,1390.000000
13910.000000,-0.406250,0.133301,0.903808,1391.000000,-0.181198,-0.238419,-0.446320,1391.000000,18.449966,-26.250000,-100.200012,1391.000000
13920.000000,-0.419434,0.130371,0.893554,1392.000000,-0.120163,0.001907,0.648499,1392.000000,18.449966,-26.550003,-102.450012,1392.000000
13930.000000,-0.414062,0.122559,0.898437,1393.000000,0.059128,0.429153,0.038147,1393.000000,16.349960,-26.550003,-102.450012,1393.000000
13940.000000,-0.418945,0.128906,0.903320,1394.000000,-0.181198,0.307083,0.038147,1394.000000,17.249954,-25.200012,-101.100006,1394.000000
13950.000000,-0.420410,0.132324,0.901367,1395.000000,0.242233,0.307083,-0.141144,1395.000000,17.249954,-26.250000,-100.650009,1395.000000
13960.000000,-0.410156,0.127930,0.905761,1396.000000,0.000000,-0.116348,-0.385284,1396.000000,17.099960,-26.250000,-100.650009,1396.000000
13970.000000,-0.409180,0.122559,0.899414,1397.000000,0.242233,0.123978,-0.324249,1397.000000,16.349960,-25.650009,-102.150009,1397.000000
13980.000000,-0.416992,0.127930,0.899902,1398.000000,0.425339,-0.055313,-0.019073,1398.000000,16.349960,-26.400009,-101.100006,1398.000000
13990.000000,-0.435547,0.142090,0.903320,1399.000000,0.120163,0.001907,0.160217,1399.000000,15.899963,-26.400009,-101.100006,1399.000000
14000.000000,-0.432129,0.134766,0.895996,1400.000000,-0.181198,-0.177383,-0.019073,1400.000000,17.099960,-24.750000,-102.450012,1400.000000
14010.000000,-0.424316,0.128418,0.915039,1401.000000,0.000000,0.123978,0.038147,1401.000000,17.099960,-25.650009,-100.800003,1401.000000
14020.000000,-0.414551,0.123047,0.902832,1402.000000,0.364304,-0.055313,0.282288,1402.000000,15.449966,-25.650009,-100.800003,1402.000000
14030.000000,-0.414062,0.125488,0.901367,1403.000000,0.120163,0.001907,0.099182,1403.000000,15.449966,-26.250000,-100.950012,1403.000000
14040.000000,-0.409668,0.132324,0.905761,1404.000000,-0.425339,0.429153,0.099182,1404.000000,15.449966,-25.500000,-100.200012,1404.000000
14050.000000,-0.416504,0.126953,0.902344,1405.000000,-0.486374,0.246048,0.221252,1405.000000,16.349960,-25.500000,-100.200012,1405.000000
14060.000000,-0.421875,0.130859,0.901855,1406.000000,-0.303268,0.429153,0.526428,1406.000000,18.149963,-27.150009,-102.900009,1406.000000
14070.000000,-0.405762,0.127930,0.898437,1407.000000,0.120163,0.917435,0.770569,1407.000000,16.349960,-25.200012,-101.100006,1407.000000
14080.000000,-0.419922,0.138184,0.900879,1408.000000,-0.242233,0.429153,0.099182,1408.000000,16.349960,-26.700012,-101.550003,1408.000000
14090.000000,-0.411621,0.125000,0.904785,1409.000000,-0.303268,0.612259,0.099182,1409.000000,16.349960,-26.700012,-101.550003,1409.000000
14100.000000,-0.404297,0.125977,0.899414,1410.000000,-0.364304,0.246048,-0.263214,1410.000000,16.799957,-23.850006,-100.500000,1410.000000
14110.000000,-0.421387,0.137695,0.896972,1411.000000,0.303268,0.673294,-0.324249,1411.000000,16.799957,-26.400009,-99.750000,1411.000000
14120.000000,-0.423828,0.139160,0.907226,1412.000000,-0.181198,0.185013,0.282288,1412.000000,17.249954,-26.400009,-99.750000,1412.000000
14130.000000,-0.419922,0.129883,0.895996,1413.000000,-0.120163,0.917435,0.282288,1413.000000,17.099960,-25.500000,-100.950012,1413.000000
14140.000000,-0.424805,0.134766,0.900390,1414.000000,-0.303268,0.551224,0.160217,1414.000000,17.099960,-26.400009,-101.550003,1414.000000
14150.000000,-0.397949,0.123535,0.899414,1415.000000,0.000000,0.368118,-0.263214,1415.000000,17.099960,-26.400009,-101.550003,1415.000000
14160.000000,-0.403809,0.121582,0.902832,1416.000000,-0.181198,0.490189,0.038147,1416.000000,15.449966,-24.450012,-101.100006,1416.000000
14170.000000,-0.421387,0.136719,0.906250,1417.000000,0.608444,0.551224,-0.263214,1417.000000,16.649963,-24.750000,-100.200012,1417.000000
14180.000000,-0.415039,0.134766,0.894043,1418.000000,0.608444,0.307083,-0.324249,1418.000000,16.949966,-25.500000,-102.000000,1418.000000
14190.000000,-0.413574,0.140137,0.898437,1419.000000,0.181198,0.185013,-0.385284,1419.000000,16.949966,-26.550003,-102.450012,1419.000000
14200.000000,-0.417480,0.130859,0.905761,1420.000000,-0.059128,-0.055313,-0.385284,1420.000000,17.549957,-26.550003,-102.450012,1420.000000
14210.000000,-0.414551,0.137207,0.907226,1421.000000,0.547409,0.123978,-0.263214,1421.000000,16.049957,-24.150009,-101.850006,1421.000000
14220.000000,-0.403320,0.137695,0.904785,1422.000000,0.303268,0.246048,0.343323,1422.000000,15.749954,-25.650009,-101.550003,1422.000000
14230.000000,-0.429687,0.137695,0.898437,1423.000000,0.000000,0.001907,-0.385284,1423.000000,15.749954,-26.400009,-101.850006,1423.000000
14240.000000,-0.422363,0.115723,0.905761,1424.000000,0.120163,0.062943,-0.263214,1424.000000,15.449966,-26.400009,-101.850006,1424.000000
14250.000000,-0.425781,0.131836,0.898437,1425.000000,0.181198,0.246048,-0.202179,1425.000000,16.199966,-25.050003,-101.700012,1425.000000
14260.000000,-0.415527,0.126465,0.896972,1426.000000,0.000000,0.307083,-0.324249,1426.000000,16.199966,-25.800003,-100.200012,1426.000000
14270.000000,-0.421875,0.130859,0.910156,1427.000000,0.669479,0.185013,-0.385284,1427.000000,16.049957,-25.800003,-100.200012,1427.000000
14280.000000,-0.413574,0.125000,0.914062,1428.000000,0.913620,-0.055313,-0.873566,1428.000000,17.249954,-27.150009,-102.150009,1428.000000
14290.000000,-0.428711,0.143555,0.908203,1429.000000,1.157761,0.123978,-0.202179,1429.000000,17.249954,-25.800003,-100.950012,1429.000000
14300.000000,-0.408203,0.126953,0.899414,1430.000000,0.669479,-0.787735,-0.263214,1430.000000,16.199966,-25.800003,-100.950012,1430.000000
14310.000000,-0.411133,0.123535,0.903320,1431.000000,1.035690,-0.299454,-0.080109,1431.000000,17.099960,-26.250000,-101.700012,1431.000000
14320.000000,-0.411621,0.133301,0.902344,1432.000000,1.279831,-0.055313,0.099182,1432.000000,17.099960,-26.700012,-101.100006,1432.000000
14330.000000,-0.424805,0.126465,0.891113,1433.000000,0.120163,-0.299454,-0.019073,1433.000000,16.199966,-26.700012,-101.100006,1433.000000
14340.000000,-0.420410,0.124023,0.896972,1434.000000,0.181198,0.001907,-0.568390,1434.000000,16.649963,-25.050003,-103.500000,1434.000000
14350.000000,-0.414062,0.134277,0.896484,1435.000000,0.303268,-0.238419,0.038147,1435.000000,16.649963,-25.500000,-100.650009,1435.000000
14360.000000,-0.413086,0.128906,0.900879,1436.000000,0.120163,-0.116348,-0.385284,1436.000000,17.549957,-25.500000,-100.650009,1436.000000
14370.000000,-0.425293,0.129395,0.897461,1437.000000,-0.425339,0.246048,-0.202179,1437.000000,17.549957,-25.200012,-101.100006,1437.000000
14380.000000,-0.404785,0.134766,0.900390,1438.000000,-0.669479,0.123978,-0.141144,1438.000000,16.199966,-24.900009,-101.100006,1438.000000
14390.000000,-0.418457,0.147461,0.900390,1439.000000,-0.242233,0.001907,-0.080109,1439.000000,16.199966,-24.750000,-100.950012,1439.000000
14400.000000,-0.421387,0.129883,0.910156,1440.000000,0.059128,-0.421524,-0.324249,1440.000000,17.699966,-24.750000,-100.950012,1440.000000
14410.000000,-0.419922,0.132812,0.901367,1441.000000,-0.181198,-0.299454,-0.019073,1441.000000,16.349960,-25.050003,-101.700012,1441.000000
14420.000000,-0.415039,0.125000,0.903320,1442.000000,-0.059128,0.062943,-0.080109,1442.000000,16.349960,-24.900009,-101.550003,1442.000000
14430.000000,-0.417480,0.135742,0.901855,1443.000000,-0.303268,0.307083,0.099182,1443.000000,16.199966,-24.900009,-101.550003,1443.000000
14440.000000,-0.426758,0.137207,0.896972,1444.000000,0.242233,-0.543594,0.343323,1444.000000,17.099960,-26.250000,-101.700012,1444.000000
14450.000000,-0.431641,0.135742,0.888183,1445.000000,-0.120163,-0.299454,0.404358,1445.000000,17.099960,-25.650009,-101.850006,1445.000000
14460.000000,-0.419922,0.128906,0.904297,1446.000000,0.669479,0.062943,0.465393,1446.000000,16.049957,-25.650009,-101.850006,1446.000000
14470.000000,-0.426758,0.125000,0.907226,1447.000000,-0.547409,-0.116348,0.709534,1447.000000,17.249954,-25.950012,-101.100006,1447.000000
14480.000000,-0.424316,0.131348,0.905273,1448.000000,-0.486374,-0.482559,0.099182,1448.000000,16.349960,-26.250000,-100.200012,1448.000000
14490.000000,-0.419922,0.128906,0.899902,1449.000000,0.242233,-0.360489,0.282288,1449.000000,17.549957,-27.150009,-101.100006,1449.000000
14500.000000,-0.415039,0.129395,0.906738,1450.000000,0.181198,-0.360489,0.343323,1450.000000,17.549957,-24.450012,-101.850006,1450.000000
14510.000000,-0.414062,0.125488,0.898926,1451.000000,-0.059128,-0.421524,0.343323,1451.000000,16.049957,-24.450012,-101.850006,1451.000000
14520.000000,-0.416504,0.132812,0.880859,1452.000000,0.181198,-0.360489,0.343323,1452.000000,15.299957,-25.200012,-101.550003,1452.000000
14530.000000,-0.417480,0.127441,0.906738,1453.000000,-0.181198,0.429153,-0.263214,1453.000000,17.849960,-25.950012,-101.100006,1453.000000
14540.000000,-0.404297,0.125977,0.901855,1454.000000,-0.486374,0.001907,0.343323,1454.000000,17.849960,-26.400009,-101.550003,1454.000000
14550.000000,-0.424316,0.139648,0.911621,1455.000000,0.181198,0.062943,0.099182,1455.000000,18.149963,-26.400009,-101.550003,1455.000000
14560.000000,-0.428711,0.141602,0.900390,1456.000000,0.303268,-0.055313,0.160217,1456.000000,16.649963,-27.150009,-101.850006,1456.000000
14570.000000,-0.404297,0.130371,0.893066,1457.000000,-0.181198,0.001907,0.160217,1457.000000,16.649963,-24.750000,-100.650009,1457.000000
14580.000000,-0.418945,0.141113,0.901367,1458.000000,-0.425339,-0.177383,0.282288,1458.000000,15.749954,-24.750000,-100.650009,1458.000000
14590.000000,-0.425293,0.132324,0.900879,1459.000000,0.364304,-0.299454,0.404358,1459.000000,16.949966,-24.900009,-101.550003,1459.000000
14600.000000,-0.415527,0.141602,0.904297,1460.000000,-0.486374,-0.299454,-0.019073,1460.000000,16.949966,-24.000000,-100.950012,1460.000000
14610.000000,-0.421875,0.125000,0.895996,1461.000000,0.425339,-0.055313,0.404358,1461.000000,16.649963,-24.000000,-100.950012,1461.000000
14620.000000,-0.431641,0.134277,0.896972,1462.000000,-0.181198,0.062943,-0.568390,1462.000000,15.299957,-25.800003,-100.950012,1462.000000
14630.000000,-0.400879,0.130859,0.899414,1463.000000,0.425339,-0.055313,-0.080109,1463.000000,15.299957,-23.100006,-100.800003,1463.000000
14640.000000,-0.420898,0.123047,0.899902,1464.000000,0.242233,-0.238419,-0.202179,1464.000000,16.799957,-23.100006,-100.800003,1464.000000
14650.000000,-0.407715,0.138672,0.907226,1465.000000,0.913620,0.246048,-0.080109,1465.000000,16.049957,-26.700012,-101.100006,1465.000000
14660.000000,-0.409668,0.145508,0.905273,1466.000000,0.425339,-0.116348,-0.141144,1466.000000,16.049957,-25.950012,-101.100006,1466.000000
14670.000000,-0.403809,0.131348,0.900390,1467.000000,0.486374,-0.055313,-0.568390,1467.000000,17.249954,-25.950012,-101.100006,1467.000000
14680.000000,-0.397949,0.134766,0.903320,1468.000000,0.669479,0.673294,-0.507355,1468.000000,17.849960,-26.250000,-99.900009,1468.000000
14690.000000,-0.426758,0.133301,0.897461,1469.000000,0.303268,0.185013,0.282288,1469.000000,17.249954,-25.950012,-99.750000,1469.000000
14700.000000,-0.415039,0.131348,0.895508,1470.000000,0.303268,0.062943,-0.690460,1470.000000,17.249954,-26.250000,-100.950012,1470.000000
14710.000000,-0.418457,0.121094,0.902832,1471.000000,-0.059128,0.123978,-0.263214,1471.000000,16.949966,-26.250000,-100.950012,1471.000000
14720.000000,-0.423828,0.131348,0.891113,1472.000000,-0.303268,0.001907,-0.507355,1472.000000,15.899963,-25.500000,-102.450012,1472.000000
14730.000000,-0.433594,0.126465,0.904785,1473.000000,-0.181198,0.185013,-0.568390,1473.000000,15.899963,-26.550003,-100.950012,1473.000000
14740.000000,-0.417480,0.130371,0.904785,1474.000000,-0.303268,0.123978,0.099182,1474.000000,16.949966,-26.550003,-100.950012,1474.000000
14750.000000,-0.415527,0.142578,0.906250,1475.000000,-0.181198,0.062943,-0.751495,1475.000000,16.649963,-26.550003,-102.750000,1475.000000
14760.000000,-0.411621,0.139648,0.906738,1476.000000,-0.425339,0.062943,0.099182,1476.000000,16.649963,-25.800003,-100.200012,1476.000000
14770.000000,-0.426269,0.127441,0.910156,1477.000000,-0.974655,-0.116348,0.282288,1477.000000,16.799957,-25.800003,-100.200012,1477.000000
14780.000000,-0.410644,0.128906,0.892090,1478.000000,-0.669479,-0.116348,-0.019073,1478.000000,16.799957,-27.150009,-101.100006,1478.000000
14790.000000,-0.416992,0.113770,0.891113,1479.000000,0.000000,-0.604630,-0.446320,1479.000000,16.949966,-27.150009,-101.100006,1479.000000
14800.000000,-0.416504,0.118652,0.909668,1480.000000,-0.303268,-0.665665,-0.019073,1480.000000,16.049957,-27.000000,-102.000000,1480.000000
14810.000000,-0.415039,0.137695,0.907226,1481.000000,-0.303268,-0.177383,-0.019073,1481.000000,16.049957,-25.650009,-101.850006,1481.000000
14820.000000,-0.421387,0.137207,0.909668,1482.000000,-0.791550,-0.726700,-0.263214,1482.000000,17.699966,-25.650009,-101.850006,1482.000000
14830.000000,-0.416992,0.136230,0.901855,1483.000000,-0.608444,-0.421524,-0.019073,1483.000000,17.549957,-26.250000,-101.250000,1483.000000
14840.000000,-0.403320,0.127441,0.895996,1484.000000,-0.913620,0.429153,-0.263214,1484.000000,16.949966,-25.950012,-101.550003,1484.000000
14850.000000,-0.427734,0.137695,0.901855,1485.000000,-0.913620,-0.299454,0.160217,1485.000000,16.949966,-25.500000,-99.900009,1485.000000
14860.000000,-0.415527,0.146973,0.908203,1486.000000,-1.890182,-0.177383,0.526428,1486.000000,16.649963,-25.500000,-99.900009,1486.000000
14870.000000,-0.417480,0.133301,0.892090,1487.000000,-1.462936,-0.177383,0.099182,1487.000000,17.099960,-26.250000,-101.700012,1487.000000
14880.000000,-0.422851,0.124512,0.899414,1488.000000,-0.974655,-0.482559,0.831604,1488.000000,17.099960,-24.900009,-100.500000,1488.000000
14890.000000,-0.416504,0.129395,0.903320,1489.000000,-2.073288,-0.177383,0.709534,1489.000000,16.649963,-24.900009,-100.500000,1489.000000
14900.000000,-0.347656,0.133789,0.911621,1490.000000,-2.134323,2.626419,-1.300812,1490.000000,15.299957,-26.250000,-100.650009,1490.000000
14910.000000,-0.465332,0.121582,0.878418,1491.000000,-0.913620,1.955032,-0.263214,1491.000000,15.299957,-25.950012,-101.550003,1491.000000
14920.000000,-0.417969,0.146973,0.910156,1492.000000,-3.355026,-0.726700,0.709534,1492.000000,16.349960,-25.950012,-101.550003,1492.000000
14930.000000,-0.416504,0.122559,0.906738,1493.000000,-2.439499,0.673294,1.564026,1493.000000,16.799957,-25.200012,-100.800003,1493.000000
14940.000000,-0.416992,0.092285,0.906250,1494.000000,-2.317429,1.771927,-0.446320,1494.000000,16.799957,-25.950012,-101.100006,1494.000000
14950.000000,-0.443359,0.124512,0.898926,1495.000000,-2.744675,-0.299454,0.587463,1495.000000,16.799957,-25.950012,-101.100006,1495.000000
14960.000000,-0.415039,0.130371,0.895996,1496.000000,-2.073288,-0.909805,0.221252,1496.000000,17.549957,-26.700012,-102.150009,1496.000000
14970.000000,-0.418457,0.125000,0.910156,1497.000000,-1.768112,-0.177383,1.014709,1497.000000,17.549957,-25.650009,-101.100006,1497.000000
14980.000000,-0.426758,0.117676,0.894531,1498.000000,-1.523972,1.039505,-0.202179,1498.000000,16.799957,-25.650009,-101.100006,1498.000000
14990.000000,-0.442383,0.119141,0.907715,1499.000000,-0.913620,0.917435,-0.080109,1499.000000,17.249954,-25.950012,-101.100006,1499.000000
15000.000000,-0.427246,0.124023,0.909668,1500.000000,-0.669479,-0.848770,1.014709,1500.000000,17.249954,-25.800003,-102.450012,1500.000000
15010.000000,-0.415527,0.124023,0.889160,1501.000000,-0.730515,0.673294,0.343323,1501.000000,17.249954,-25.500000,-101.250000,1501.000000
15020.000000,-0.418457,0.123535,0.887695,1502.000000,-0.791550,0.185013,0.831604,1502.000000,17.549957,-25.500000,-101.250000,1502.000000
15030.000000,-0.428223,0.123047,0.902832,1503.000000,-0.303268,0.307083,0.465393,1503.000000,16.049957,-26.700012,-101.550003,1503.000000
15040.000000,-0.412109,0.146484,0.912109,1504.000000,-0.120163,0.368118,0.587463,1504.000000,16.049957,-24.900009,-100.800003,1504.000000
15050.000000,-0.425293,0.129883,0.910644,1505.000000,-0.913620,0.429153,0.953674,1505.000000,17.849960,-24.900009,-100.800003,1505.000000
15060.000000,-0.420898,0.138184,0.903808,1506.000000,-0.913620,0.856400,1.319885,1506.000000,16.199966,-25.950012,-100.050003,1506.000000
15070.000000,-0.426758,0.126953,0.910644,1507.000000,-11.838913,0.490189,0.709534,1507.000000,17.099960,-25.500000,-99.900009,1507.000000
15080.000000,-0.405273,0.119629,0.903808,1508.000000,-0.913620,3.847122,0.099182,1508.000000,16.949966,-26.700012,-100.800003,1508.000000
15090.000000,-0.381836,0.122070,0.890625,1509.000000,0.120163,2.565384,-1.850128,1509.000000,16.949966,-26.250000,-100.200012,1509.000000
15100.000000,-0.446777,0.085449,0.878906,1510.000000,-1.279831,1.405716,-0.446320,1510.000000,16.949966,-26.250000,-100.200012,1510.000000
15110.000000,-0.423340,0.146973,0.913574,1511.000000,-0.486374,1.405716,-0.019073,1511.000000,16.049957,-25.800003,-100.650009,1511.000000
15120.000000,-0.416992,0.134277,0.921386,1512.000000,-1.768112,1.832962,0.465393,1512.000000,16.049957,-25.650009,-100.500000,1512.000000
15130.000000,-0.428223,0.132812,0.910644,1513.000000,-0.852585,1.649857,1.258850,1513.000000,16.349960,-25.650009,-100.500000,1513.000000
15140.000000,-0.426758,0.115234,0.916015,1514.000000,1.218796,1.344681,1.258850,1514.000000,18.599960,-25.200012,-100.800003,1514.000000
15150.000000,-0.413086,0.108887,0.902832,1515.000000,0.000000,-0.482559,1.136780,1515.000000,17.249954,-24.450012,-101.100006,1515.000000
15160.000000,-0.415039,0.115234,0.910644,1516.000000,0.303268,0.612259,0.831604,1516.000000,17.249954,-25.050003,-100.950012,1516.000000
15170.000000,-0.411621,0.124023,0.898437,1517.000000,-0.242233,0.612259,0.587463,1517.000000,15.749954,-25.050003,-100.950012,1517.000000
15180.000000,-0.393555,0.116699,0.897461,1518.000000,0.242233,2.138138,1.075745,1518.000000,16.799957,-25.200012,-102.600006,1518.000000
15190.000000,-0.451172,0.092285,0.902832,1519.000000,-0.425339,3.786087,-1.605988,1519.000000,16.799957,-25.200012,-101.550003,1519.000000
15200.000000,-0.425293,0.135254,0.902832,1520.000000,-1.707077,2.321243,1.380920,1520.000000,15.749954,-25.200012,-101.550003,1520.000000
15210.000000,-0.399902,0.132812,0.889648,1521.000000,-0.608444,3.725052,-0.019073,1521.000000,17.099960,-26.700012,-102.600006,1521.000000
15220.000000,-0.424316,0.130859,0.911133,1522.000000,-0.730515,2.565384,1.258850,1522.000000,17.099960,-24.900009,-102.150009,1522.000000
15230.000000,-0.425293,0.124512,0.904785,1523.000000,0.242233,2.565384,0.953674,1523.000000,16.799957,-24.900009,-102.150009,1523.000000
15240.000000,-0.425293,0.134766,0.897461,1524.000000,0.974655,1.405716,0.709534,1524.000000,15.899963,-25.200012,-101.100006,1524.000000
15250.000000,-0.431152,0.128906,0.913574,1525.000000,0.486374,0.185013,0.953674,1525.000000,15.899963,-24.750000,-101.700012,1525.000000
15260.000000,-0.419434,0.127441,0.909668,1526.000000,0.303268,0.551224,0.831604,1526.000000,15.899963,-24.750000,-101.700012,1526.000000
15270.000000,-0.429687,0.117187,0.906250,1527.000000,-0.425339,0.856400,0.343323,1527.000000,15.299957,-26.250000,-102.750000,1527.000000
15280.000000,-0.416992,0.114746,0.903808,1528.000000,-0.547409,2.138138,1.197815,1528.000000,15.299957,-25.950012,-102.150009,1528.000000
15290.000000,-0.433105,0.135742,0.905273,1529.000000,0.242233,3.114700,1.441956,1529.000000,16.649963,-25.950012,-102.150009,1529.000000
15300.000000,-0.448730,0.133301,0.899902,1530.000000,0.120163,0.795364,1.136780,1530.000000,16.649963,-25.050003,-103.050003,1530.000000
15310.000000,-0.417969,0.123047,0.898437,1531.000000,-0.669479,0.917435,1.319885,1531.000000,18.149963,-25.500000,-100.200012,1531.000000
15320.000000,-0.421387,0.121582,0.900879,1532.000000,-0.547409,1.283646,0.831604,1532.000000,18.149963,-25.950012,-103.200012,1532.000000
15330.000000,-0.429687,0.113770,0.901855,1533.000000,0.181198,1.344681,1.441956,1533.000000,15.749954,-25.950012,-103.200012,1533.000000
15340.000000,-0.416504,0.114258,0.903808,1534.000000,0.303268,-0.238419,1.502991,1534.000000,16.799957,-25.650009,-100.800003,1534.000000
15350.000000,-0.416504,0.125977,0.903808,1535.000000,2.439499,1.710892,1.930237,1535.000000,16.799957,-25.650009,-102.600006,1535.000000
15360.000000,-0.379394,0.129883,0.908203,1536.000000,4.514694,2.504349,0.282288,1536.000000,15.899963,-25.650009,-102.600006,1536.000000
15370.000000,-0.423340,0.088379,0.912597,1537.000000,0.913620,3.664017,0.221252,1537.000000,17.699966,-25.800003,-102.450012,1537.000000
15380.000000,-0.430176,0.127441,0.882324,1538.000000,-1.585007,1.283646,0.404358,1538.000000,16.949966,-25.500000,-102.750000,1538.000000
15390.000000,-0.428223,0.127441,0.906738,1539.000000,-1.401901,1.405716,1.258850,1539.000000,17.099960,-25.800003,-101.250000,1539.000000
15400.000000,-0.434082,0.118164,0.904785,1540.000000,-1.279831,1.649857,0.892639,1540.000000,17.099960,-24.900009,-102.900009,1540.000000
15410.000000,-0.424805,0.123047,0.900390,1541.000000,-1.462936,1.344681,0.587463,1541.000000,17.549957,-24.900009,-102.900009,1541.000000
15420.000000,-0.431641,0.121582,0.900879,1542.000000,-1.890182,2.016068,0.892639,1542.000000,16.199966,-25.650009,-102.600006,1542.000000
15430.000000,-0.419922,0.119141,0.903808,1543.000000,-1.401901,2.626419,1.564026,1543.000000,16.199966,-27.000000,-102.000000,1543.000000
15440.000000,-0.422363,0.130859,0.899414,1544.000000,-1.829147,2.443314,1.136780,1544.000000,16.949966,-27.000000,-102.000000,1544.000000
15450.000000,-0.420410,0.110840,0.906738,1545.000000,-0.791550,1.283646,1.014709,1545.000000,16.349960,-25.050003,-101.700012,1545.000000
15460.000000,-0.435059,0.117676,0.898437,1546.000000,-1.035690,2.382278,0.282288,1546.000000,16.049957,-25.950012,-102.150009,1546.000000
15470.000000,-0.427246,0.127441,0.900390,1547.000000,-1.707077,2.260208,1.197815,1547.000000,16.049957,-26.400009,-102.600006,1547.000000
15480.000000,-0.425293,0.125000,0.904297,1548.000000,-0.425339,1.588821,1.014709,1548.000000,16.049957,-26.400009,-102.600006,1548.000000
15490.000000,-0.431152,0.124023,0.894531,1549.000000,-1.768112,1.039505,0.953674,1549.000000,17.249954,-26.400009,-101.850006,1549.000000
15500.000000,-0.438476,0.131348,0.895508,1550.000000,-0.547409,1.527786,0.770569,1550.000000,17.249954,-24.750000,-102.750000,1550.000000
15510.000000,-0.429687,0.126465,0.899414,1551.000000,-1.035690,1.466751,0.526428,1551.000000,17.699966,-24.750000,-102.750000,1551.000000
15520.000000,-0.423340,0.124512,0.905761,1552.000000,-0.791550,1.222610,0.465393,1552.000000,17.549957,-25.800003,-102.750000,1552.000000
15530.000000,-0.432617,0.129395,0.899414,1553.000000,-1.707077,0.612259,0.831604,1553.000000,17.549957,-23.850006,-101.850006,1553.000000
15540.000000,-0.440918,0.124512,0.901855,1554.000000,-1.462936,0.917435,1.136780,1554.000000,16.199966,-23.850006,-101.850006,1554.000000
15550.000000,-0.432129,0.130371,0.911621,1555.000000,0.303268,0.612259,1.075745,1555.000000,17.699966,-24.750000,-103.050003,1555.000000
15560.000000,-0.414062,0.129883,0.899414,1556.000000,4.331589,0.123978,0.343323,1556.000000,17.699966,-26.550003,-102.450012,1556.000000
15570.000000,-0.427246,0.117187,0.895996,1557.000000,-2.134323,1.222610,-0.446320,1557.000000,18.449966,-26.550003,-102.450012,1557.000000
15580.000000,-0.432617,0.145020,0.907715,1558.000000,-0.730515,1.283646,2.052307,1558.000000,17.549957,-26.250000,-101.700012,1558.000000
15590.000000,-0.429199,0.124023,0.869629,1559.000000,-1.340866,1.222610,1.564026,1559.000000,17.549957,-25.650009,-102.600006,1559.000000
15600.000000,-0.433105,0.126953,0.914062,1560.000000,-1.340866,1.344681,1.686096,1560.000000,16.799957,-25.650009,-102.600006,1560.000000
15610.000000,-0.424316,0.129883,0.899414,1561.000000,-1.218796,1.161575,1.625061,1561.000000,16.949966,-25.650009,-100.050003,1561.000000
15620.000000,-0.425293,0.108887,0.892578,1562.000000,-1.096725,1.039505,1.380920,1562.000000,15.899963,-24.000000,-102.750000,1562.000000
15630.000000,-0.427246,0.124512,0.888183,1563.000000,-2.134323,0.490189,1.075745,1563.000000,15.899963,-24.300003,-102.450012,1563.000000
15640.000000,-0.426269,0.120605,0.894531,1564.000000,-2.561569,0.673294,1.564026,1564.000000,16.949966,-24.300003,-102.450012,1564.000000
15650.000000,-0.407226,0.127441,0.898926,1565.000000,-4.209518,1.222610,1.136780,1565.000000,16.799957,-24.750000,-103.050003,1565.000000
15660.000000,-0.428223,0.134277,0.892090,1566.000000,-1.523972,1.100540,1.380920,1566.000000,16.799957,-25.650009,-102.150009,1566.000000
15670.000000,-0.422851,0.132812,0.885742,1567.000000,-0.547409,-0.055313,0.404358,1567.000000,15.449966,-25.650009,-102.150009,1567.000000
15680.000000,-0.453125,0.112793,0.906738,1568.000000,-1.951218,-0.116348,0.831604,1568.000000,15.449966,-25.800003,-101.700012,1568.000000
15690.000000,-0.423828,0.147949,0.884277,1569.000000,-2.073288,0.307083,0.404358,1569.000000,16.799957,-25.800003,-101.700012,1569.000000
15700.000000,-0.428711,0.123047,0.905273,1570.000000,-2.439499,1.039505,1.197815,1570.000000,18.449966,-25.200012,-101.850006,1570.000000
15710.000000,-0.421387,0.123047,0.895508,1571.000000,-2.683640,1.100540,1.808167,1571.000000,18.449966,-24.750000,-101.250000,1571.000000
15720.000000,-0.429687,0.117187,0.888183,1572.000000,-0.791550,1.588821,1.869202,1572.000000,16.049957,-24.750000,-101.250000,1572.000000
15730.000000,-0.433594,0.119629,0.909179,1573.000000,-1.157761,0.978470,1.564026,1573.000000,18.599960,-25.650009,-102.900009,1573.000000
15740.000000,-0.437988,0.120605,0.896972,1574.000000,-1.157761,1.466751,0.953674,1574.000000,18.599960,-26.700012,-101.850006,1574.000000
15750.000000,-0.419434,0.101562,0.898437,1575.000000,3.049850,0.429153,0.892639,1575.000000,17.549957,-26.700012,-101.850006,1575.000000
15760.000000,-0.434082,0.112305,0.895508,1576.000000,-1.401901,-0.604630,-1.178741,1576.000000,16.799957,-25.200012,-101.550003,1576.000000
15770.000000,-0.432617,0.122559,0.888183,1577.000000,-2.439499,0.001907,1.686096,1577.000000,17.099960,-24.900009,-102.900009,1577.000000
15780.000000,-0.430664,0.120605,0.884765,1578.000000,-1.218796,1.649857,1.380920,1578.000000,17.099960,-25.650009,-101.550003,1578.000000
15790.000000,-0.437500,0.127441,0.882812,1579.000000,-1.951218,0.917435,0.892639,1579.000000,17.099960,-25.650009,-101.550003,1579.000000
15800.000000,-0.430664,0.121094,0.884277,1580.000000,-1.523972,2.138138,0.709534,1580.000000,16.799957,-25.650009,-101.100006,1580.000000
15810.000000,-0.444336,0.125977,0.891113,1581.000000,-1.646042,1.405716,0.465393,1581.000000,16.799957,-25.650009,-101.850006,1581.000000
15820.000000,-0.437988,0.115723,0.897461,1582.000000,-0.730515,0.673294,0.465393,1582.000000,16.349960,-25.650009,-101.850006,1582.000000
15830.000000,-0.431641,0.119629,0.899902,1583.000000,-2.195358,0.185013,0.221252,1583.000000,16.649963,-23.850006,-101.550003,1583.000000
15840.000000,-0.442383,0.114746,0.896484,1584.000000,-2.317429,0.062943,0.709534,1584.000000,16.649963,-25.800003,-101.250000,1584.000000
15850.000000,-0.439941,0.126465,0.902344,1585.000000,-1.279831,-0.909805,0.465393,1585.000000,16.799957,-25.800003,-101.250000,1585.000000
15860.000000,-0.433594,0.117676,0.898437,1586.000000,-1.890182,-0.665665,0.404358,1586.000000,17.249954,-25.950012,-101.550003,1586.000000
15870.000000,-0.440430,0.132812,0.895019,1587.000000,-1.890182,-0.421524,0.526428,1587.000000,17.249954,-23.550003,-103.800003,1587.000000
15880.000000,-0.434570,0.126465,0.903320,1588.000000,-1.218796,1.344681,0.587463,1588.000000,17.549957,-23.550003,-103.800003,1588.000000
15890.000000,-0.401855,0.120117,0.885742,1589.000000,2.378464,1.344681,0.038147,1589.000000,17.699966,-25.950012,-101.100006,1589.000000
15900.000000,-0.457031,0.090332,0.911133,1590.000000,-2.500534,0.246048,-1.178741,1590.000000,17.699966,-24.000000,-102.450012,1590.000000
15910.000000,-0.436035,0.158203,0.891601,1591.000000,-1.890182,1.771927,1.075745,1591.000000,17.699966,-24.000000,-102.450012,1591.000000
15920.000000,-0.428711,0.120117,0.898926,1592.000000,-0.730515,0.795364,0.953674,1592.000000,16.199966,-25.050003,-100.950012,1592.000000
15930.000000,-0.441894,0.124512,0.905273,1593.000000,-0.608444,-0.604630,1.075745,1593.000000,16.799957,-25.050003,-101.250000,1593.000000
15940.000000,-0.417480,0.130859,0.898437,1594.000000,4.026413,-0.055313,0.648499,1594.000000,16.799957,-25.200012,-101.100006,1594.000000
15950.000000,-0.431641,0.092773,0.903320,1595.000000,-1.035690,-1.337051,-0.446320,1595.000000,16.199966,-25.200012,-101.100006,1595.000000
15960.000000,-0.426269,0.146484,0.881836,1596.000000,-0.059128,1.466751,1.075745,1596.000000,17.549957,-25.050003,-103.050003,1596.000000
15970.000000,-0.425781,0.112305,0.900390,1597.000000,-1.829147,0.185013,0.526428,1597.000000,16.199966,-24.900009,-102.600006,1597.000000
15980.000000,-0.432617,0.109375,0.908691,1598.000000,0.120163,1.710892,0.953674,1598.000000,17.849960,-25.050003,-102.450012,1598.000000
15990.000000,-0.419922,0.118652,0.906250,1599.000000,-0.669479,1.771927,0.831604,1599.000000,17.849960,-25.950012,-102.600006,1599.000000
16000.000000,-0.433594,0.117187,0.903808,1600.000000,0.425339,0.734329,0.770569,1600.000000,17.999954,-25.950012,-102.600006,1600.000000
16010.000000,-0.439453,0.110352,0.902344,1601.000000,-0.059128,-0.055313,0.465393,1601.000000,16.799957,-25.800003,-101.700012,1601.000000
16020.000000,-0.431152,0.131836,0.898926,1602.000000,-0.181198,-0.116348,0.648499,1602.000000,16.799957,-24.450012,-103.650009,1602.000000
16030.000000,-0.445312,0.133301,0.888672,1603.000000,0.000000,-0.116348,-0.202179,1603.000000,16.799957,-24.450012,-103.650009,1603.000000
16040.000000,-0.425781,0.125000,0.891601,1604.000000,-0.364304,0.490189,-0.324249,1604.000000,17.249954,-24.900009,-102.150009,1604.000000
16050.000000,-0.430176,0.124023,0.895996,1605.000000,-0.425339,0.795364,-0.507355,1605.000000,17.249954,-26.550003,-101.700012,1605.000000
16060.000000,-0.441894,0.130371,0.883789,1606.000000,-1.035690,1.283646,-0.202179,1606.000000,16.049957,-26.550003,-101.700012,1606.000000
16070.000000,-0.441406,0.128418,0.894043,1607.000000,-1.279831,0.429153,-0.141144,1607.000000,15.149963,-25.650009,-101.850006,1607.000000
16080.000000,-0.437012,0.121582,0.902832,1608.000000,-1.157761,0.368118,0.587463,1608.000000,16.349960,-24.300003,-102.450012,1608.000000
16090.000000,-0.457519,0.130859,0.898437,1609.000000,-0.913620,0.062943,0.465393,1609.000000,16.349960,-26.700012,-102.600006,1609.000000
16100.000000,-0.442871,0.122070,0.895508,1610.000000,-0.425339,-0.360489,0.343323,1610.000000,17.549957,-26.700012,-102.600006,1610.000000
16110.000000,-0.435059,0.116211,0.884277,1611.000000,0.059128,0.185013,-0.202179,1611.000000,16.949966,-23.400009,-101.850006,1611.000000
16120.000000,-0.438965,0.113770,0.890136,1612.000000,-0.730515,0.185013,-0.568390,1612.000000,16.949966,-25.050003,-102.750000,1612.000000
16130.000000,-0.437988,0.109375,0.889648,1613.000000,-0.547409,0.246048,-0.019073,1613.000000,16.649963,-25.050003,-102.750000,1613.000000
16140.000000,-0.440918,0.120605,0.893554,1614.000000,-1.462936,0.368118,0.526428,1614.000000,17.249954,-24.300003,-102.450012,1614.000000
16150.000000,-0.443359,0.110840,0.899902,1615.000000,-2.195358,-0.055313,0.892639,1615.000000,17.249954,-24.750000,-101.250000,1615.000000
16160.000000,-0.426269,0.128906,0.895019,1616.000000,-1.523972,0.917435,1.075745,1616.000000,16.199966,-24.750000,-101.250000,1616.000000
16170.000000,-0.434082,0.115234,0.889648,1617.000000,-3.110886,0.001907,1.564026,1617.000000,16.649963,-24.300003,-103.500000,1617.000000
16180.000000,-0.436523,0.116211,0.890136,1618.000000,-3.843307,1.405716,1.564026,1618.000000,16.649963,-25.050003,-102.000000,1618.000000
16190.000000,-0.415527,0.109375,0.893066,1619.000000,-4.514694,1.405716,0.709534,1619.000000,16.949966,-25.050003,-102.000000,1619.000000
16200.000000,-0.432129,0.109375,0.892090,1620.000000,-3.232956,1.527786,0.953674,1620.000000,16.349960,-25.800003,-101.250000,1620.000000
16210.000000,-0.440430,0.117187,0.896484,1621.000000,-1.768112,0.612259,0.160217,1621.000000,16.349960,-24.450012,-102.900009,1621.000000
16220.000000,-0.427734,0.120605,0.898926,1622.000000,-2.195358,0.368118,0.282288,1622.000000,16.949966,-24.450012,-102.900009,1622.000000
16230.000000,-0.439941,0.109375,0.900879,1623.000000,-1.951218,0.062943,1.258850,1623.000000,18.449966,-26.250000,-102.450012,1623.000000
16240.000000,-0.425781,0.113281,0.894531,1624.000000,-1.340866,0.551224,1.197815,1624.000000,18.449966,-25.050003,-102.000000,1624.000000
16250.000000,-0.437500,0.115234,0.903320,1625.000000,-1.340866,0.123978,1.075745,1625.000000,18.449966,-24.300003,-102.450012,1625.000000
16260.000000,-0.439453,0.120117,0.891601,1626.000000,-2.012253,-0.665665,0.831604,1626.000000,16.949966,-24.300003,-102.450012,1626.000000
16270.000000,-0.418945,0.113281,0.890625,1627.000000,-1.829147,-0.238419,0.221252,1627.000000,17.999954,-24.750000,-102.750000,1627.000000
16280.000000,-0.427246,0.113770,0.885742,1628.000000,-1.096725,0.123978,-0.995636,1628.000000,16.049957,-24.750000,-103.050003,1628.000000
16290.000000,-0.432129,0.117187,0.902832,1629.000000,-0.425339,-0.177383,-0.995636,1629.000000,16.349960,-24.450012,-102.150009,1629.000000
16300.000000,-0.413574,0.125000,0.907226,1630.000000,0.059128,-0.482559,-0.873566,1630.000000,16.349960,-23.400009,-101.550003,1630.000000
16310.000000,-0.429199,0.128418,0.903320,1631.000000,-0.059128,-1.214981,-0.812531,1631.000000,16.949966,-23.400009,-101.550003,1631.000000
16320.000000,-0.437012,0.107910,0.894043,1632.000000,-0.242233,-1.031876,-1.056671,1632.000000,16.949966,-25.050003,-102.000000,1632.000000
16330.000000,-0.443359,0.108398,0.901367,1633.000000,-0.547409,-0.848770,-0.568390,1633.000000,16.949966,-24.750000,-101.700012,1633.000000
16340.000000,-0.439453,0.118164,0.891601,1634.000000,-0.425339,-0.909805,-0.568390,1634.000000,17.699966,-24.750000,-101.700012,1634.000000
16350.000000,-0.433594,0.102051,0.892578,1635.000000,0.547409,-1.581192,-0.690460,1635.000000,16.649963,-25.050003,-102.450012,1635.000000
16360.000000,-0.440430,0.097168,0.901855,1636.000000,0.425339,-0.726700,-0.873566,1636.000000,16.649963,-24.300003,-102.450012,1636.000000
16370.000000,-0.435547,0.105957,0.892578,1637.000000,0.608444,-0.421524,-0.751495,1637.000000,16.349960,-24.300003,-102.450012,1637.000000
16380.000000,-0.431152,0.105469,0.892090,1638.000000,0.974655,-0.543594,-1.056671,1638.000000,17.849960,-23.400009,-101.100006,1638.000000
16390.000000,-0.435059,0.124512,0.908203,1639.000000,0.425339,-0.726700,-0.995636,1639.000000,16.649963,-24.900009,-103.650009,1639.000000
16400.000000,-0.427246,0.117676,0.895019,1640.000000,0.669479,-1.031876,-0.446320,1640.000000,16.649963,-24.000000,-102.450012,1640.000000
16410.000000,-0.430176,0.114258,0.895508,1641.000000,-0.303268,-0.970840,0.343323,1641.000000,16.049957,-24.000000,-102.450012,1641.000000
16420.000000,-0.430664,0.111328,0.893066,1642.000000,-0.181198,-1.337051,-0.019073,1642.000000,17.099960,-25.650009,-101.850006,1642.000000
16430.000000,-0.436523,0.128906,0.898926,1643.000000,-1.096725,-1.337051,0.099182,1643.000000,17.099960,-24.150009,-102.900009,1643.000000
16440.000000,-0.447754,0.122070,0.896972,1644.000000,-1.462936,-1.825333,-0.019073,1644.000000,16.799957,-24.150009,-102.900009,1644.000000
16450.000000,-0.433105,0.106445,0.891601,1645.000000,-1.340866,-0.848770,-0.019073,1645.000000,16.949966,-24.450012,-101.550003,1645.000000
16460.000000,-0.430176,0.118652,0.885742,1646.000000,-2.378464,-0.604630,-0.141144,1646.000000,16.949966,-24.000000,-102.000000,1646.000000
16470.000000,-0.425293,0.106934,0.889648,1647.000000,-0.730515,-0.482559,-0.629425,1647.000000,16.199966,-24.000000,-102.000000,1647.000000
16480.000000,-0.436035,0.113281,0.887695,1648.000000,-0.730515,-1.031876,-1.056671,1648.000000,16.949966,-25.050003,-102.750000,1648.000000
16490.000000,-0.436035,0.111816,0.899414,1649.000000,0.425339,0.001907,-0.080109,1649.000000,16.949966,-25.050003,-101.250000,1649.000000
16500.000000,-0.433105,0.111816,0.890136,1650.000000,0.547409,-0.726700,-0.812531,1650.000000,16.049957,-25.050003,-101.250000,1650.000000
16510.000000,-0.428223,0.112305,0.906738,1651.000000,1.157761,-0.543594,-0.019073,1651.000000,17.699966,-24.450012,-101.550003,1651.000000
16520.000000,-0.431641,0.109375,0.915527,1652.000000,0.791550,-2.069473,-0.202179,1652.000000,17.699966,-25.800003,-102.000000,1652.000000
16530.000000,-0.433594,0.110840,0.899414,1653.000000,1.585007,-1.642227,-0.385284,1653.000000,16.199966,-25.800003,-102.000000,1653.000000
16540.000000,-0.431641,0.123047,0.904297,1654.000000,1.646042,-1.825333,-0.751495,1654.000000,16.949966,-24.000000,-102.450012,1654.000000
16550.000000,-0.433594,0.103516,0.898926,1655.000000,0.608444,-1.459122,-0.568390,1655.000000,16.349960,-23.550003,-101.700012,1655.000000
16560.000000,-0.440430,0.104980,0.905761,1656.000000,0.242233,-1.520157,-0.629425,1656.000000,16.349960,-24.450012,-101.100006,1656.000000
16570.000000,-0.423828,0.105469,0.882324,1657.000000,-0.608444,-1.520157,-0.507355,1657.000000,16.049957,-24.450012,-101.100006,1657.000000
16580.000000,-0.420898,0.117187,0.894043,1658.000000,0.000000,-0.848770,-0.568390,1658.000000,16.049957,-25.650009,-101.850006,1658.000000
16590.000000,-0.442871,0.120605,0.890625,1659.000000,0.242233,-1.031876,-0.141144,1659.000000,17.699966,-25.650009,-101.850006,1659.000000
16600.000000,-0.429199,0.117187,0.899414,1660.000000,0.181198,-0.909805,0.038147,1660.000000,17.699966,-25.500000,-103.500000,1660.000000
16610.000000,-0.434082,0.096191,0.916015,1661.000000,0.852585,-0.909805,-0.202179,1661.000000,17.699966,-23.550003,-103.800003,1661.000000
16620.000000,-0.433594,0.107910,0.897461,1662.000000,0.913620,-0.848770,-0.263214,1662.000000,17.699966,-23.550003,-103.800003,1662.000000
16630.000000,-0.432617,0.108887,0.912597,1663.000000,0.730515,-0.909805,-0.141144,1663.000000,17.249954,-24.000000,-100.650009,1663.000000
16640.000000,-0.440430,0.115723,0.902832,1664.000000,0.547409,-0.299454,-0.812531,1664.000000,17.249954,-24.300003,-100.950012,1664.000000
16650.000000,-0.419434,0.113770,0.902344,1665.000000,0.000000,-0.665665,-0.507355,1665.000000,17.249954,-24.300003,-100.950012,1665.000000
16660.000000,-0.423828,0.111816,0.885742,1666.000000,0.303268,-0.726700,-0.934601,1666.000000,16.349960,-23.550003,-102.000000,1666.000000
16670.000000,-0.437988,0.103516,0.899902,1667.000000,0.486374,0.368118,-1.239777,1667.000000,16.349960,-24.900009,-101.100006,1667.000000
16680.000000,-0.432129,0.115234,0.905761,1668.000000,1.035690,-0.604630,-1.056671,1668.000000,16.349960,-24.900009,-101.100006,1668.000000
16690.000000,-0.417480,0.112305,0.903320,1669.000000,0.852585,-0.604630,-0.873566,1669.000000,15.899963,-24.450012,-102.600006,1669.000000
16700.000000,-0.433594,0.121582,0.903320,1670.000000,1.340866,-0.665665,-0.385284,1670.000000,16.649963,-24.300003,-102.750000,1670.000000
16710.000000,-0.426269,0.120117,0.919433,1671.000000,1.096725,-1.764297,-0.324249,1671.000000,16.649963,-24.300003,-102.000000,1671.000000
16720.000000,-0.445801,0.110352,0.908203,1672.000000,0.608444,-1.276016,-0.751495,1672.000000,15.899963,-24.300003,-102.000000,1672.000000
16730.000000,-0.434570,0.113770,0.897461,1673.000000,-0.486374,-1.153946,-0.385284,1673.000000,17.099960,-25.800003,-102.750000,1673.000000
16740.000000,-0.430176,0.112793,0.895508,1674.000000,-0.181198,-0.238419,-0.385284,1674.000000,17.099960,-25.650009,-102.600006,1674.000000
16750.000000,-0.428711,0.129395,0.902344,1675.000000,-1.340866,0.123978,-0.202179,1675.000000,16.649963,-25.650009,-102.600006,1675.000000
16760.000000,-0.445801,0.114258,0.893066,1676.000000,-0.974655,-0.177383,-0.019073,1676.000000,16.349960,-25.800003,-102.000000,1676.000000
16770.000000,-0.434570,0.116699,0.902344,1677.000000,-1.462936,0.551224,-0.629425,1677.000000,16.349960,-24.900009,-102.150009,1677.000000
16780.000000,-0.417480,0.106445,0.901367,1678.000000,-2.195358,-0.360489,-0.873566,1678.000000,15.449966,-24.900009,-102.150009,1678.000000
16790.000000,-0.421875,0.107910,0.905761,1679.000000,-1.585007,-0.970840,-2.216339,1679.000000,17.699966,-25.500000,-102.000000,1679.000000
16800.000000,-0.423340,0.111328,0.905761,1680.000000,0.181198,-0.360489,-1.056671,1680.000000,17.699966,-24.300003,-101.700012,1680.000000
16810.000000,-0.425293,0.121582,0.903808,1681.000000,0.000000,-0.482559,-0.568390,1681.000000,16.799957,-24.300003,-101.700012,1681.000000
16820.000000,-0.440918,0.104492,0.905273,1682.000000,-0.181198,-0.787735,0.221252,1682.000000,17.249954,-24.450012,-101.550003,1682.000000
16830.000000,-0.429199,0.114746,0.904785,1683.000000,-0.059128,-0.360489,-0.202179,1683.000000,17.249954,-25.050003,-100.950012,1683.000000
16840.000000,-0.414062,0.110840,0.912109,1684.000000,0.000000,-0.604630,-0.324249,1684.000000,17.099960,-25.050003,-100.950012,1684.000000
16850.000000,-0.431641,0.119629,0.892578,1685.000000,-0.486374,0.185013,-0.019073,1685.000000,16.649963,-24.450012,-102.600006,1685.000000
16860.000000,-0.431152,0.114258,0.887695,1686.000000,-1.462936,0.673294,-0.690460,1686.000000,17.249954,-25.500000,-103.050003,1686.000000
16870.000000,-0.420898,0.105957,0.904785,1687.000000,-0.913620,0.368118,-0.568390,1687.000000,16.199966,-23.550003,-102.750000,1687.000000
16880.000000,-0.429199,0.110352,0.898926,1688.000000,-0.791550,0.612259,-0.263214,1688.000000,17.549957,-24.750000,-102.750000,1688.000000
16890.000000,-0.430664,0.108887,0.900390,1689.000000,-0.059128,0.123978,0.282288,1689.000000,17.549957,-24.900009,-101.100006,1689.000000
16900.000000,-0.430176,0.114258,0.909668,1690.000000,-0.303268,0.612259,0.526428,1690.000000,17.249954,-24.900009,-101.100006,1690.000000
16910.000000,-0.433594,0.116211,0.913086,1691.000000,0.242233,0.062943,0.709534,1691.000000,15.449966,-24.300003,-102.450012,1691.000000
16920.000000,-0.439941,0.108887,0.899414,1692.000000,-0.120163,0.551224,0.404358,1692.000000,15.449966,-25.500000,-104.100006,1692.000000
16930.000000,-0.437012,0.107910,0.899902,1693.000000,-0.242233,0.368118,0.587463,1693.000000,15.749954,-25.500000,-104.100006,1693.000000
16940.000000,-0.427734,0.115723,0.899902,1694.000000,-2.256393,0.062943,0.526428,1694.000000,16.199966,-24.450012,-101.550003,1694.000000
16950.000000,-0.417480,0.104004,0.895508,1695.000000,-1.768112,0.673294,0.099182,1695.000000,16.199966,-25.050003,-103.500000,1695.000000
16960.000000,-0.412109,0.119141,0.893066,1696.000000,-2.012253,0.795364,0.160217,1696.000000,17.699966,-25.050003,-103.500000,1696.000000
16970.000000,-0.417480,0.107910,0.890625,1697.000000,-2.439499,-0.238419,-0.324249,1697.000000,17.549957,-24.300003,-101.700012,1697.000000
16980.000000,-0.421875,0.122070,0.890625,1698.000000,-2.744675,-0.116348,0.099182,1698.000000,17.549957,-24.450012,-101.550003,1698.000000
16990.000000,-0.431641,0.117676,0.916015,1699.000000,-2.439499,0.001907,-0.080109,1699.000000,17.099960,-24.450012,-101.550003,1699.000000
17000.000000,-0.434082,0.125000,0.895508,1700.000000,-4.026413,-0.238419,-0.812531,1700.000000,17.099960,-24.150009,-101.100006,1700.000000
17010.000000,-0.428711,0.100586,0.904785,1701.000000,0.669479,0.551224,-1.422882,1701.000000,16.949966,-24.900009,-101.550003,1701.000000
17020.000000,-0.438476,0.121582,0.896972,1702.000000,-0.486374,-0.299454,0.160217,1702.000000,16.949966,-25.800003,-103.050003,1702.000000
17030.000000,-0.427246,0.107422,0.905761,1703.000000,-0.059128,0.001907,-0.080109,1703.000000,17.699966,-25.800003,-103.050003,1703.000000
17040.000000,-0.442383,0.107910,0.901855,1704.000000,-0.608444,0.062943,0.099182,1704.000000,17.099960,-24.300003,-101.700012,1704.000000
17050.000000,-0.431641,0.110840,0.908203,1705.000000,-1.157761,0.123978,0.404358,1705.000000,17.099960,-24.450012,-103.200012,1705.000000
17060.000000,-0.423828,0.120117,0.903808,1706.000000,-0.730515,-0.177383,-0.141144,1706.000000,16.949966,-24.450012,-103.200012,1706.000000
17070.000000,-0.426758,0.115723,0.878418,1707.000000,-0.913620,0.429153,0.221252,1707.000000,16.799957,-24.750000,-102.000000,1707.000000
17080.000000,-0.429687,0.095703,0.895996,1708.000000,-1.585007,-0.299454,0.099182,1708.000000,16.799957,-23.100006,-102.600006,1708.000000
17090.000000,-0.426758,0.114258,0.887207,1709.000000,-1.585007,-0.238419,-0.202179,1709.000000,17.249954,-23.100006,-102.600006,1709.000000
17100.000000,-0.436035,0.124512,0.903320,1710.000000,-1.829147,0.062943,0.099182,1710.000000,16.949966,-26.250000,-102.750000,1710.000000
17110.000000,-0.432617,0.108398,0.904297,1711.000000,-0.974655,-0.055313,-0.385284,1711.000000,16.949966,-23.550003,-101.250000,1711.000000
17120.000000,-0.428711,0.108398,0.896484,1712.000000,-0.425339,-0.116348,-0.141144,1712.000000,16.649963,-23.550003,-101.250000,1712.000000
17130.000000,-0.425781,0.110840,0.903808,1713.000000,0.242233,-0.055313,-0.080109,1713.000000,15.899963,-24.300003,-102.000000,1713.000000
17140.000000,-0.425781,0.105957,0.898926,1714.000000,-0.242233,-0.116348,-1.056671,1714.000000,15.899963,-25.050003,-103.500000,1714.000000
17150.000000,-0.433594,0.101562,0.897949,1715.000000,0.181198,-0.421524,-0.446320,1715.000000,15.899963,-25.050003,-103.500000,1715.000000
17160.000000,-0.422363,0.103027,0.902832,1716.000000,-0.181198,-0.726700,-0.324249,1716.000000,16.199966,-24.000000,-102.450012,1716.000000
17170.000000,-0.421387,0.106445,0.909668,1717.000000,-0.791550,-0.543594,-0.568390,1717.000000,16.349960,-25.800003,-102.750000,1717.000000
17180.000000,-0.435547,0.116699,0.902344,1718.000000,-1.218796,-0.238419,-0.446320,1718.000000,16.349960,-25.650009,-100.800003,1718.000000
17190.000000,-0.439453,0.109375,0.887695,1719.000000,-1.096725,0.734329,-0.629425,1719.000000,16.049957,-23.850006,-102.150009,1719.000000
17200.000000,-0.435059,0.105957,0.911133,1720.000000,-2.073288,0.551224,-0.446320,1720.000000,16.049957,-24.150009,-103.200012,1720.000000
17210.000000,-0.432129,0.104004,0.892090,1721.000000,-0.913620,0.062943,-0.934601,1721.000000,17.849960,-24.150009,-103.200012,1721.000000
17220.000000,-0.427246,0.110352,0.894043,1722.000000,-0.974655,-0.421524,-0.934601,1722.000000,16.949966,-23.100006,-102.150009,1722.000000
17230.000000,-0.425293,0.101074,0.898437,1723.000000,-0.730515,-0.421524,-0.873566,1723.000000,16.949966,-25.050003,-103.500000,1723.000000
17240.000000,-0.426758,0.110840,0.906738,1724.000000,-2.927780,-0.848770,-0.934601,1724.000000,16.049957,-25.050003,-103.500000,1724.000000
17250.000000,-0.438965,0.109863,0.906250,1725.000000,-1.096725,-0.665665,-2.460480,1725.000000,17.249954,-24.900009,-102.600006,1725.000000
17260.000000,-0.422363,0.091797,0.897949,1726.000000,0.059128,-0.421524,-0.385284,1726.000000,17.249954,-25.500000,-103.500000,1726.000000
17270.000000,-0.417969,0.112793,0.909668,1727.000000,-0.913620,-1.214981,0.343323,1727.000000,16.649963,-25.500000,-103.500000,1727.000000
17280.000000,-0.428711,0.102539,0.909179,1728.000000,-1.401901,-0.482559,0.160217,1728.000000,16.199966,-26.250000,-102.000000,1728.000000
17290.000000,-0.412598,0.097656,0.913086,1729.000000,-1.890182,-0.848770,0.343323,1729.000000,16.199966,-23.550003,-103.050003,1729.000000
17300.000000,-0.430664,0.101074,0.892090,1730.000000,-1.768112,0.062943,-0.141144,1730.000000,16.349960,-23.550003,-103.050003,1730.000000
17310.000000,-0.433105,0.094238,0.900390,1731.000000,-1.585007,0.490189,0.221252,1731.000000,16.349960,-24.150009,-101.550003,1731.000000
17320.000000,-0.424805,0.097168,0.903808,1732.000000,-1.951218,-0.238419,0.282288,1732.000000,18.599960,-23.100006,-103.200012,1732.000000
17330.000000,-0.427246,0.091797,0.905761,1733.000000,-2.805710,0.001907,-0.324249,1733.000000,18.599960,-23.400009,-101.550003,1733.000000
17340.000000,-0.419922,0.096191,0.897461,1734.000000,-2.256393,0.062943,-0.629425,1734.000000,17.999954,-23.400009,-101.550003,1734.000000
17350.000000,-0.437988,0.102539,0.891601,1735.000000,-2.256393,-0.482559,-0.202179,1735.000000,17.549957,-24.300003,-102.750000,1735.000000
17360.000000,-0.425293,0.099609,0.897461,1736.000000,-2.744675,-0.055313,-0.446320,1736.000000,17.549957,-25.200012,-103.650009,1736.000000
17370.000000,-0.447754,0.087891,0.909179,1737.000000,-2.866745,-0.848770,-1.667023,1737.000000,17.099960,-25.200012,-103.650009,1737.000000
17380.000000,-0.413086,0.078613,0.920410,1738.000000,-1.523972,-0.421524,-1.361847,1738.000000,15.899963,-25.200012,-101.850006,1738.000000
17390.000000,-0.416992,0.107422,0.886719,1739.000000,-2.439499,-2.130508,-0.934601,1739.000000,15.899963,-25.050003,-103.500000,1739.000000
17400.000000,-0.451660,0.101074,0.900390,1740.000000,-0.547409,-1.092911,-0.812531,1740.000000,16.949966,-25.050003,-103.500000,1740.000000
17410.000000,-0.434570,0.104492,0.910644,1741.000000,-1.096725,-0.360489,-0.324249,1741.000000,17.099960,-24.750000,-102.000000,1741.000000
17420.000000,-0.423828,0.092773,0.903808,1742.000000,-1.829147,0.185013,0.343323,1742.000000,17.099960,-24.450012,-103.200012,1742.000000
17430.000000,-0.438965,0.107910,0.913574,1743.000000,-1.829147,0.062943,0.343323,1743.000000,17.549957,-24.450012,-103.200012,1743.000000
17440.000000,-0.430176,0.095215,0.893066,1744.000000,-1.646042,-0.055313,-0.141144,1744.000000,16.949966,-24.450012,-102.900009,1744.000000
17450.000000,-0.435547,0.103516,0.897461,1745.000000,-1.707077,-0.055313,0.099182,1745.000000,16.949966,-23.250000,-101.700012,1745.000000
17460.000000,-0.434082,0.113281,0.899902,1746.000000,-3.660202,-0.177383,-0.324249,1746.000000,16.799957,-23.250000,-101.700012,1746.000000
17470.000000,-0.425293,0.095703,0.895019,1747.000000,-1.768112,-1.092911,-2.338409,1747.000000,17.849960,-24.150009,-102.150009,1747.000000
17480.000000,-0.427246,0.109863,0.893066,1748.000000,-1.462936,-1.153946,0.648499,1748.000000,17.849960,-24.900009,-103.200012,1748.000000
17490.000000,-0.426758,0.093750,0.895996,1749.000000,-1.462936,-0.238419,0.038147,1749.000000,17.549957,-24.900009,-103.200012,1749.000000
17500.000000,-0.418457,0.093262,0.898437,1750.000000,-1.462936,-0.482559,-0.385284,1750.000000,17.249954,-23.850006,-102.150009,1750.000000
17510.000000,-0.416992,0.083496,0.906250,1751.000000,-0.669479,0.001907,0.099182,1751.000000,17.249954,-22.500000,-102.000000,1751.000000
17520.000000,-0.423828,0.100098,0.900390,1752.000000,-1.096725,-0.238419,0.221252,1752.000000,17.699966,-22.500000,-102.000000,1752.000000
17530.000000,-0.417480,0.098145,0.906738,1753.000000,-0.181198,-0.238419,0.038147,1753.000000,16.799957,-24.750000,-102.750000,1753.000000
17540.000000,-0.434570,0.091797,0.914062,1754.000000,0.120163,-0.299454,-0.019073,1754.000000,16.799957,-24.150009,-102.900009,1754.000000
17550.000000,-0.439453,0.089844,0.900879,1755.000000,-0.669479,-0.482559,-0.812531,1755.000000,16.649963,-24.150009,-102.900009,1755.000000
17560.000000,-0.440430,0.092773,0.901855,1756.000000,0.364304,-0.116348,0.221252,1756.000000,17.849960,-25.050003,-100.650009,1756.000000
17570.000000,-0.424316,0.108887,0.904785,1757.000000,-0.181198,0.123978,-0.446320,1757.000000,17.849960,-23.850006,-102.900009,1757.000000
17580.000000,-0.416016,0.093750,0.900879,1758.000000,-0.181198,-0.238419,-0.385284,1758.000000,15.449966,-23.850006,-102.900009,1758.000000
17590.000000,-0.423828,0.089844,0.903320,1759.000000,0.181198,-0.543594,-0.202179,1759.000000,16.649963,-24.000000,-102.450012,1759.000000
17600.000000,-0.437988,0.110352,0.902832,1760.000000,-0.181198,-0.665665,-0.080109,1760.000000,16.649963,-24.300003,-102.000000,1760.000000
17610.000000,-0.420898,0.090332,0.902832,1761.000000,-0.608444,0.429153,0.099182,1761.000000,17.099960,-24.300003,-102.000000,1761.000000
17620.000000,-0.423828,0.094727,0.907715,1762.000000,-1.157761,-0.116348,-0.080109,1762.000000,16.199966,-24.450012,-103.200012,1762.000000
17630.000000,-0.441894,0.083984,0.906250,1763.000000,-2.439499,0.123978,-0.385284,1763.000000,16.949966,-23.550003,-102.750000,1763.000000
17640.000000,-0.417480,0.088867,0.905761,1764.000000,-0.120163,-1.092911,-1.911163,1764.000000,16.949966,-25.050003,-103.800003,1764.000000
17650.000000,-0.433105,0.115723,0.902344,1765.000000,0.059128,-0.177383,-0.629425,1765.000000,15.299957,-25.050003,-103.800003,1765.000000
17660.000000,-0.423340,0.101074,0.914062,1766.000000,-0.547409,0.123978,-0.507355,1766.000000,16.799957,-24.900009,-102.600006,1766.000000
17670.000000,-0.428711,0.081543,0.902344,1767.000000,-0.242233,-0.360489,-0.385284,1767.000000,16.799957,-24.450012,-102.600006,1767.000000
17680.000000,-0.434570,0.092285,0.900879,1768.000000,-0.242233,-0.360489,-0.507355,1768.000000,17.699966,-24.450012,-102.600006,1768.000000
17690.000000,-0.439941,0.086914,0.910156,1769.000000,-0.242233,-0.848770,-0.080109,1769.000000,18.599960,-25.050003,-102.000000,1769.000000
17700.000000,-0.423828,0.102539,0.900879,1770.000000,-0.486374,-0.787735,0.160217,1770.000000,18.599960,-24.150009,-101.550003,1770.000000
17710.000000,-0.424805,0.091797,0.906250,1771.000000,-0.120163,-0.604630,-0.202179,1771.000000,16.949966,-24.150009,-101.550003,1771.000000
17720.000000,-0.434082,0.098633,0.889648,1772.000000,-1.218796,-0.360489,-0.263214,1772.000000,17.099960,-24.300003,-103.500000,1772.000000
17730.000000,-0.424316,0.086426,0.903320,1773.000000,-1.585007,-0.177383,0.282288,1773.000000,17.099960,-24.900009,-102.150009,1773.000000
17740.000000,-0.429687,0.095215,0.901367,1774.000000,-1.218796,-0.543594,-0.751495,1774.000000,17.099960,-24.900009,-102.150009,1774.000000
17750.000000,-0.416992,0.083496,0.906250,1775.000000,-1.523972,0.368118,-0.019073,1775.000000,14.999954,-24.900009,-101.550003,1775.000000
17760.000000,-0.438965,0.101562,0.914551,1776.000000,-0.730515,0.429153,0.282288,1776.000000,14.999954,-23.400009,-101.850006,1776.000000
17770.000000,-0.424805,0.086426,0.887207,1777.000000,-0.608444,-0.055313,0.160217,1777.000000,17.699966,-23.400009,-101.850006,1777.000000
17780.000000,-0.429199,0.094727,0.912597,1778.000000,-0.242233,-0.543594,-0.690460,1778.000000,16.199966,-24.000000,-101.700012,1778.000000
17790.000000,-0.427734,0.096191,0.904297,1779.000000,-0.059128,-0.604630,-0.263214,1779.000000,16.049957,-22.800003,-102.750000,1779.000000
17800.000000,-0.422851,0.105957,0.907226,1780.000000,0.000000,-0.116348,-0.263214,1780.000000,16.049957,-24.150009,-101.850006,1780.000000
17810.000000,-0.436523,0.097656,0.912597,1781.000000,-1.951218,-0.787735,-0.324249,1781.000000,15.749954,-24.150009,-101.850006,1781.000000
17820.000000,-0.448242,0.104004,0.897949,1782.000000,-2.439499,-1.642227,-2.094269,1782.000000,17.099960,-24.150009,-101.550003,1782.000000
17830.000000,-0.418945,0.087891,0.907715,1783.000000,-0.303268,0.368118,-0.446320,1783.000000,17.099960,-24.150009,-101.550003,1783.000000
17840.000000,-0.428223,0.104004,0.895019,1784.000000,-0.974655,-0.665665,-0.080109,1784.000000,17.249954,-24.150009,-101.550003,1784.000000
17850.000000,-0.426269,0.083984,0.905273,1785.000000,-1.096725,-0.299454,-0.141144,1785.000000,16.199966,-24.300003,-102.450012,1785.000000
17860.000000,-0.427734,0.079590,0.918457,1786.000000,-0.669479,-0.299454,-0.568390,1786.000000,16.199966,-23.550003,-103.500000,1786.000000
17870.000000,-0.433105,0.085449,0.909668,1787.000000,-2.744675,0.246048,-0.324249,1787.000000,17.099960,-23.550003,-103.500000,1787.000000
17880.000000,-0.421875,0.108887,0.909668,1788.000000,-2.195358,-0.543594,-1.789093,1788.000000,16.649963,-25.200012,-102.150009,1788.000000
17890.000000,-0.418457,0.084961,0.904785,1789.000000,-0.730515,0.551224,-0.995636,1789.000000,16.649963,-24.300003,-101.250000,1789.000000
17900.000000,-0.423828,0.092773,0.908691,1790.000000,-1.585007,0.307083,-0.202179,1790.000000,15.899963,-24.300003,-101.250000,1790.000000
17910.000000,-0.419922,0.092285,0.908691,1791.000000,-0.547409,-0.299454,-0.812531,1791.000000,16.049957,-23.250000,-101.700012,1791.000000
17920.000000,-0.421387,0.090820,0.907226,1792.000000,-0.425339,-0.238419,-0.263214,1792.000000,18.449966,-25.650009,-102.900009,1792.000000
17930.000000,-0.436035,0.086426,0.905273,1793.000000,-0.608444,0.123978,0.099182,1793.000000,18.449966,-24.750000,-102.450012,1793.000000
17940.000000,-0.429687,0.091309,0.906250,1794.000000,-1.585007,-0.482559,-0.446320,1794.000000,17.249954,-24.000000,-101.700012,1794.000000
17950.000000,-0.429199,0.095215,0.911133,1795.000000,-1.829147,-0.970840,-0.263214,1795.000000,17.249954,-24.750000,-102.450012,1795.000000
17960.000000,-0.433105,0.089844,0.894531,1796.000000,-2.012253,-0.238419,-0.202179,1796.000000,16.049957,-24.750000,-102.450012,1796.000000
17970.000000,-0.450683,0.092285,0.914551,1797.000000,-2.256393,-0.238419,-0.263214,1797.000000,17.699966,-25.650009,-101.850006,1797.000000
17980.000000,-0.409668,0.077148,0.900879,1798.000000,-1.462936,-0.848770,-1.361847,1798.000000,17.699966,-25.050003,-104.100006,1798.000000
17990.000000,-0.420410,0.096680,0.895996,1799.000000,-1.218796,-0.055313,-0.385284,1799.000000,17.849960,-25.050003,-104.100006,1799.000000
18000.000000,-0.428711,0.088867,0.897949,1800.000000,-1.401901,-0.238419,-0.141144,1800.000000,18.149963,-23.100006,-102.900009,1800.000000
18010.000000,-0.418457,0.080566,0.914551,1801.000000,-1.462936,-0.055313,-0.446320,1801.000000,18.149963,-24.150009,-100.500000,1801.000000
18020.000000,-0.435547,0.095215,0.907715,1802.000000,-0.974655,0.490189,-1.056671,1802.000000,14.849960,-24.150009,-100.500000,1802.000000
18030.000000,-0.426758,0.088379,0.899902,1803.000000,-0.669479,0.307083,-0.019073,1803.000000,18.149963,-23.550003,-101.250000,1803.000000
18040.000000,-0.421387,0.100586,0.903808,1804.000000,-0.974655,0.246048,-0.080109,1804.000000,18.149963,-24.900009,-101.850006,1804.000000
18050.000000,-0.421387,0.089355,0.912597,1805.000000,-0.547409,0.123978,-0.385284,1805.000000,16.649963,-24.900009,-101.850006,1805.000000
18060.000000,-0.421387,0.088867,0.906738,1806.000000,-1.279831,0.490189,-0.507355,1806.000000,15.749954,-25.500000,-102.000000,1806.000000
18070.000000,-0.436523,0.085937,0.901855,1807.000000,-0.791550,0.185013,-0.507355,1807.000000,15.749954,-23.850006,-100.800003,1807.000000
18080.000000,-0.422363,0.086914,0.912109,1808.000000,-1.035690,0.001907,-0.812531,1808.000000,17.099960,-23.850006,-100.800003,1808.000000
18090.000000,-0.420410,0.090332,0.904785,1809.000000,-0.242233,0.307083,-0.507355,1809.000000,16.799957,-24.150009,-102.900009,1809.000000
18100.000000,-0.422851,0.091797,0.892578,1810.000000,-1.035690,-0.116348,-0.446320,1810.000000,17.249954,-24.150009,-102.900009,1810.000000
18110.000000,-0.430176,0.089844,0.911133,1811.000000,-0.364304,0.490189,-0.324249,1811.000000,17.249954,-25.050003,-102.750000,1811.000000
18120.000000,-0.427246,0.099121,0.896972,1812.000000,-0.425339,-0.177383,0.038147,1812.000000,17.699966,-25.050003,-102.750000,1812.000000
18130.000000,-0.437500,0.093262,0.909668,1813.000000,0.059128,-0.360489,-0.263214,1813.000000,16.949966,-23.250000,-103.500000,1813.000000
18140.000000,-0.426269,0.101074,0.908203,1814.000000,-0.608444,-0.482559,-1.117706,1814.000000,16.949966,-26.250000,-103.050003,1814.000000
18150.000000,-0.426758,0.078125,0.913086,1815.000000,-0.059128,-1.031876,-0.751495,1815.000000,16.799957,-26.250000,-103.050003,1815.000000
18160.000000,-0.423828,0.091309,0.912109,1816.000000,0.000000,-0.299454,-0.812531,1816.000000,17.699966,-24.150009,-100.500000,1816.000000
18170.000000,-0.436523,0.074219,0.903808,1817.000000,-0.608444,-0.055313,-0.568390,1817.000000,17.699966,-24.750000,-102.750000,1817.000000
18180.000000,-0.420898,0.086914,0.914062,1818.000000,-0.364304,-0.482559,-0.690460,1818.000000,16.649963,-24.750000,-102.750000,1818.000000
18190.000000,-0.419922,0.081543,0.902344,1819.000000,-0.181198,0.001907,-0.995636,1819.000000,16.799957,-25.050003,-102.450012,1819.000000
18200.000000,-0.427734,0.080078,0.901855,1820.000000,0.000000,-0.482559,-1.667023,1820.000000,16.799957,-24.900009,-102.900009,1820.000000
18210.000000,-0.422363,0.087402,0.895019,1821.000000,0.059128,0.246048,-0.568390,1821.000000,17.549957,-24.900009,-102.900009,1821.000000
18220.000000,-0.434570,0.092285,0.895019,1822.000000,0.181198,0.551224,-0.568390,1822.000000,16.949966,-24.450012,-101.850006,1822.000000
18230.000000,-0.411621,0.081055,0.904785,1823.000000,-0.242233,0.123978,-0.812531,1823.000000,16.649963,-24.000000,-102.750000,1823.000000
18240.000000,-0.424316,0.086914,0.905761,1824.000000,-0.181198,0.062943,-0.385284,1824.000000,16.949966,-25.050003,-102.750000,1824.000000
18250.000000,-0.422851,0.080078,0.906738,1825.000000,-0.120163,0.429153,-0.629425,1825.000000,16.349960,-24.300003,-101.250000,1825.000000
18260.000000,-0.437012,0.084473,0.905761,1826.000000,-0.181198,-0.299454,-0.324249,1826.000000,16.349960,-24.900009,-100.500000,1826.000000
18270.000000,-0.437500,0.095703,0.899414,1827.000000,0.303268,0.246048,-0.751495,1827.000000,16.649963,-24.900009,-100.500000,1827.000000
18280.000000,-0.426269,0.089844,0.899902,1828.000000,0.059128,0.001907,-0.202179,1828.000000,17.849960,-24.750000,-102.750000,1828.000000
18290.000000,-0.422363,0.083496,0.908691,1829.000000,0.547409,0.062943,-0.202179,1829.000000,17.849960,-24.150009,-101.100006,1829.000000
18300.000000,-0.430664,0.096191,0.924316,1830.000000,-0.425339,-0.055313,-0.202179,1830.000000,15.449966,-24.150009,-101.100006,1830.000000
18310.000000,-0.425781,0.084473,0.910156,1831.000000,-0.364304,-0.360489,-0.019073,1831.000000,16.649963,-24.000000,-101.700012,1831.000000
18320.000000,-0.427246,0.085937,0.909668,1832.000000,0.000000,-0.482559,-0.141144,1832.000000,16.649963,-24.300003,-103.050003,1832.000000
18330.000000,-0.424805,0.100586,0.901367,1833.000000,-0.303268,0.185013,0.099182,1833.000000,16.199966,-24.300003,-103.050003,1833.000000
18340.000000,-0.425781,0.086426,0.902832,1834.000000,0.120163,-0.238419,-0.690460,1834.000000,16.199966,-23.550003,-102.750000,1834.000000
18350.000000,-0.427246,0.083008,0.895019,1835.000000,-0.120163,-0.421524,-0.141144,1835.000000,16.199966,-25.050003,-101.250000,1835.000000
18360.000000,-0.432129,0.091309,0.910156,1836.000000,0.059128,-0.116348,-0.507355,1836.000000,18.149963,-25.050003,-101.250000,1836.000000
18370.000000,-0.445312,0.078613,0.901855,1837.000000,-0.242233,0.001907,-0.324249,1837.000000,16.349960,-24.900009,-101.850006,1837.000000
18380.000000,-0.417480,0.081055,0.899902,1838.000000,-0.669479,0.246048,-0.568390,1838.000000,16.349960,-25.200012,-101.850006,1838.000000
18390.000000,-0.435059,0.080078,0.898437,1839.000000,0.120163,-0.421524,-0.263214,1839.000000,15.749954,-25.200012,-101.850006,1839.000000
18400.000000,-0.433105,0.078125,0.891113,1840.000000,0.242233,-0.055313,-0.629425,1840.000000,16.949966,-25.200012,-102.150009,1840.000000
18410.000000,-0.426269,0.081055,0.907226,1841.000000,0.181198,0.062943,-0.568390,1841.000000,17.249954,-22.500000,-102.750000,1841.000000
18420.000000,-0.425293,0.089844,0.904785,1842.000000,0.242233,0.062943,-0.019073,1842.000000,17.249954,-24.000000,-101.250000,1842.000000
18430.000000,-0.426758,0.096191,0.896972,1843.000000,-0.181198,0.062943,-0.690460,1843.000000,16.199966,-24.000000,-101.250000,1843.000000
18440.000000,-0.422851,0.089844,0.904297,1844.000000,-0.730515,0.062943,-1.239777,1844.000000,16.799957,-22.800003,-102.450012,1844.000000
18450.000000,-0.424805,0.079102,0.901855,1845.000000,-0.425339,-0.177383,-0.934601,1845.000000,16.799957,-22.650009,-102.600006,1845.000000
18460.000000,-0.430176,0.096680,0.889160,1846.000000,-0.120163,0.307083,0.160217,1846.000000,17.549957,-22.650009,-102.600006,1846.000000
18470.000000,-0.421875,0.075195,0.899902,1847.000000,-0.791550,0.185013,-0.019073,1847.000000,17.699966,-24.150009,-103.200012,1847.000000
18480.000000,-0.420898,0.092285,0.907715,1848.000000,-0.669479,0.001907,0.099182,1848.000000,17.699966,-23.550003,-103.800003,1848.000000
18490.000000,-0.433105,0.083984,0.906738,1849.000000,-0.730515,0.123978,0.465393,1849.000000,17.249954,-23.550003,-103.800003,1849.000000
18500.000000,-0.421387,0.074219,0.905273,1850.000000,-0.791550,-0.055313,-0.080109,1850.000000,17.999954,-25.050003,-102.000000,1850.000000
18510.000000,-0.428711,0.063477,0.915527,1851.000000,-0.791550,0.001907,-0.080109,1851.000000,17.999954,-24.000000,-101.250000,1851.000000
18520.000000,-0.424805,0.078613,0.915527,1852.000000,-0.913620,0.001907,0.038147,1852.000000,16.349960,-24.000000,-101.250000,1852.000000
18530.000000,-0.432617,0.087891,0.898437,1853.000000,-0.608444,-0.055313,-0.263214,1853.000000,16.349960,-25.650009,-101.100006,1853.000000
18540.000000,-0.410156,0.064453,0.909179,1854.000000,-1.523972,-0.360489,-0.202179,1854.000000,17.549957,-25.650009,-101.100006,1854.000000
18550.000000,-0.432617,0.084961,0.898926,1855.000000,-1.096725,-0.482559,-0.446320,1855.000000,17.099960,-23.100006,-101.100006,1855.000000
18560.000000,-0.440430,0.085449,0.892090,1856.000000,-0.913620,-0.543594,0.038147,1856.000000,17.849960,-24.450012,-102.600006,1856.000000
18570.000000,-0.424805,0.083008,0.917480,1857.000000,-0.730515,-0.787735,0.587463,1857.000000,17.849960,-24.150009,-102.600006,1857.000000
18580.000000,-0.429687,0.081543,0.912109,1858.000000,-0.181198,-0.055313,0.526428,1858.000000,16.049957,-24.150009,-102.600006,1858.000000
18590.000000,-0.427246,0.063965,0.901855,1859.000000,-0.120163,-0.177383,0.221252,1859.000000,16.949966,-24.450012,-100.800003,1859.000000
18600.000000,-0.420898,0.086426,0.907226,1860.000000,-0.547409,0.123978,0.099182,1860.000000,16.949966,-25.050003,-103.050003,1860.000000
18610.000000,-0.435059,0.090820,0.903320,1861.000000,0.669479,-0.177383,0.099182,1861.000000,17.549957,-25.050003,-103.050003,1861.000000
18620.000000,-0.416992,0.084473,0.907715,1862.000000,0.120163,0.001907,0.282288,1862.000000,17.549957,-24.450012,-102.900009,1862.000000
18630.000000,-0.432617,0.085449,0.898437,1863.000000,0.120163,0.307083,0.038147,1863.000000,17.549957,-24.450012,-102.150009,1863.000000
18640.000000,-0.431641,0.078125,0.904785,1864.000000,-0.059128,0.246048,0.282288,1864.000000,16.049957,-24.450012,-102.150009,1864.000000
18650.000000,-0.432129,0.095215,0.910156,1865.000000,0.059128,0.001907,-0.080109,1865.000000,15.899963,-24.150009,-101.850006,1865.000000
18660.000000,-0.425293,0.085937,0.907715,1866.000000,-0.181198,0.246048,0.465393,1866.000000,15.899963,-22.050003,-102.450012,1866.000000
18670.000000,-0.416016,0.078125,0.903808,1867.000000,0.059128,0.001907,0.099182,1867.000000,17.099960,-22.050003,-102.450012,1867.000000
18680.000000,-0.440918,0.078125,0.909668,1868.000000,-0.364304,-0.238419,-0.446320,1868.000000,16.649963,-23.100006,-102.150009,1868.000000
18690.000000,-0.418945,0.089844,0.904297,1869.000000,-0.608444,-0.238419,-0.812531,1869.000000,16.649963,-24.000000,-101.700012,1869.000000
18700.000000,-0.420410,0.079590,0.909179,1870.000000,-0.059128,-0.055313,-0.141144,1870.000000,17.999954,-24.000000,-101.700012,1870.000000
18710.000000,-0.418457,0.083984,0.897461,1871.000000,0.120163,-0.238419,-0.690460,1871.000000,17.099960,-24.300003,-103.050003,1871.000000
18720.000000,-0.426758,0.079590,0.904297,1872.000000,-0.303268,-0.360489,-0.080109,1872.000000,17.099960,-23.400009,-101.550003,1872.000000
18730.000000,-0.439453,0.092773,0.909668,1873.000000,0.059128,-0.238419,-0.751495,1873.000000,18.749954,-23.400009,-101.550003,1873.000000
18740.000000,-0.429687,0.089355,0.910644,1874.000000,-0.547409,0.062943,-0.385284,1874.000000,16.649963,-24.000000,-102.450012,1874.000000
18750.000000,-0.421875,0.081543,0.897949,1875.000000,-0.425339,0.185013,-0.019073,1875.000000,16.649963,-24.300003,-102.450012,1875.000000
18760.000000,-0.420898,0.083008,0.897949,1876.000000,-0.425339,0.123978,0.221252,1876.000000,17.249954,-24.300003,-102.450012,1876.000000
18770.000000,-0.411133,0.089844,0.913574,1877.000000,-0.120163,0.307083,-0.080109,1877.000000,17.699966,-23.550003,-102.450012,1877.000000
18780.000000,-0.425781,0.081543,0.903320,1878.000000,0.242233,0.307083,0.038147,1878.000000,17.699966,-23.550003,-102.450012,1878.000000
18790.000000,-0.426269,0.084473,0.903808,1879.000000,0.000000,-0.116348,-0.141144,1879.000000,16.949966,-23.550003,-102.450012,1879.000000
18800.000000,-0.421387,0.079590,0.903808,1880.000000,-0.242233,-0.543594,-0.202179,1880.000000,16.349960,-25.500000,-101.700012,1880.000000
18810.000000,-0.440430,0.079590,0.905761,1881.000000,-0.242233,-0.787735,-0.080109,1881.000000,16.349960,-24.150009,-102.150009,1881.000000
18820.000000,-0.439453,0.065430,0.898926,1882.000000,-0.791550,0.001907,-0.202179,1882.000000,17.549957,-24.150009,-102.150009,1882.000000
18830.000000,-0.421875,0.079590,0.904297,1883.000000,-0.303268,0.001907,-1.605988,1883.000000,16.949966,-25.200012,-103.650009,1883.000000
18840.000000,-0.431641,0.088379,0.905273,1884.000000,-0.608444,0.185013,-0.202179,1884.000000,16.949966,-25.500000,-101.700012,1884.000000
18850.000000,-0.425293,0.079590,0.909668,1885.000000,-1.585007,0.734329,-0.812531,1885.000000,17.549957,-25.500000,-101.700012,1885.000000
18860.000000,-0.422851,0.075684,0.914551,1886.000000,0.120163,-0.360489,-0.263214,1886.000000,17.249954,-24.900009,-102.150009,1886.000000
18870.000000,-0.429687,0.092773,0.918457,1887.000000,0.486374,0.123978,0.160217,1887.000000,17.999954,-23.550003,-102.000000,1887.000000
18880.000000,-0.425781,0.076172,0.918457,1888.000000,0.303268,-0.055313,0.038147,1888.000000,17.999954,-24.750000,-102.450012,1888.000000
18890.000000,-0.415527,0.085937,0.910644,1889.000000,-0.486374,0.246048,0.404358,1889.000000,17.249954,-24.750000,-102.450012,1889.000000
18900.000000,-0.433105,0.075684,0.904297,1890.000000,-1.768112,-0.604630,-1.728058,1890.000000,17.099960,-25.800003,-101.700012,1890.000000
18910.000000,-0.435059,0.066406,0.897461,1891.000000,-0.547409,0.612259,-1.544952,1891.000000,17.099960,-23.400009,-102.150009,1891.000000
18920.000000,-0.422851,0.080078,0.901855,1892.000000,-1.340866,0.429153,-1.605988,1892.000000,17.249954,-23.400009,-102.150009,1892.000000
18930.000000,-0.415527,0.076660,0.902344,1893.000000,-1.585007,0.123978,-1.239777,1893.000000,18.749954,-24.000000,-102.450012,1893.000000
18940.000000,-0.423828,0.079102,0.893066,1894.000000,-0.852585,0.307083,-1.483917,1894.000000,18.749954,-24.750000,-101.250000,1894.000000
18950.000000,-0.421875,0.083496,0.905273,1895.000000,-0.913620,0.307083,-1.117706,1895.000000,16.799957,-24.750000,-101.250000,1895.000000
18960.000000,-0.433594,0.079590,0.912109,1896.000000,0.242233,0.368118,-0.385284,1896.000000,19.349960,-23.400009,-101.100006,1896.000000
18970.000000,-0.433594,0.077148,0.902832,1897.000000,0.059128,-0.116348,0.099182,1897.000000,19.349960,-25.200012,-101.850006,1897.000000
18980.000000,-0.424805,0.072266,0.912109,1898.000000,0.120163,-0.055313,-0.202179,1898.000000,17.549957,-25.200012,-101.850006,1898.000000
18990.000000,-0.422851,0.078613,0.893066,1899.000000,0.486374,-0.299454,0.221252,1899.000000,17.699966,-25.950012,-102.600006,1899.000000
19000.000000,-0.419434,0.089844,0.910644,1900.000000,-0.547409,-0.787735,-0.019073,1900.000000,17.699966,-24.750000,-102.450012,1900.000000
19010.000000,-0.428223,0.079590,0.906738,1901.000000,-0.120163,-0.238419,-0.141144,1901.000000,17.849960,-24.750000,-102.450012,1901.000000
19020.000000,-0.430664,0.076660,0.906250,1902.000000,-0.242233,0.185013,-0.385284,1902.000000,17.699966,-23.400009,-102.150009,1902.000000
19030.000000,-0.421875,0.084961,0.900390,1903.000000,-0.059128,0.307083,0.892639,1903.000000,17.699966,-24.000000,-102.750000,1903.000000
19040.000000,-0.425293,0.082031,0.911621,1904.000000,-0.791550,-0.543594,0.221252,1904.000000,16.949966,-24.000000,-102.750000,1904.000000
19050.000000,-0.431152,0.068848,0.907226,1905.000000,0.364304,-0.421524,-1.056671,1905.000000,15.299957,-23.550003,-103.500000,1905.000000
19060.000000,-0.431641,0.069336,0.906738,1906.000000,0.000000,-0.543594,-0.080109,1906.000000,15.299957,-23.850006,-101.550003,1906.000000
19070.000000,-0.444824,0.081543,0.909179,1907.000000,0.303268,-0.787735,0.099182,1907.000000,16.199966,-23.850006,-101.550003,1907.000000
19080.000000,-0.429687,0.074219,0.900879,1908.000000,-0.425339,-0.665665,-0.446320,1908.000000,16.649963,-24.000000,-102.450012,1908.000000
19090.000000,-0.417480,0.071289,0.912597,1909.000000,-0.059128,-0.299454,-0.385284,1909.000000,16.649963,-24.750000,-103.800003,1909.000000
19100.000000,-0.417480,0.072266,0.901367,1910.000000,0.000000,-0.055313,-0.202179,1910.000000,16.949966,-24.750000,-103.800003,1910.000000
19110.000000,-0.429199,0.072754,0.895996,1911.000000,-0.120163,-0.299454,0.038147,1911.000000,16.049957,-25.500000,-102.750000,1911.000000
19120.000000,-0.434570,0.080566,0.900390,1912.000000,-0.547409,-0.421524,-0.141144,1912.000000,16.049957,-22.650009,-101.850006,1912.000000
19130.000000,-0.417480,0.084473,0.903808,1913.000000,-0.120163,-0.543594,-0.080109,1913.000000,16.649963,-22.650009,-101.850006,1913.000000
19140.000000,-0.430176,0.075684,0.900390,1914.000000,-0.242233,-0.787735,-0.263214,1914.000000,17.699966,-25.500000,-102.450012,1914.000000
19150.000000,-0.423340,0.079102,0.902344,1915.000000,0.364304,0.123978,-0.507355,1915.000000,17.699966,-24.750000,-102.750000,1915.000000
19160.000000,-0.415039,0.081543,0.907715,1916.000000,0.120163,-0.543594,0.099182,1916.000000,15.899963,-24.750000,-102.750000,1916.000000
19170.000000,-0.430664,0.075195,0.910644,1917.000000,-0.425339,0.185013,0.160217,1917.000000,15.899963,-23.550003,-101.700012,1917.000000
19180.000000,-0.434082,0.072754,0.916504,1918.000000,0.000000,-0.299454,-0.324249,1918.000000,16.949966,-24.750000,-101.700012,1918.000000
19190.000000,-0.419922,0.080078,0.905273,1919.000000,0.120163,0.307083,0.038147,1919.000000,16.949966,-24.750000,-102.750000,1919.000000
19200.000000,-0.418945,0.062988,0.895996,1920.000000,0.608444,-0.238419,-0.080109,1920.000000,17.549957,-24.750000,-102.750000,1920.000000
19210.000000,-0.418457,0.078125,0.913574,1921.000000,0.669479,0.429153,-0.263214,1921.000000,16.349960,-24.450012,-102.600006,1921.000000
19220.000000,-0.432129,0.074707,0.906738,1922.000000,-0.120163,0.123978,-0.629425,1922.000000,16.349960,-24.150009,-103.650009,1922.000000
19230.000000,-0.421875,0.084961,0.903320,1923.000000,0.000000,0.062943,0.282288,1923.000000,17.249954,-24.150009,-103.650009,1923.000000
19240.000000,-0.426269,0.082031,0.905761,1924.000000,-0.791550,-0.299454,-0.446320,1924.000000,16.799957,-25.050003,-102.000000,1924.000000
19250.000000,-0.416016,0.072754,0.921386,1925.000000,-0.669479,0.001907,-1.972198,1925.000000,16.799957,-23.400009,-102.600006,1925.000000
19260.000000,-0.416992,0.090332,0.903320,1926.000000,0.547409,0.673294,-0.690460,1926.000000,17.099960,-23.400009,-102.600006,1926.000000
19270.000000,-0.424316,0.077637,0.909179,1927.000000,-0.242233,0.001907,-0.690460,1927.000000,17.999954,-24.450012,-102.150009,1927.000000
19280.000000,-0.423340,0.083496,0.905273,1928.000000,-0.364304,0.123978,-1.300812,1928.000000,17.999954,-24.300003,-102.750000,1928.000000
19290.000000,-0.419922,0.081055,0.912597,1929.000000,-0.181198,-0.360489,-0.873566,1929.000000,15.149963,-24.300003,-102.750000,1929.000000
19300.000000,-0.425293,0.069336,0.894043,1930.000000,0.000000,-0.116348,-0.751495,1930.000000,17.549957,-25.050003,-101.250000,1930.000000
19310.000000,-0.412109,0.067383,0.911621,1931.000000,-0.974655,0.062943,-0.202179,1931.000000,17.549957,-23.850006,-102.900009,1931.000000
19320.000000,-0.426269,0.071777,0.902832,1932.000000,-0.730515,0.185013,-0.934601,1932.000000,17.699966,-23.850006,-102.900009,1932.000000
19330.000000,-0.444336,0.077637,0.903320,1933.000000,-0.974655,0.123978,-0.385284,1933.000000,16.799957,-25.050003,-102.450012,1933.000000
19340.000000,-0.440918,0.074219,0.903320,1934.000000,-0.059128,0.062943,-0.507355,1934.000000,17.549957,-24.900009,-102.150009,1934.000000
19350.000000,-0.429687,0.083496,0.900879,1935.000000,0.000000,-0.360489,-0.080109,1935.000000,17.549957,-24.900009,-102.900009,1935.000000
19360.000000,-0.426758,0.083008,0.900879,1936.000000,0.242233,-0.116348,0.160217,1936.000000,16.799957,-24.900009,-102.900009,1936.000000
19370.000000,-0.431641,0.069824,0.909179,1937.000000,0.120163,-0.360489,0.221252,1937.000000,16.649963,-24.900009,-102.150009,1937.000000
19380.000000,-0.434570,0.076172,0.909179,1938.000000,0.547409,0.123978,0.160217,1938.000000,16.649963,-25.050003,-100.950012,1938.000000
19390.000000,-0.423828,0.081055,0.909179,1939.000000,0.000000,-0.055313,-0.019073,1939.000000,17.699966,-25.050003,-100.950012,1939.000000
19400.000000,-0.417480,0.088867,0.900390,1940.000000,-0.120163,0.307083,-0.080109,1940.000000,17.999954,-25.500000,-101.700012,1940.000000
19410.000000,-0.430664,0.072266,0.903808,1941.000000,-0.059128,0.062943,-0.141144,1941.000000,17.999954,-24.750000,-101.700012,1941.000000
19420.000000,-0.428711,0.068848,0.910156,1942.000000,0.120163,-0.055313,-0.568390,1942.000000,18.149963,-24.750000,-101.700012,1942.000000
19430.000000,-0.422363,0.073242,0.908203,1943.000000,0.120163,-0.177383,0.221252,1943.000000,18.149963,-23.850006,-102.150009,1943.000000
19440.000000,-0.432129,0.082520,0.907715,1944.000000,0.364304,0.001907,-0.202179,1944.000000,16.949966,-23.850006,-102.150009,1944.000000
19450.000000,-0.418457,0.083984,0.897461,1945.000000,0.000000,-0.360489,-0.385284,1945.000000,16.799957,-24.750000,-103.050003,1945.000000
19460.000000,-0.434082,0.083496,0.903320,1946.000000,-0.242233,-0.604630,0.221252,1946.000000,16.799957,-24.900009,-101.850006,1946.000000
19470.000000,-0.422851,0.074219,0.896972,1947.000000,0.000000,-0.482559,-0.446320,1947.000000,18.449966,-24.900009,-101.850006,1947.000000
19480.000000,-0.430664,0.074707,0.900879,1948.000000,-0.425339,-0.177383,-0.019073,1948.000000,18.449966,-23.550003,-102.450012,1948.000000
19490.000000,-0.438476,0.071289,0.903808,1949.000000,0.303268,-0.299454,-0.080109,1949.000000,16.649963,-25.050003,-103.050003,1949.000000
19500.000000,-0.416992,0.087402,0.912597,1950.000000,0.242233,-0.299454,-0.080109,1950.000000,16.649963,-23.250000,-101.700012,1950.000000
19510.000000,-0.431152,0.071777,0.902832,1951.000000,0.181198,-0.177383,-0.568390,1951.000000,17.249954,-23.250000,-101.700012,1951.000000
19520.000000,-0.423828,0.071777,0.912109,1952.000000,0.730515,0.062943,-0.263214,1952.000000,16.349960,-23.550003,-102.000000,1952.000000
19530.000000,-0.418457,0.081543,0.900390,1953.000000,0.547409,-0.543594,0.038147,1953.000000,16.349960,-23.850006,-100.050003,1953.000000
19540.000000,-0.432129,0.074219,0.907226,1954.000000,0.303268,-0.421524,-0.446320,1954.000000,17.249954,-23.850006,-100.050003,1954.000000
19550.000000,-0.422851,0.069336,0.908203,1955.000000,0.791550,-0.360489,0.099182,1955.000000,16.349960,-24.750000,-102.750000,1955.000000
19560.000000,-0.420898,0.078613,0.904297,1956.000000,0.000000,-0.543594,-0.446320,1956.000000,16.349960,-23.850006,-100.800003,1956.000000
19570.000000,-0.432617,0.083496,0.910156,1957.000000,0.303268,-0.238419,-0.141144,1957.000000,17.999954,-23.850006,-100.800003,1957.000000
19580.000000,-0.433594,0.073242,0.914062,1958.000000,0.120163,-0.116348,-0.019073,1958.000000,16.049957,-26.250000,-102.000000,1958.000000
19590.000000,-0.417969,0.074707,0.908691,1959.000000,0.364304,0.307083,0.160217,1959.000000,16.049957,-24.150009,-102.150009,1959.000000
19600.000000,-0.424805,0.078125,0.908691,1960.000000,0.120163,0.001907,-0.080109,1960.000000,17.249954,-24.150009,-102.150009,1960.000000
19610.000000,-0.433105,0.079590,0.901855,1961.000000,-0.181198,0.612259,-0.324249,1961.000000,17.099960,-25.050003,-103.800003,1961.000000
19620.000000,-0.428711,0.089844,0.901367,1962.000000,0.059128,0.001907,-0.629425,1962.000000,17.099960,-23.850006,-103.200012,1962.000000
19630.000000,-0.423828,0.080566,0.906738,1963.000000,0.000000,0.062943,-0.446320,1963.000000,17.849960,-23.850006,-103.200012,1963.000000
19640.000000,-0.417480,0.076172,0.914551,1964.000000,-0.242233,0.429153,0.221252,1964.000000,16.949966,-24.150009,-102.150009,1964.000000
19650.000000,-0.436523,0.074707,0.908691,1965.000000,0.364304,0.001907,0.160217,1965.000000,16.949966,-23.550003,-102.750000,1965.000000
19660.000000,-0.429199,0.078125,0.895996,1966.000000,0.120163,0.368118,0.160217,1966.000000,16.949966,-25.050003,-101.700012,1966.000000
19670.000000,-0.407715,0.085449,0.906738,1967.000000,0.120163,0.001907,-0.324249,1967.000000,17.849960,-25.050003,-101.700012,1967.000000
19680.000000,-0.427246,0.080566,0.901855,1968.000000,-0.364304,0.185013,0.160217,1968.000000,15.299957,-24.900009,-102.900009,1968.000000
19690.000000,-0.419922,0.088867,0.907226,1969.000000,-0.669479,-0.360489,-0.019073,1969.000000,15.299957,-25.200012,-102.150009,1969.000000
19700.000000,-0.423340,0.072266,0.902832,1970.000000,-0.913620,0.368118,0.282288,1970.000000,17.249954,-25.200012,-102.150009,1970.000000
19710.000000,-0.431152,0.075684,0.900879,1971.000000,-0.486374,0.856400,-0.080109,1971.000000,17.249954,-25.050003,-101.700012,1971.000000
19720.000000,-0.410644,0.071289,0.904297,1972.000000,-0.120163,0.856400,-0.385284,1972.000000,15.749954,-24.750000,-102.750000,1972.000000
19730.000000,-0.428711,0.083984,0.900390,1973.000000,0.242233,0.429153,0.282288,1973.000000,16.199966,-24.450012,-103.200012,1973.000000
19740.000000,-0.433594,0.068359,0.903808,1974.000000,0.486374,0.429153,0.160217,1974.000000,16.199966,-24.000000,-101.700012,1974.000000
19750.000000,-0.434082,0.079102,0.913086,1975.000000,-0.242233,-0.482559,-0.324249,1975.000000,17.549957,-24.000000,-101.700012,1975.000000
19760.000000,-0.428223,0.080566,0.904785,1976.000000,0.120163,0.062943,-0.385284,1976.000000,16.349960,-23.850006,-102.900009,1976.000000
19770.000000,-0.432617,0.075684,0.910156,1977.000000,-0.852585,0.185013,-0.263214,1977.000000,16.349960,-23.850006,-101.850006,1977.000000
19780.000000,-0.420410,0.073242,0.910156,1978.000000,-0.425339,0.185013,-0.202179,1978.000000,16.649963,-23.850006,-101.850006,1978.000000
19790.000000,-0.430664,0.075195,0.903320,1979.000000,0.059128,0.429153,0.038147,1979.000000,17.099960,-23.550003,-102.000000,1979.000000
19800.000000,-0.416016,0.079590,0.902832,1980.000000,-0.242233,0.246048,0.160217,1980.000000,16.799957,-24.450012,-103.650009,1980.000000
19810.000000,-0.440918,0.081543,0.901367,1981.000000,-0.303268,0.673294,-0.385284,1981.000000,16.799957,-25.200012,-101.850006,1981.000000
19820.000000,-0.439941,0.084473,0.904785,1982.000000,0.059128,0.307083,0.099182,1982.000000,17.549957,-25.200012,-101.850006,1982.000000
19830.000000,-0.425781,0.077148,0.914062,1983.000000,-0.364304,0.001907,0.038147,1983.000000,17.249954,-24.450012,-102.900009,1983.000000
19840.000000,-0.436035,0.081055,0.907715,1984.000000,-0.425339,-0.055313,-0.202179,1984.000000,17.249954,-24.300003,-102.000000,1984.000000
19850.000000,-0.428223,0.072266,0.902344,1985.000000,-0.974655,0.062943,-0.202179,1985.000000,17.099960,-24.300003,-102.000000,1985.000000
19860.000000,-0.422363,0.067871,0.906250,1986.000000,-0.486374,0.795364,0.099182,1986.000000,17.099960,-25.950012,-102.900009,1986.000000
19870.000000,-0.429199,0.076660,0.912597,1987.000000,-0.730515,0.551224,0.343323,1987.000000,17.099960,-24.150009,-102.600006,1987.000000
19880.000000,-0.434570,0.081055,0.904785,1988.000000,-0.547409,0.612259,0.343323,1988.000000,16.049957,-24.150009,-102.600006,1988.000000
19890.000000,-0.429687,0.081055,0.914062,1989.000000,0.303268,0.246048,0.038147,1989.000000,15.299957,-25.200012,-101.850006,1989.000000
19900.000000,-0.429199,0.078613,0.906738,1990.000000,0.852585,-0.482559,0.709534,1990.000000,15.299957,-25.200012,-102.150009,1990.000000
19910.000000,-0.429199,0.084961,0.907715,1991.000000,-0.242233,-0.543594,0.221252,1991.000000,16.799957,-25.200012,-102.150009,1991.000000
19920.000000,-0.429199,0.074707,0.894531,1992.000000,0.669479,-0.543594,-0.019073,1992.000000,17.699966,-23.850006,-101.100006,1992.000000
19930.000000,-0.412598,0.077637,0.900879,1993.000000,-0.425339,-0.299454,0.404358,1993.000000,17.699966,-23.550003,-102.450012,1993.000000
19940.000000,-0.427246,0.075684,0.894043,1994.000000,-0.181198,-0.604630,0.221252,1994.000000,17.699966,-23.550003,-102.450012,1994.000000
19950.000000,-0.420898,0.085937,0.909179,1995.000000,-0.303268,-0.116348,-0.202179,1995.000000,16.199966,-24.750000,-102.750000,1995.000000
19960.000000,-0.427734,0.084473,0.907226,1996.000000,-0.181198,0.062943,0.160217,1996.000000,17.549957,-23.550003,-102.750000,1996.000000
19970.000000,-0.420410,0.066895,0.900879,1997.000000,-0.181198,0.368118,-0.385284,1997.000000,17.549957,-23.100006,-102.150009,1997.000000
19980.000000,-0.419922,0.077148,0.914062,1998.000000,0.120163,-0.116348,-0.385284,1998.000000,16.799957,-23.100006,-102.150009,1998.000000
19990.000000,-0.413574,0.070801,0.912597,1999.000000,0.791550,-0.055313,-0.202179,1999.000000,16.649963,-24.150009,-101.550003,1999.000000
20000.000000,-0.414062,0.063965,0.901855,2000.000000,0.486374,-0.177383,0.099182,2000.000000,16.649963,-24.750000,-101.700012,2000.000000
20010.000000,-0.419434,0.068359,0.902344,2001.000000,0.303268,-0.055313,-0.995636,2001.000000,17.249954,-24.750000,-101.700012,2001.000000
20020.000000,-0.430664,0.075195,0.909668,2002.000000,0.913620,-0.421524,0.160217,2002.000000,17.549957,-24.000000,-102.750000,2002.000000
20030.000000,-0.444336,0.079102,0.892090,2003.000000,-0.303268,-0.299454,-0.141144,2003.000000,17.999954,-23.850006,-102.150009,2003.000000
20040.000000,-0.418457,0.087891,0.904297,2004.000000,0.120163,-0.421524,0.038147,2004.000000,17.249954,-24.750000,-101.250000,2004.000000
20050.000000,-0.433594,0.079590,0.914062,2005.000000,-0.059128,-0.665665,-0.019073,2005.000000,17.249954,-23.550003,-102.000000,2005.000000
20060.000000,-0.431152,0.076660,0.907226,2006.000000,0.120163,-0.238419,0.221252,2006.000000,16.649963,-23.550003,-102.000000,2006.000000
20070.000000,-0.410156,0.083496,0.896484,2007.000000,0.303268,-0.909805,-0.324249,2007.000000,16.949966,-24.300003,-101.700012,2007.000000
20080.000000,-0.417480,0.078613,0.909179,2008.000000,0.181198,-0.360489,0.160217,2008.000000,16.949966,-24.300003,-102.450012,2008.000000
20090.000000,-0.435059,0.075195,0.918457,2009.000000,0.242233,-0.543594,-0.446320,2009.000000,18.449966,-24.300003,-102.450012,2009.000000
20100.000000,-0.424805,0.077148,0.908203,2010.000000,-0.547409,-0.299454,-0.263214,2010.000000,16.799957,-23.250000,-101.250000,2010.000000
20110.000000,-0.421387,0.078613,0.902832,2011.000000,0.059128,0.001907,0.099182,2011.000000,17.849960,-24.450012,-102.600006,2011.000000
20120.000000,-0.422851,0.064941,0.904297,2012.000000,0.242233,-0.177383,0.160217,2012.000000,17.849960,-25.200012,-103.650009,2012.000000
20130.000000,-0.412109,0.069336,0.901855,2013.000000,0.120163,-0.238419,0.221252,2013.000000,17.699966,-25.200012,-103.650009,2013.000000
20140.000000,-0.418945,0.068848,0.910644,2014.000000,0.000000,0.001907,0.343323,2014.000000,17.249954,-24.000000,-102.000000,2014.000000
20150.000000,-0.433594,0.082031,0.895508,2015.000000,0.000000,-0.360489,0.343323,2015.000000,17.249954,-24.750000,-100.950012,2015.000000
20160.000000,-0.419434,0.074707,0.906250,2016.000000,0.059128,-0.055313,-0.080109,2016.000000,16.949966,-24.750000,-100.950012,2016.000000
20170.000000,-0.421875,0.069336,0.917480,2017.000000,0.486374,0.123978,0.038147,2017.000000,16.349960,-23.550003,-101.700012,2017.000000
20180.000000,-0.427734,0.077148,0.912109,2018.000000,-0.059128,0.001907,0.465393,2018.000000,16.349960,-24.450012,-102.600006,2018.000000
20190.000000,-0.426758,0.079102,0.905273,2019.000000,0.486374,0.246048,-0.019073,2019.000000,17.099960,-24.450012,-102.600006,2019.000000
20200.000000,-0.425781,0.081055,0.895508,2020.000000,-0.242233,0.368118,0.404358,2020.000000,17.549957,-23.850006,-101.550003,2020.000000
20210.000000,-0.437500,0.084473,0.904297,2021.000000,0.000000,0.185013,0.221252,2021.000000,17.549957,-23.100006,-103.200012,2021.000000
20220.000000,-0.417480,0.078125,0.911133,2022.000000,0.181198,0.185013,0.038147,2022.000000,16.199966,-23.100006,-103.200012,2022.000000
20230.000000,-0.430176,0.079102,0.901367,2023.000000,-0.730515,-0.238419,-0.324249,2023.000000,18.149963,-23.550003,-102.000000,2023.000000
20240.000000,-0.416016,0.075684,0.904785,2024.000000,-0.486374,0.490189,0.160217,2024.000000,18.149963,-24.900009,-102.900009,2024.000000
20250.000000,-0.423340,0.069824,0.905761,2025.000000,-0.486374,0.185013,0.282288,2025.000000,16.049957,-24.900009,-102.900009,2025.000000
20260.000000,-0.432617,0.085937,0.904785,2026.000000,-0.120163,0.307083,0.221252,2026.000000,16.049957,-24.900009,-102.150009,2026.000000
20270.000000,-0.435547,0.074219,0.904297,2027.000000,0.120163,0.246048,0.038147,2027.000000,16.199966,-25.200012,-103.950012,2027.000000
20280.000000,-0.427246,0.070801,0.898437,2028.000000,0.059128,-0.299454,-0.263214,2028.000000,16.199966,-24.300003,-102.000000,2028.000000
20290.000000,-0.432617,0.077637,0.898926,2029.000000,0.120163,-0.177383,-0.324249,2029.000000,16.799957,-24.300003,-102.000000,2029.000000
20300.000000,-0.435059,0.075684,0.892090,2030.000000,0.181198,0.246048,-0.202179,2030.000000,17.099960,-24.450012,-102.150009,2030.000000
20310.000000,-0.430176,0.079102,0.897461,2031.000000,1.096725,0.307083,-0.934601,2031.000000,17.099960,-24.450012,-102.900009,2031.000000
20320.000000,-0.429687,0.067871,0.907226,2032.000000,0.608444,0.307083,-0.263214,2032.000000,17.249954,-24.450012,-102.900009,2032.000000
20330.000000,-0.428711,0.074707,0.907715,2033.000000,0.059128,-0.238419,-0.141144,2033.000000,17.249954,-24.000000,-101.700012,2033.000000
20340.000000,-0.422851,0.089844,0.892090,2034.000000,0.608444,0.307083,-0.080109,2034.000000,16.949966,-24.000000,-101.700012,2034.000000
20350.000000,-0.416504,0.079102,0.896484,2035.000000,-0.730515,0.368118,-0.202179,2035.000000,16.799957,-24.000000,-102.750000,2035.000000
20360.000000,-0.422363,0.068359,0.902344,2036.000000,0.000000,1.100540,-0.080109,2036.000000,16.799957,-24.450012,-102.900009,2036.000000
20370.000000,-0.427246,0.076660,0.910156,2037.000000,-0.791550,1.283646,-0.629425,2037.000000,17.849960,-24.450012,-102.900009,2037.000000
20380.000000,-0.433594,0.085937,0.907715,2038.000000,0.000000,0.490189,0.099182,2038.000000,16.949966,-23.400009,-101.550003,2038.000000
20390.000000,-0.433594,0.074707,0.903320,2039.000000,0.608444,0.490189,-0.446320,2039.000000,16.949966,-23.550003,-102.750000,2039.000000
20400.000000,-0.429687,0.074219,0.904297,2040.000000,0.669479,-0.299454,0.282288,2040.000000,17.549957,-23.550003,-102.750000,2040.000000
20410.000000,-0.426758,0.077637,0.889160,2041.000000,0.120163,-0.360489,-0.019073,2041.000000,16.649963,-24.150009,-102.150009,2041.000000
20420.000000,-0.434082,0.082031,0.903320,2042.000000,0.059128,0.185013,0.160217,2042.000000,16.199966,-25.500000,-101.700012,2042.000000
20430.000000,-0.428223,0.083984,0.914062,2043.000000,-0.486374,-0.299454,-0.202179,2043.000000,16.199966,-24.300003,-101.250000,2043.000000
20440.000000,-0.425781,0.073242,0.910156,2044.000000,-0.364304,0.734329,0.282288,2044.000000,16.349960,-24.300003,-101.250000,2044.000000
20450.000000,-0.433594,0.071777,0.914062,2045.000000,-0.547409,0.551224,-0.263214,2045.000000,16.949966,-24.150009,-103.950012,2045.000000
20460.000000,-0.414551,0.085449,0.908203,2046.000000,-0.669479,0.490189,0.282288,2046.000000,16.949966,-24.000000,-103.500000,2046.000000
20470.000000,-0.431152,0.080078,0.907715,2047.000000,-0.608444,0.734329,-0.263214,2047.000000,16.049957,-24.000000,-103.500000,2047.000000
20480.000000,-0.429199,0.083008,0.908203,2048.000000,-0.791550,0.551224,-0.019073,2048.000000,17.249954,-23.400009,-103.200012,2048.000000
20490.000000,-0.415039,0.089355,0.908203,2049.000000,-0.669479,0.429153,0.099182,2049.000000,17.249954,-23.550003,-103.800003,2049.000000
20500.000000,-0.422851,0.076172,0.895996,2050.000000,0.000000,0.551224,-0.141144,2050.000000,17.849960,-23.550003,-103.800003,2050.000000
20510.000000,-0.435547,0.081543,0.895508,2051.000000,0.000000,0.246048,-0.263214,2051.000000,16.649963,-23.850006,-101.850006,2051.000000
20520.000000,-0.435547,0.075195,0.904785,2052.000000,-0.059128,-0.055313,-0.263214,2052.000000,16.649963,-23.250000,-103.500000,2052.000000
20530.000000,-0.436523,0.075684,0.902344,2053.000000,-0.303268,0.123978,0.038147,2053.000000,15.899963,-23.250000,-103.500000,2053.000000
20540.000000,-0.436035,0.075684,0.902832,2054.000000,-0.303268,0.123978,-0.080109,2054.000000,16.049957,-25.500000,-103.050003,2054.000000
20550.000000,-0.421875,0.077637,0.904297,2055.000000,0.242233,0.123978,-0.080109,2055.000000,16.049957,-23.400009,-103.650009,2055.000000
20560.000000,-0.423340,0.087402,0.912597,2056.000000,0.303268,0.062943,0.221252,2056.000000,16.649963,-23.400009,-103.650009,2056.000000
20570.000000,-0.425781,0.070312,0.911621,2057.000000,0.486374,0.062943,0.343323,2057.000000,16.799957,-25.050003,-102.000000,2057.000000
20580.000000,-0.427246,0.067383,0.906738,2058.000000,-0.303268,-0.299454,-0.202179,2058.000000,17.099960,-23.100006,-102.600006,2058.000000
20590.000000,-0.430664,0.085449,0.902344,2059.000000,0.120163,-0.360489,0.221252,2059.000000,17.099960,-24.450012,-104.400009,2059.000000
20600.000000,-0.428711,0.075684,0.899414,2060.000000,0.364304,-0.421524,-0.202179,2060.000000,16.649963,-24.450012,-104.400009,2060.000000
20610.000000,-0.419922,0.085449,0.903320,2061.000000,0.000000,-0.787735,-0.385284,2061.000000,16.949966,-24.750000,-103.050003,2061.000000
20620.000000,-0.425293,0.074219,0.902344,2062.000000,-0.791550,0.246048,0.160217,2062.000000,16.199966,-24.300003,-101.700012,2062.000000
20630.000000,-0.416016,0.080078,0.915527,2063.000000,0.059128,0.123978,-0.141144,2063.000000,16.949966,-24.750000,-101.700012,2063.000000
20640.000000,-0.427734,0.078613,0.904297,2064.000000,0.181198,-0.116348,0.160217,2064.000000,16.949966,-25.050003,-102.450012,2064.000000
20650.000000,-0.428711,0.076660,0.904297,2065.000000,0.913620,0.062943,0.404358,2065.000000,16.949966,-25.050003,-102.450012,2065.000000
20660.000000,-0.431641,0.075684,0.896972,2066.000000,0.852585,-0.299454,0.343323,2066.000000,17.249954,-24.300003,-102.750000,2066.000000
20670.000000,-0.435547,0.079590,0.909668,2067.000000,0.425339,-0.665665,0.343323,2067.000000,17.249954,-23.550003,-103.050003,2067.000000
20680.000000,-0.423828,0.080566,0.902344,2068.000000,0.913620,-0.543594,0.160217,2068.000000,16.199966,-23.550003,-103.050003,2068.000000
20690.000000,-0.426758,0.077148,0.901367,2069.000000,0.974655,-0.787735,0.526428,2069.000000,17.699966,-25.050003,-102.000000,2069.000000
20700.000000,-0.435547,0.074219,0.907715,2070.000000,0.608444,-1.337051,0.892639,2070.000000,17.699966,-23.550003,-101.700012,2070.000000
20710.000000,-0.408691,0.097656,0.903320,2071.000000,0.791550,-1.276016,0.892639,2071.000000,17.099960,-23.550003,-101.700012,2071.000000
20720.000000,-0.430176,0.086426,0.910644,2072.000000,1.157761,-0.970840,0.160217,2072.000000,17.549957,-26.400009,-102.900009,2072.000000
20730.000000,-0.419922,0.095215,0.915527,2073.000000,0.303268,-1.031876,0.038147,2073.000000,16.199966,-25.200012,-101.850006,2073.000000
20740.000000,-0.418457,0.087891,0.901367,2074.000000,0.669479,-0.238419,0.160217,2074.000000,16.199966,-25.050003,-103.500000,2074.000000
20750.000000,-0.429687,0.072266,0.908203,2075.000000,0.059128,-0.421524,-0.263214,2075.000000,16.049957,-25.050003,-103.500000,2075.000000
20760.000000,-0.426758,0.073730,0.896972,2076.000000,0.425339,0.185013,-0.385284,2076.000000,16.349960,-25.950012,-102.150009,2076.000000
20770.000000,-0.433594,0.072754,0.912109,2077.000000,-0.547409,0.429153,-0.385284,2077.000000,16.349960,-23.850006,-102.150009,2077.000000
20780.000000,-0.434082,0.079590,0.903808,2078.000000,-0.852585,0.490189,-0.141144,2078.000000,17.699966,-23.850006,-102.150009,2078.000000
20790.000000,-0.441406,0.064453,0.898437,2079.000000,0.425339,0.368118,-0.446320,2079.000000,17.249954,-25.050003,-101.700012,2079.000000
20800.000000,-0.419922,0.064453,0.906250,2080.000000,-0.181198,0.123978,0.099182,2080.000000,17.249954,-24.750000,-102.450012,2080.000000
20810.000000,-0.423828,0.087891,0.908691,2081.000000,0.303268,0.001907,0.221252,2081.000000,16.799957,-24.750000,-102.450012,2081.000000
20820.000000,-0.434082,0.079590,0.909179,2082.000000,0.120163,0.001907,0.892639,2082.000000,16.799957,-25.200012,-102.150009,2082.000000
20830.000000,-0.431641,0.065918,0.909668,2083.000000,0.242233,-0.055313,0.587463,2083.000000,16.799957,-23.100006,-101.850006,2083.000000
20840.000000,-0.423828,0.087402,0.908691,2084.000000,0.059128,0.001907,0.404358,2084.000000,15.899963,-23.100006,-101.850006,2084.000000
20850.000000,-0.432617,0.073242,0.903320,2085.000000,0.242233,-0.177383,0.648499,2085.000000,18.149963,-24.000000,-102.000000,2085.000000
20860.000000,-0.421387,0.085937,0.904785,2086.000000,-0.303268,0.551224,0.221252,2086.000000,18.149963,-24.150009,-102.600006,2086.000000
20870.000000,-0.442871,0.063965,0.906250,2087.000000,-0.242233,0.062943,-0.141144,2087.000000,16.799957,-24.150009,-102.600006,2087.000000
20880.000000,-0.434082,0.071289,0.914551,2088.000000,0.000000,0.246048,0.160217,2088.000000,17.249954,-24.150009,-101.850006,2088.000000
20890.000000,-0.427734,0.083008,0.901855,2089.000000,-0.120163,0.795364,-0.202179,2089.000000,18.749954,-24.750000,-102.750000,2089.000000
20900.000000,-0.419922,0.087402,0.910644,2090.000000,0.425339,0.978470,0.404358,2090.000000,18.749954,-25.050003,-102.750000,2090.000000
20910.000000,-0.425781,0.077148,0.909179,2091.000000,0.059128,0.001907,0.343323,2091.000000,16.949966,-25.050003,-102.750000,2091.000000
20920.000000,-0.427734,0.076660,0.900390,2092.000000,0.730515,0.185013,1.075745,2092.000000,16.349960,-24.000000,-100.950012,2092.000000
20930.000000,-0.437012,0.081543,0.897949,2093.000000,0.547409,-0.177383,0.282288,2093.000000,16.349960,-24.900009,-102.150009,2093.000000
20940.000000,-0.433105,0.082520,0.895508,2094.000000,1.035690,-0.421524,0.160217,2094.000000,16.349960,-24.900009,-103.200012,2094.000000
20950.000000,-0.421387,0.067383,0.901367,2095.000000,0.364304,-0.604630,-0.202179,2095.000000,16.349960,-24.450012,-102.150009,2095.000000
20960.000000,-0.423340,0.083496,0.889648,2096.000000,-0.120163,-0.970840,0.160217,2096.000000,17.699966,-24.450012,-102.150009,2096.000000
20970.000000,-0.421875,0.083984,0.906250,2097.000000,-0.059128,-0.665665,0.221252,2097.000000,16.199966,-26.250000,-102.000000,2097.000000
20980.000000,-0.425781,0.079102,0.903808,2098.000000,0.364304,-0.604630,-0.202179,2098.000000,16.199966,-24.750000,-102.450012,2098.000000
20990.000000,-0.412598,0.075684,0.908203,2099.000000,0.608444,-0.848770,-0.263214,2099.000000,18.449966,-24.750000,-102.450012,2099.000000
21000.000000,-0.425293,0.068359,0.902344,2100.000000,0.425339,-0.421524,-0.141144,2100.000000,17.249954,-24.300003,-100.650009,2100.000000
21010.000000,-0.429199,0.080078,0.902832,2101.000000,0.242233,0.368118,0.160217,2101.000000,17.249954,-23.250000,-103.050003,2101.000000
21020.000000,-0.431152,0.086914,0.906738,2102.000000,0.913620,0.062943,0.343323,2102.000000,15.749954,-23.250000,-103.050003,2102.000000
21030.000000,-0.426269,0.078125,0.914062,2103.000000,1.096725,0.734329,0.404358,2103.000000,17.099960,-23.850006,-102.600006,2103.000000
21040.000000,-0.433594,0.084961,0.913574,2104.000000,1.646042,0.429153,0.221252,2104.000000,16.949966,-25.950012,-102.150009,2104.000000
21050.000000,-0.433105,0.083008,0.914551,2105.000000,1.707077,1.283646,0.099182,2105.000000,16.949966,-24.300003,-102.450012,2105.000000
21060.000000,-0.431152,0.071777,0.907715,2106.000000,1.707077,0.490189,0.282288,2106.000000,18.599960,-24.300003,-102.450012,2106.000000
21070.000000,-0.423828,0.071777,0.892090,2107.000000,1.646042,0.062943,0.404358,2107.000000,17.249954,-25.200012,-101.550003,2107.000000
21080.000000,-0.432617,0.093262,0.901367,2108.000000,1.523972,-0.177383,-0.080109,2108.000000,17.249954,-24.750000,-102.450012,2108.000000
21090.000000,-0.418945,0.080566,0.906250,2109.000000,1.707077,0.246048,0.221252,2109.000000,17.099960,-24.750000,-102.450012,2109.000000
21100.000000,-0.434570,0.079102,0.895019,2110.000000,1.768112,0.001907,0.709534,2110.000000,17.849960,-25.200012,-102.900009,2110.000000
21110.000000,-0.437012,0.085937,0.903808,2111.000000,0.669479,-0.543594,-0.019073,2111.000000,17.849960,-24.450012,-102.900009,2111.000000
21120.000000,-0.425781,0.083008,0.904785,2112.000000,0.547409,-0.726700,0.892639,2112.000000,18.149963,-24.450012,-102.900009,2112.000000
21130.000000,-0.417480,0.077148,0.903320,2113.000000,0.547409,-0.116348,0.465393,2113.000000,17.549957,-24.900009,-102.150009,2113.000000
21140.000000,-0.413086,0.086426,0.900879,2114.000000,0.059128,-0.238419,0.282288,2114.000000,17.549957,-24.150009,-102.900009,2114.000000
21150.000000,-0.425293,0.091309,0.902832,2115.000000,0.852585,0.062943,0.709534,2115.000000,17.099960,-24.150009,-102.900009,2115.000000
21160.000000,-0.420410,0.087402,0.895508,2116.000000,0.120163,0.246048,0.526428,2116.000000,17.249954,-24.150009,-101.850006,2116.000000
21170.000000,-0.416016,0.095215,0.918457,2117.000000,0.913620,0.307083,0.038147,2117.000000,17.249954,-24.300003,-101.700012,2117.000000
21180.000000,-0.420410,0.087402,0.910644,2118.000000,1.157761,1.039505,-0.019073,2118.000000,16.649963,-24.300003,-101.700012,2118.000000
21190.000000,-0.430176,0.079590,0.911621,2119.000000,0.242233,0.368118,0.343323,2119.000000,16.649963,-24.750000,-102.000000,2119.000000
21200.000000,-0.439453,0.070801,0.910156,2120.000000,0.791550,0.734329,-0.263214,2120.000000,16.649963,-25.800003,-103.050003,2120.000000
21210.000000,-0.433105,0.078125,0.908203,2121.000000,0.425339,1.039505,0.343323,2121.000000,16.649963,-25.050003,-103.500000,2121.000000
21220.000000,-0.429687,0.073242,0.902344,2122.000000,0.608444,0.673294,0.160217,2122.000000,16.799957,-25.050003,-103.500000,2122.000000
21230.000000,-0.427734,0.067871,0.908691,2123.000000,1.035690,0.429153,0.221252,2123.000000,16.799957,-23.850006,-102.900009,2123.000000
21240.000000,-0.440430,0.073730,0.897461,2124.000000,0.303268,0.185013,0.648499,2124.000000,16.649963,-23.850006,-102.900009,2124.000000
21250.000000,-0.440430,0.081543,0.895996,2125.000000,-0.120163,0.490189,0.038147,2125.000000,16.949966,-24.750000,-101.700012,2125.000000
21260.000000,-0.422363,0.081543,0.900390,2126.000000,0.364304,0.795364,-0.019073,2126.000000,16.949966,-24.300003,-102.750000,2126.000000
21270.000000,-0.424316,0.079590,0.907715,2127.000000,0.669479,0.673294,0.221252,2127.000000,16.949966,-24.300003,-102.750000,2127.000000
21280.000000,-0.429199,0.078125,0.905761,2128.000000,0.608444,0.307083,-0.324249,2128.000000,18.449966,-26.250000,-102.750000,2128.000000
21290.000000,-0.416992,0.077148,0.901367,2129.000000,0.669479,0.551224,0.770569,2129.000000,18.449966,-23.250000,-103.500000,2129.000000
21300.000000,-0.429687,0.076660,0.895508,2130.000000,1.218796,0.734329,0.343323,2130.000000,16.649963,-23.250000,-103.500000,2130.000000
21310.000000,-0.420410,0.078613,0.901855,2131.000000,1.340866,0.001907,-0.080109,2131.000000,16.949966,-24.750000,-103.050003,2131.000000
21320.000000,-0.426758,0.089844,0.898926,2132.000000,0.730515,0.673294,0.648499,2132.000000,16.949966,-23.250000,-103.050003,2132.000000
21330.000000,-0.435059,0.099121,0.902832,2133.000000,0.791550,-0.055313,0.343323,2133.000000,16.199966,-23.250000,-103.050003,2133.000000
21340.000000,-0.435547,0.094727,0.895996,2134.000000,0.913620,0.001907,0.282288,2134.000000,17.249954,-24.300003,-102.750000,2134.000000
21350.000000,-0.426758,0.085937,0.902344,2135.000000,0.791550,-0.116348,-0.019073,2135.000000,16.799957,-23.550003,-103.050003,2135.000000
21360.000000,-0.432617,0.089355,0.904785,2136.000000,0.974655,0.429153,0.709534,2136.000000,16.799957,-25.200012,-101.550003,2136.000000
21370.000000,-0.427734,0.096680,0.911621,2137.000000,0.547409,0.612259,0.221252,2137.000000,15.899963,-25.200012,-101.550003,2137.000000
21380.000000,-0.429687,0.083496,0.905273,2138.000000,0.913620,1.283646,0.282288,2138.000000,15.899963,-24.750000,-103.500000,2138.000000
21390.000000,-0.435059,0.077148,0.903320,2139.000000,1.157761,1.222610,0.160217,2139.000000,15.899963,-25.800003,-101.700012,2139.000000
21400.000000,-0.433594,0.086426,0.901855,2140.000000,0.974655,0.856400,0.343323,2140.000000,16.349960,-25.800003,-101.700012,2140.000000
21410.000000,-0.423340,0.077148,0.899414,2141.000000,1.340866,0.673294,0.465393,2141.000000,17.849960,-25.200012,-103.200012,2141.000000
21420.000000,-0.434570,0.097168,0.907226,2142.000000,1.279831,0.734329,-0.507355,2142.000000,17.849960,-25.200012,-101.550003,2142.000000
21430.000000,-0.430664,0.082031,0.906738,2143.000000,1.035690,0.490189,0.038147,2143.000000,17.549957,-25.200012,-101.550003,2143.000000
21440.000000,-0.436523,0.085937,0.896484,2144.000000,1.096725,0.856400,0.038147,2144.000000,16.049957,-25.650009,-103.650009,2144.000000
21450.000000,-0.426269,0.083496,0.900390,2145.000000,1.218796,0.001907,-0.385284,2145.000000,16.049957,-24.450012,-103.200012,2145.000000
21460.000000,-0.437500,0.093262,0.911621,2146.000000,1.035690,0.612259,-0.080109,2146.000000,16.949966,-24.450012,-103.200012,2146.000000
21470.000000,-0.418945,0.081543,0.898437,2147.000000,1.218796,0.307083,-0.568390,2147.000000,18.449966,-24.300003,-102.000000,2147.000000
21480.000000,-0.415039,0.096680,0.908691,2148.000000,1.218796,0.123978,-0.446320,2148.000000,18.449966,-25.800003,-102.000000,2148.000000
21490.000000,-0.434082,0.103516,0.909179,2149.000000,0.669479,0.856400,0.038147,2149.000000,16.799957,-25.800003,-102.000000,2149.000000
21500.000000,-0.426269,0.087891,0.908203,2150.000000,1.035690,1.161575,0.221252,2150.000000,17.849960,-25.200012,-101.550003,2150.000000
21510.000000,-0.446289,0.083496,0.909179,2151.000000,1.829147,0.734329,-0.080109,2151.000000,16.349960,-25.650009,-103.950012,2151.000000
21520.000000,-0.429687,0.088379,0.906250,2152.000000,1.462936,1.588821,-0.446320,2152.000000,17.999954,-25.200012,-102.600006,2152.000000
21530.000000,-0.419434,0.078613,0.900390,2153.000000,1.218796,0.673294,0.526428,2153.000000,17.699966,-24.000000,-101.700012,2153.000000
21540.000000,-0.425781,0.079590,0.900390,2154.000000,0.974655,1.222610,0.038147,2154.000000,17.699966,-25.500000,-102.450012,2154.000000
21550.000000,-0.430664,0.074219,0.905761,2155.000000,0.547409,1.466751,-0.202179,2155.000000,16.799957,-25.500000,-102.450012,2155.000000
21560.000000,-0.427734,0.085937,0.914551,2156.000000,0.120163,0.917435,0.282288,2156.000000,17.549957,-24.450012,-102.600006,2156.000000
21570.000000,-0.432617,0.090820,0.897949,2157.000000,-0.242233,0.917435,0.099182,2157.000000,17.549957,-24.900009,-104.400009,2157.000000
21580.000000,-0.438476,0.090332,0.899414,2158.000000,-0.120163,1.222610,0.282288,2158.000000,16.199966,-24.900009,-104.400009,2158.000000
21590.000000,-0.436035,0.084473,0.891113,2159.000000,-0.974655,2.016068,0.404358,2159.000000,16.649963,-24.300003,-102.000000,2159.000000
21600.000000,-0.434570,0.090332,0.891113,2160.000000,-0.974655,1.710892,0.221252,2160.000000,16.649963,-23.250000,-103.500000,2160.000000
21610.000000,-0.429199,0.076172,0.896972,2161.000000,-0.364304,1.649857,0.648499,2161.000000,17.099960,-23.250000,-103.500000,2161.000000
21620.000000,-0.426269,0.081055,0.901367,2162.000000,-0.852585,1.649857,0.404358,2162.000000,16.199966,-24.450012,-103.650009,2162.000000
21630.000000,-0.431641,0.095215,0.900390,2163.000000,0.425339,0.978470,0.770569,2163.000000,16.199966,-26.250000,-102.450012,2163.000000
21640.000000,-0.429687,0.088867,0.899902,2164.000000,0.364304,0.856400,0.343323,2164.000000,17.699966,-26.250000,-102.450012,2164.000000
21650.000000,-0.445312,0.089355,0.888672,2165.000000,0.425339,0.490189,-0.202179,2165.000000,16.949966,-23.550003,-103.050003,2165.000000
21660.000000,-0.425293,0.080078,0.903320,2166.000000,0.486374,0.612259,-0.385284,2166.000000,17.699966,-24.750000,-102.450012,2166.000000
21670.000000,-0.442871,0.095215,0.900390,2167.000000,0.547409,0.307083,-0.080109,2167.000000,17.699966,-24.750000,-102.750000,2167.000000
21680.000000,-0.447266,0.083496,0.886230,2168.000000,1.035690,0.673294,0.282288,2168.000000,17.849960,-24.750000,-102.750000,2168.000000
21690.000000,-0.419922,0.086914,0.895996,2169.000000,1.340866,0.612259,0.282288,2169.000000,17.549957,-25.200012,-103.650009,2169.000000
21700.000000,-0.435059,0.103027,0.895019,2170.000000,1.401901,1.405716,0.587463,2170.000000,17.549957,-24.900009,-103.200012,2170.000000
21710.000000,-0.450195,0.076172,0.898926,2171.000000,1.340866,1.222610,0.404358,2171.000000,18.599960,-24.900009,-103.200012,2171.000000
21720.000000,-0.448730,0.090820,0.907226,2172.000000,0.913620,0.978470,0.465393,2172.000000,16.649963,-25.650009,-102.900009,2172.000000
21730.000000,-0.451172,0.095215,0.910644,2173.000000,1.035690,0.978470,-0.507355,2173.000000,16.649963,-24.750000,-102.750000,2173.000000
21740.000000,-0.446289,0.099121,0.905273,2174.000000,1.890182,0.307083,0.160217,2174.000000,15.749954,-24.750000,-102.750000,2174.000000
21750.000000,-0.451172,0.082520,0.906250,2175.000000,2.439499,-0.116348,-0.934601,2175.000000,15.899963,-23.850006,-102.900009,2175.000000
21760.000000,-0.430176,0.089844,0.902344,2176.000000,2.561569,-0.238419,-0.080109,2176.000000,15.899963,-25.050003,-103.050003,2176.000000
21770.000000,-0.434570,0.084961,0.894043,2177.000000,2.561569,-0.543594,-0.385284,2177.000000,16.649963,-25.050003,-103.050003,2177.000000
21780.000000,-0.431152,0.094727,0.895996,2178.000000,2.378464,0.123978,-0.080109,2178.000000,18.449966,-24.000000,-103.050003,2178.000000
21790.000000,-0.429199,0.099609,0.891601,2179.000000,1.218796,-0.177383,-0.446320,2179.000000,18.449966,-23.550003,-104.100006,2179.000000
21800.000000,-0.417969,0.094238,0.883789,2180.000000,0.486374,-0.055313,-0.873566,2180.000000,16.349960,-23.550003,-104.100006,2180.000000
21810.000000,-0.433105,0.093750,0.899902,2181.000000,0.425339,-0.177383,-0.934601,2181.000000,16.349960,-24.900009,-103.950012,2181.000000
21820.000000,-0.420898,0.091797,0.910156,2182.000000,-0.608444,-0.055313,-0.568390,2182.000000,17.999954,-24.450012,-103.200012,2182.000000
21830.000000,-0.436035,0.075684,0.899902,2183.000000,0.120163,0.429153,-0.324249,2183.000000,18.149963,-24.750000,-102.000000,2183.000000
21840.000000,-0.427734,0.093262,0.908203,2184.000000,0.852585,-0.177383,-0.507355,2184.000000,16.799957,-24.450012,-101.550003,2184.000000
21850.000000,-0.429199,0.086914,0.913086,2185.000000,0.547409,0.185013,-0.934601,2185.000000,16.799957,-23.100006,-102.150009,2185.000000
21860.000000,-0.440918,0.084961,0.905273,2186.000000,0.059128,-0.299454,-0.385284,2186.000000,17.099960,-23.100006,-102.150009,2186.000000
21870.000000,-0.423340,0.083984,0.904297,2187.000000,0.608444,0.368118,-0.446320,2187.000000,17.549957,-25.200012,-103.200012,2187.000000
21880.000000,-0.442871,0.083008,0.895508,2188.000000,0.242233,0.429153,-0.568390,2188.000000,17.549957,-25.200012,-102.900009,2188.000000
21890.000000,-0.439453,0.086914,0.897949,2189.000000,0.059128,0.551224,-0.202179,2189.000000,18.449966,-25.200012,-102.900009,2189.000000
21900.000000,-0.436523,0.091797,0.898926,2190.000000,0.059128,0.062943,-0.568390,2190.000000,18.599960,-24.750000,-102.750000,2190.000000
21910.000000,-0.437988,0.104004,0.909179,2191.000000,0.303268,0.368118,-0.446320,2191.000000,18.599960,-25.650009,-101.850006,2191.000000
21920.000000,-0.446289,0.088379,0.910156,2192.000000,1.707077,0.185013,0.221252,2192.000000,17.249954,-25.650009,-101.850006,2192.000000
21930.000000,-0.431152,0.100586,0.906738,2193.000000,0.974655,3.725052,1.258850,2193.000000,16.199966,-25.050003,-102.000000,2193.000000
21940.000000,-0.458984,0.090820,0.919922,2194.000000,1.585007,1.527786,0.282288,2194.000000,16.199966,-24.750000,-103.050003,2194.000000
21950.000000,-0.440918,0.090332,0.887207,2195.000000,2.073288,0.978470,0.160217,2195.000000,17.849960,-24.750000,-103.050003,2195.000000
21960.000000,-0.434570,0.091309,0.901367,2196.000000,2.134323,0.612259,-0.202179,2196.000000,15.899963,-23.850006,-102.150009,2196.000000
21970.000000,-0.454101,0.082520,0.892578,2197.000000,1.218796,0.856400,-0.446320,2197.000000,16.949966,-24.000000,-102.750000,2197.000000
21980.000000,-0.433594,0.085449,0.891113,2198.000000,0.669479,0.368118,-0.202179,2198.000000,16.949966,-23.550003,-103.050003,2198.000000
21990.000000,-0.443848,0.101074,0.893554,2199.000000,1.340866,0.917435,-0.629425,2199.000000,17.699966,-23.550003,-103.050003,2199.000000
22000.000000,-0.436035,0.091309,0.885254,2200.000000,0.547409,0.795364,0.282288,2200.000000,17.549957,-24.300003,-103.050003,2200.000000
22010.000000,-0.434570,0.094727,0.907715,2201.000000,1.401901,1.161575,0.221252,2201.000000,17.549957,-24.900009,-103.650009,2201.000000
22020.000000,-0.436035,0.107422,0.884765,2202.000000,1.768112,1.955032,0.831604,2202.000000,16.349960,-24.900009,-103.650009,2202.000000
22030.000000,-0.437988,0.093262,0.906738,2203.000000,1.096725,2.321243,1.014709,2203.000000,17.999954,-25.200012,-103.200012,2203.000000
22040.000000,-0.434082,0.096680,0.915039,2204.000000,1.462936,2.870560,0.282288,2204.000000,17.999954,-24.300003,-102.750000,2204.000000
22050.000000,-0.441406,0.095215,0.908203,2205.000000,1.279831,2.077103,0.282288,2205.000000,16.349960,-24.300003,-102.750000,2205.000000
22060.000000,-0.449219,0.097168,0.894531,2206.000000,0.303268,1.283646,0.038147,2206.000000,16.049957,-25.200012,-102.600006,2206.000000
22070.000000,-0.445312,0.100098,0.885254,2207.000000,-0.242233,1.222610,-0.507355,2207.000000,16.049957,-24.150009,-102.900009,2207.000000
22080.000000,-0.431641,0.101074,0.894531,2208.000000,-0.974655,1.588821,-0.385284,2208.000000,17.099960,-24.150009,-102.900009,2208.000000
22090.000000,-0.441894,0.093750,0.896972,2209.000000,-3.904343,2.504349,-1.972198,2209.000000,14.999954,-24.450012,-103.200012,2209.000000
22100.000000,-0.244629,0.089844,0.891113,2210.000000,-9.336472,9.767532,-7.282257,2210.000000,14.999954,-24.150009,-102.600006,2210.000000
22110.000000,-0.491699,0.038086,0.828125,2211.000000,0.059128,14.772415,-3.314972,2211.000000,17.549957,-24.150009,-102.600006,2211.000000
22120.000000,-0.427734,0.129395,0.929199,2212.000000,-5.796432,3.297806,-3.070831,2212.000000,17.699966,-24.900009,-102.900009,2212.000000
22130.000000,-0.429199,0.073730,0.864258,2213.000000,-5.247116,8.546829,-3.009796,2213.000000,17.249954,-25.050003,-102.450012,2213.000000
22140.000000,-0.433105,0.092773,0.906738,2214.000000,-5.491257,5.189896,-1.361847,2214.000000,17.249954,-23.550003,-103.050003,2214.000000
22150.000000,-0.451172,0.101074,0.890625,2215.000000,-5.247116,5.128860,0.404358,2215.000000,17.849960,-23.550003,-103.050003,2215.000000
22160.000000,-0.453125,0.096191,0.894043,2216.000000,-3.171921,5.128860,1.075745,2216.000000,17.099960,-24.900009,-101.850006,2216.000000
22170.000000,-0.467285,0.087402,0.900390,2217.000000,-0.425339,3.602982,1.380920,2217.000000,17.099960,-25.200012,-102.150009,2217.000000
22180.000000,-0.468262,0.081543,0.898926,2218.000000,1.523972,3.053665,0.343323,2218.000000,16.349960,-25.200012,-102.150009,2218.000000
22190.000000,-0.450683,0.086426,0.912109,2219.000000,2.073288,4.640579,0.282288,2219.000000,17.249954,-24.450012,-102.900009,2219.000000
22200.000000,-0.435059,0.088379,0.920898,2220.000000,0.608444,8.852005,1.136780,2220.000000,17.249954,-24.000000,-102.750000,2220.000000
22210.000000,-0.456055,0.053711,0.901367,2221.000000,0.425339,11.720657,0.953674,2221.000000,16.949966,-24.000000,-102.750000,2221.000000
22220.000000,-0.443359,0.105957,0.899414,2222.000000,-0.791550,8.058548,1.808167,2222.000000,17.699966,-25.050003,-102.450012,2222.000000
22230.000000,-0.439941,0.097656,0.885742,2223.000000,-1.340866,6.471634,1.991272,2223.000000,17.699966,-24.300003,-105.150009,2223.000000
22240.000000,-0.454101,0.096191,0.883301,2224.000000,-3.416061,5.678177,3.211975,2224.000000,18.599960,-24.300003,-105.150009,2224.000000
22250.000000,-0.467773,0.087402,0.896484,2225.000000,-5.186081,5.556107,3.211975,2225.000000,17.099960,-24.900009,-103.200012,2225.000000
22260.000000,-0.467773,0.078125,0.867187,2226.000000,-5.125046,4.152298,3.883362,2226.000000,17.099960,-23.850006,-102.900009,2226.000000
22270.000000,-0.462402,0.081055,0.879394,2227.000000,-9.885788,5.800247,4.371643,2227.000000,16.799957,-23.850006,-102.900009,2227.000000
22280.000000,-0.471680,0.096191,0.885254,2228.000000,-0.547409,9.645462,4.737854,2228.000000,17.849960,-25.650009,-104.700012,2228.000000
22290.000000,-0.411621,0.067871,0.890136,2229.000000,5.430222,11.293411,-0.812531,2229.000000,17.849960,-24.900009,-103.650009,2229.000000
22300.000000,-0.480957,0.036621,0.911621,2230.000000,6.162643,10.683060,0.648499,2230.000000,17.099960,-24.900009,-103.650009,2230.000000
22310.000000,-0.474121,0.128418,0.881347,2231.000000,5.552292,6.471634,0.648499,2231.000000,18.149963,-24.150009,-103.650009,2231.000000
22320.000000,-0.447266,0.081543,0.898926,2232.000000,5.796432,5.739212,0.648499,2232.000000,18.149963,-23.850006,-101.850006,2232.000000
22330.000000,-0.448242,0.094727,0.906250,2233.000000,6.345749,4.579544,1.564026,2233.000000,17.249954,-23.850006,-101.850006,2233.000000
22340.000000,-0.446777,0.100098,0.898926,2234.000000,3.477097,3.541946,2.906799,2234.000000,16.649963,-25.800003,-103.050003,2234.000000
22350.000000,-0.458496,0.103027,0.878418,2235.000000,2.805710,3.358841,4.310608,2235.000000,16.649963,-24.000000,-105.150009,2235.000000
22360.000000,-0.462402,0.103027,0.881347,2236.000000,1.035690,4.518509,5.592346,2236.000000,18.149963,-24.000000,-105.150009,2236.000000
22370.000000,-0.475586,0.099121,0.871094,2237.000000,-0.242233,4.213333,6.446838,2237.000000,17.849960,-24.150009,-103.650009,2237.000000
22380.000000,-0.482422,0.102539,0.877929,2238.000000,0.364304,5.189896,6.385803,2238.000000,17.849960,-24.900009,-102.900009,2238.000000
22390.000000,-0.487793,0.078125,0.869140,2239.000000,2.561569,3.786087,3.395081,2239.000000,17.699966,-24.900009,-102.900009,2239.000000
22400.000000,-0.449219,0.083984,0.872558,2240.000000,4.453659,4.762650,2.296448,2240.000000,18.749954,-25.050003,-104.550003,2240.000000
22410.000000,-0.454101,0.047852,0.881836,2241.000000,1.218796,2.504349,1.075745,2241.000000,18.749954,-22.800003,-104.100006,2241.000000
22420.000000,-0.454101,0.109375,0.866699,2242.000000,-3.477097,3.236771,1.197815,2242.000000,16.949966,-22.800003,-104.100006,2242.000000
22430.000000,-0.471680,0.090820,0.877441,2243.000000,-3.416061,3.786087,4.127502,2243.000000,17.099960,-25.050003,-103.500000,2243.000000
22440.000000,-0.452637,0.099609,0.885254,2244.000000,1.035690,5.067825,6.813049,2244.000000,17.699966,-25.650009,-103.950012,2244.000000
22450.000000,-0.457031,0.089355,0.909179,2245.000000,4.209518,6.288528,6.752014,2245.000000,17.699966,-25.500000,-104.850006,2245.000000
22460.000000,-0.473144,0.075684,0.912109,2246.000000,-0.669479,4.030228,7.118225,2246.000000,17.849960,-25.500000,-104.850006,2246.000000
22470.000000,-0.479492,0.107910,0.889160,2247.000000,0.852585,5.067825,6.629944,2247.000000,18.449966,-24.150009,-103.200012,2247.000000
22480.000000,-0.476074,0.082520,0.880371,2248.000000,1.646042,3.297806,3.822327,2248.000000,18.449966,-25.500000,-104.100006,2248.000000
22490.000000,-0.467285,0.077637,0.878906,2249.000000,2.134323,3.114700,1.502991,2249.000000,18.749954,-25.500000,-104.100006,2249.000000
22500.000000,-0.462891,0.083008,0.872070,2250.000000,1.951218,-0.848770,-0.873566,2250.000000,17.999954,-25.050003,-104.100006,2250.000000
22510.000000,-0.469238,0.097656,0.847656,2251.000000,-1.523972,1.527786,-0.934601,2251.000000,17.999954,-23.550003,-103.050003,2251.000000
22520.000000,-0.472656,0.097168,0.871582,2252.000000,-1.890182,2.870560,0.831604,2252.000000,17.699966,-23.550003,-103.050003,2252.000000
22530.000000,-0.464355,0.126953,0.870605,2253.000000,-3.293991,1.771927,1.625061,2253.000000,18.449966,-24.000000,-104.100006,2253.000000
22540.000000,-0.456055,0.117676,0.892090,2254.000000,-1.707077,1.039505,5.165100,2254.000000,18.449966,-23.250000,-103.800003,2254.000000
22550.000000,-0.476074,0.103027,0.904785,2255.000000,-0.486374,-1.642227,3.578186,2255.000000,17.999954,-23.250000,-103.800003,2255.000000
22560.000000,-0.468262,0.079590,0.887695,2256.000000,-0.730515,-2.862930,2.540588,2256.000000,17.999954,-24.000000,-103.500000,2256.000000
22570.000000,-0.480957,0.086914,0.872070,2257.000000,-1.401901,-2.740860,1.564026,2257.000000,18.899963,-24.750000,-103.500000,2257.000000
22580.000000,-0.471191,0.087402,0.851562,2258.000000,-2.866745,0.795364,1.441956,2258.000000,18.149963,-24.900009,-102.150009,2258.000000
22590.000000,-0.493164,0.092773,0.862304,2259.000000,-3.049850,2.260208,2.296448,2259.000000,17.999954,-24.150009,-103.650009,2259.000000
22600.000000,-0.485840,0.097168,0.875488,2260.000000,-1.707077,2.260208,2.784729,2260.000000,17.999954,-23.250000,-103.500000,2260.000000
22610.000000,-0.496094,0.099609,0.877929,2261.000000,-1.707077,1.283646,1.136780,2261.000000,17.099960,-23.250000,-103.500000,2261.000000
22620.000000,-0.482422,0.088379,0.892090,2262.000000,-0.791550,-0.726700,1.075745,2262.000000,18.149963,-22.650009,-104.700012,2262.000000
22630.000000,-0.479980,0.103516,0.896972,2263.000000,4.331589,-1.153946,0.709534,2263.000000,18.149963,-22.650009,-103.650009,2263.000000
22640.000000,-0.435547,0.095215,0.883789,2264.000000,5.613327,-2.252579,-0.019073,2264.000000,18.449966,-22.650009,-103.650009,2264.000000
22650.000000,-0.465332,0.040039,0.938476,2265.000000,0.120163,-2.801895,0.953674,2265.000000,17.699966,-25.050003,-102.450012,2265.000000
22660.000000,-0.452637,0.148437,0.847168,2266.000000,-0.120163,0.001907,1.197815,2266.000000,17.699966,-25.500000,-104.100006,2266.000000
22670.000000,-0.467773,0.086914,0.873047,2267.000000,-0.059128,1.222610,2.723694,2267.000000,19.049957,-25.500000,-104.100006,2267.000000
22680.000000,-0.479492,0.118164,0.866211,2268.000000,1.401901,1.161575,2.357483,2268.000000,18.599960,-24.000000,-104.850006,2268.000000
22690.000000,-0.487305,0.092285,0.872558,2269.000000,3.599167,1.039505,1.869202,2269.000000,18.599960,-24.150009,-103.650009,2269.000000
22700.000000,-0.481445,0.097168,0.871094,2270.000000,3.232956,0.062943,0.526428,2270.000000,18.449966,-24.150009,-103.650009,2270.000000
22710.000000,-0.478027,0.083984,0.864746,2271.000000,1.829147,-0.482559,-1.361847,2271.000000,18.599960,-24.300003,-103.050003,2271.000000
22720.000000,-0.473144,0.101074,0.865722,2272.000000,1.707077,1.405716,-1.056671,2272.000000,18.599960,-23.100006,-104.700012,2272.000000
22730.000000,-0.456543,0.103516,0.874023,2273.000000,0.425339,1.344681,0.526428,2273.000000,16.799957,-23.100006,-104.700012,2273.000000
22740.000000,-0.455078,0.104004,0.897949,2274.000000,-1.829147,1.649857,1.380920,2274.000000,17.699966,-24.150009,-104.400009,2274.000000
22750.000000,-0.459473,0.095215,0.890136,2275.000000,-2.012253,0.123978,2.662659,2275.000000,17.699966,-25.050003,-103.500000,2275.000000
22760.000000,-0.466308,0.089844,0.881347,2276.000000,-0.181198,1.039505,1.869202,2276.000000,17.699966,-25.050003,-103.500000,2276.000000
22770.000000,-0.466797,0.101074,0.871094,2277.000000,1.890182,0.062943,1.014709,2277.000000,17.849960,-24.000000,-102.750000,2277.000000
22780.000000,-0.463379,0.104492,0.869629,2278.000000,2.622604,0.551224,-0.202179,2278.000000,17.849960,-23.100006,-102.900009,2278.000000
22790.000000,-0.471191,0.088867,0.866211,2279.000000,2.866745,0.551224,-1.300812,2279.000000,19.349960,-23.100006,-102.900009,2279.000000
22800.000000,-0.478516,0.096191,0.878418,2280.000000,4.087448,0.978470,-1.056671,2280.000000,17.549957,-24.900009,-104.700012,2280.000000
22810.000000,-0.471191,0.114258,0.884765,2281.000000,3.049850,-0.055313,0.221252,2281.000000,17.549957,-23.850006,-102.900009,2281.000000
22820.000000,-0.491211,0.108398,0.883301,2282.000000,2.378464,-0.360489,0.099182,2282.000000,17.249954,-23.850006,-102.900009,2282.000000
22830.000000,-0.463867,0.101074,0.877929,2283.000000,2.073288,-0.604630,0.953674,2283.000000,17.849960,-24.750000,-104.100006,2283.000000
22840.000000,-0.470215,0.114746,0.875488,2284.000000,0.791550,1.649857,-0.141144,2284.000000,17.849960,-24.150009,-102.900009,2284.000000
22850.000000,-0.457031,0.085937,0.890136,2285.000000,0.364304,-0.909805,-0.019073,2285.000000,17.849960,-24.150009,-102.900009,2285.000000
22860.000000,-0.465820,0.123535,0.866211,2286.000000,-0.425339,0.734329,0.465393,2286.000000,17.999954,-24.450012,-103.200012,2286.000000
22870.000000,-0.460937,0.113770,0.873535,2287.000000,-0.425339,2.687454,1.319885,2287.000000,17.999954,-23.550003,-104.550003,2287.000000
22880.000000,-0.479980,0.098145,0.879394,2288.000000,0.059128,2.809525,3.456116,2288.000000,17.099960,-23.550003,-104.550003,2288.000000
22890.000000,-0.486328,0.112305,0.887207,2289.000000,1.585007,1.527786,3.089905,2289.000000,19.799957,-23.850006,-103.650009,2289.000000
22900.000000,-0.484863,0.100586,0.887695,2290.000000,3.965378,1.649857,1.808167,2290.000000,17.249954,-24.750000,-103.800003,2290.000000
22910.000000,-0.477539,0.086914,0.892090,2291.000000,2.256393,-1.581192,-0.019073,2291.000000,17.249954,-25.050003,-103.500000,2291.000000
22920.000000,-0.481445,0.104492,0.847656,2292.000000,2.744675,-0.482559,-1.361847,2292.000000,18.749954,-25.050003,-103.500000,2292.000000
22930.000000,-0.455566,0.102539,0.866211,2293.000000,0.000000,-0.238419,-1.667023,2293.000000,18.149963,-24.000000,-104.100006,2293.000000
22940.000000,-0.452637,0.122070,0.851074,2294.000000,-0.730515,2.565384,-0.507355,2294.000000,18.149963,-23.100006,-105.000000,2294.000000
22950.000000,-0.459961,0.112305,0.871094,2295.000000,-1.768112,3.419876,2.174377,2295.000000,18.449966,-23.100006,-105.000000,2295.000000
22960.000000,-0.471680,0.126465,0.901367,2296.000000,-0.791550,2.626419,3.334045,2296.000000,19.649963,-24.300003,-104.550003,2296.000000
22970.000000,-0.475586,0.104980,0.895996,2297.000000,4.514694,0.856400,2.784729,2297.000000,19.649963,-24.150009,-103.950012,2297.000000
22980.000000,-0.488769,0.091797,0.885254,2298.000000,10.496140,0.551224,2.174377,2298.000000,18.449966,-24.150009,-103.950012,2298.000000
22990.000000,-0.490234,0.068359,0.896972,2299.000000,1.035690,-1.153946,0.099182,2299.000000,18.599960,-23.250000,-105.600006,2299.000000
23000.000000,-0.483887,0.137207,0.825195,2300.000000,2.500534,0.551224,0.648499,2300.000000,18.599960,-23.400009,-104.700012,2300.000000
23010.000000,-0.479492,0.096191,0.839355,2301.000000,5.796432,0.734329,-0.812531,2301.000000,18.899963,-23.400009,-104.700012,2301.000000
23020.000000,-0.472168,0.096680,0.892090,2302.000000,3.049850,-0.665665,-0.202179,2302.000000,19.049957,-24.900009,-104.400009,2302.000000
23030.000000,-0.484375,0.118652,0.884277,2303.000000,0.974655,1.039505,1.197815,2303.000000,19.049957,-25.500000,-104.850006,2303.000000
23040.000000,-0.470703,0.107422,0.887207,2304.000000,-0.730515,0.551224,0.587463,2304.000000,19.499954,-25.500000,-104.850006,2304.000000
23050.000000,-0.475098,0.094727,0.895996,2305.000000,-1.401901,-0.665665,0.587463,2305.000000,17.249954,-23.250000,-104.100006,2305.000000
23060.000000,-0.470703,0.113770,0.882324,2306.000000,-2.317429,-0.909805,0.099182,2306.000000,18.149963,-24.000000,-103.500000,2306.000000
23070.000000,-0.493164,0.104004,0.876465,2307.000000,-0.913620,0.185013,0.160217,2307.000000,18.149963,-23.100006,-104.400009,2307.000000
23080.000000,-0.491211,0.103516,0.854004,2308.000000,-0.364304,0.856400,0.099182,2308.000000,18.449966,-23.100006,-104.400009,2308.000000
23090.000000,-0.489258,0.095215,0.848633,2309.000000,1.279831,1.649857,-1.117706,2309.000000,16.949966,-25.050003,-103.500000,2309.000000
23100.000000,-0.496582,0.105469,0.859863,2310.000000,2.378464,1.527786,-0.873566,2310.000000,16.949966,-24.750000,-104.550003,2310.000000
23110.000000,-0.489258,0.109375,0.870117,2311.000000,1.951218,1.405716,-0.568390,2311.000000,20.249954,-24.750000,-104.550003,2311.000000
23120.000000,-0.493164,0.117676,0.867187,2312.000000,2.622604,0.978470,0.892639,2312.000000,17.549957,-23.550003,-105.600006,2312.000000
23130.000000,-0.482422,0.128906,0.894043,2313.000000,1.951218,0.246048,1.075745,2313.000000,17.549957,-24.900009,-104.400009,2313.000000
23140.000000,-0.464844,0.121582,0.883789,2314.000000,-1.890182,0.001907,1.197815,2314.000000,18.149963,-24.900009,-104.400009,2314.000000
23150.000000,-0.477539,0.109863,0.889160,2315.000000,0.059128,1.527786,4.676819,2315.000000,19.049957,-25.200012,-104.400009,2315.000000
23160.000000,-0.454590,0.113770,0.874511,2316.000000,-1.829147,-0.604630,0.343323,2316.000000,19.049957,-24.000000,-103.500000,2316.000000
23170.000000,-0.476562,0.113281,0.869629,2317.000000,-1.523972,2.016068,1.564026,2317.000000,17.849960,-24.000000,-103.500000,2317.000000
23180.000000,-0.475586,0.117676,0.881836,2318.000000,0.486374,1.832962,1.136780,2318.000000,17.849960,-24.900009,-104.700012,2318.000000
23190.000000,-0.479980,0.113770,0.869629,2319.000000,0.913620,-0.055313,0.099182,2319.000000,16.049957,-24.900009,-104.700012,2319.000000
23200.000000,-0.486328,0.119141,0.875976,2320.000000,1.707077,-0.787735,-0.934601,2320.000000,17.549957,-23.400009,-104.700012,2320.000000
23210.000000,-0.468262,0.106445,0.883301,2321.000000,1.157761,-1.703262,-0.568390,2321.000000,17.699966,-24.900009,-103.950012,2321.000000
23220.000000,-0.483398,0.095215,0.888672,2322.000000,0.059128,-1.825333,0.404358,2322.000000,17.699966,-25.500000,-103.800003,2322.000000
23230.000000,-0.477051,0.111328,0.872558,2323.000000,-1.035690,-1.337051,0.953674,2323.000000,17.699966,-25.500000,-103.800003,2323.000000
23240.000000,-0.475098,0.091797,0.855469,2324.000000,-2.744675,-0.360489,1.441956,2324.000000,17.999954,-24.000000,-103.500000,2324.000000
23250.000000,-0.462891,0.117676,0.863281,2325.000000,-2.683640,0.673294,0.709534,2325.000000,17.999954,-24.300003,-103.800003,2325.000000
23260.000000,-0.459961,0.112793,0.857422,2326.000000,-1.707077,1.344681,1.197815,2326.000000,18.149963,-24.300003,-103.800003,2326.000000
23270.000000,-0.472656,0.117676,0.867187,2327.000000,0.364304,1.893997,1.014709,2327.000000,18.899963,-24.450012,-103.200012,2327.000000
23280.000000,-0.470703,0.109375,0.878418,2328.000000,1.890182,0.978470,0.343323,2328.000000,18.899963,-23.850006,-103.650009,2328.000000
23290.000000,-0.480957,0.104492,0.878418,2329.000000,2.439499,0.490189,-0.202179,2329.000000,17.999954,-23.850006,-103.650009,2329.000000
23300.000000,-0.487793,0.098145,0.870605,2330.000000,2.378464,-0.055313,0.099182,2330.000000,17.699966,-24.000000,-105.150009,2330.000000
23310.000000,-0.485840,0.106934,0.878906,2331.000000,1.401901,-0.421524,-0.934601,2331.000000,17.699966,-24.000000,-103.800003,2331.000000
23320.000000,-0.483887,0.103027,0.870605,2332.000000,-0.242233,-0.604630,0.221252,2332.000000,16.799957,-24.000000,-103.800003,2332.000000
23330.000000,-0.490723,0.104492,0.877929,2333.000000,-1.585007,-0.482559,0.465393,2333.000000,17.699966,-23.400009,-103.950012,2333.000000
23340.000000,-0.487793,0.117676,0.853027,2334.000000,-1.768112,0.123978,1.075745,2334.000000,17.699966,-26.250000,-103.500000,2334.000000
23350.000000,-0.487305,0.104980,0.864258,2335.000000,-2.012253,0.612259,2.113342,2335.000000,17.549957,-26.250000,-103.500000,2335.000000
23360.000000,-0.477539,0.122559,0.870117,2336.000000,-3.416061,1.405716,3.578186,2336.000000,17.999954,-23.100006,-104.400009,2336.000000
23370.000000,-0.464844,0.110352,0.884277,2337.000000,-3.660202,1.710892,4.371643,2337.000000,18.449966,-24.000000,-104.100006,2337.000000
23380.000000,-0.469726,0.116699,0.882324,2338.000000,6.589890,1.344681,6.019592,2338.000000,18.449966,-24.000000,-104.550003,2338.000000
23390.000000,-0.456543,0.120605,0.883789,2339.000000,0.242233,-1.337051,0.221252,2339.000000,18.449966,-24.000000,-104.550003,2339.000000
23400.000000,-0.490723,0.053223,0.922851,2340.000000,-0.974655,-0.665665,0.465393,2340.000000,16.649963,-25.050003,-104.100006,2340.000000
23410.000000,-0.463379,0.161133,0.839355,2341.000000,0.242233,0.368118,-0.690460,2341.000000,16.649963,-22.800003,-103.500000,2341.000000
23420.000000,-0.471680,0.092285,0.872558,2342.000000,0.547409,0.123978,-1.544952,2342.000000,18.149963,-22.800003,-103.500000,2342.000000
23430.000000,-0.468750,0.118652,0.869629,2343.000000,0.852585,0.185013,-1.605988,2343.000000,18.899963,-24.900009,-103.650009,2343.000000
23440.000000,-0.467773,0.141602,0.875976,2344.000000,0.608444,0.307083,-1.117706,2344.000000,18.899963,-24.900009,-105.450012,2344.000000
23450.000000,-0.486328,0.130371,0.892578,2345.000000,-0.059128,-0.238419,0.160217,2345.000000,17.699966,-24.900009,-105.450012,2345.000000
23460.000000,-0.453613,0.116699,0.890136,2346.000000,-0.425339,-0.909805,0.831604,2346.000000,18.149963,-25.500000,-102.450012,2346.000000
23470.000000,-0.465332,0.114258,0.874511,2347.000000,-0.547409,-1.276016,0.709534,2347.000000,17.999954,-23.100006,-102.600006,2347.000000
23480.000000,-0.476562,0.116699,0.859375,2348.000000,-0.486374,0.246048,0.404358,2348.000000,18.449966,-25.050003,-105.150009,2348.000000
23490.000000,-0.479492,0.111328,0.858398,2349.000000,0.181198,0.246048,-0.263214,2349.000000,18.449966,-24.750000,-104.550003,2349.000000
23500.000000,-0.465332,0.112793,0.863281,2350.000000,1.279831,0.551224,-0.934601,2350.000000,16.949966,-24.750000,-104.550003,2350.000000
23510.000000,-0.473144,0.109863,0.877441,2351.000000,1.585007,-0.909805,-0.751495,2351.000000,17.549957,-24.750000,-104.100006,2351.000000
23520.000000,-0.469726,0.124512,0.872558,2352.000000,1.340866,-1.520157,-0.019073,2352.000000,19.499954,-24.450012,-103.650009,2352.000000
23530.000000,-0.458984,0.104004,0.892578,2353.000000,0.242233,-1.520157,-0.690460,2353.000000,19.499954,-23.550003,-103.050003,2353.000000
23540.000000,-0.468750,0.109375,0.885742,2354.000000,-0.120163,-1.337051,-1.544952,2354.000000,16.349960,-23.550003,-103.050003,2354.000000
23550.000000,-0.464844,0.110840,0.878418,2355.000000,-0.486374,-1.031876,-1.483917,2355.000000,17.249954,-25.650009,-102.900009,2355.000000
23560.000000,-0.475098,0.112793,0.862793,2356.000000,-0.242233,0.123978,-2.155304,2356.000000,17.249954,-24.300003,-103.800003,2356.000000
23570.000000,-0.467773,0.118164,0.863769,2357.000000,-0.547409,0.429153,-2.338409,2357.000000,18.149963,-24.300003,-103.800003,2357.000000
23580.000000,-0.488281,0.107422,0.856445,2358.000000,0.059128,0.062943,-2.033234,2358.000000,18.599960,-24.150009,-103.650009,2358.000000
23590.000000,-0.473633,0.103516,0.875488,2359.000000,0.669479,-0.726700,-1.544952,2359.000000,18.599960,-23.850006,-102.150009,2359.000000
23600.000000,-0.483398,0.107422,0.880859,2360.000000,0.364304,-1.092911,-0.873566,2360.000000,18.599960,-23.850006,-102.150009,2360.000000
23610.000000,-0.496582,0.106934,0.891113,2361.000000,0.974655,-1.398087,-1.239777,2361.000000,18.149963,-22.350006,-103.650009,2361.000000
23620.000000,-0.479492,0.117676,0.872070,2362.000000,0.913620,-2.008438,-1.300812,2362.000000,18.149963,-23.100006,-104.400009,2362.000000
23630.000000,-0.489258,0.125000,0.869629,2363.000000,0.608444,-1.947403,-1.850128,2363.000000,16.799957,-23.100006,-104.400009,2363.000000
23640.000000,-0.473633,0.117676,0.876953,2364.000000,1.035690,-1.581192,-1.544952,2364.000000,18.449966,-25.650009,-103.650009,2364.000000
23650.000000,-0.467773,0.115234,0.871582,2365.000000,0.303268,-1.520157,-0.873566,2365.000000,18.449966,-24.000000,-103.500000,2365.000000
23660.000000,-0.471191,0.123047,0.885742,2366.000000,0.120163,-1.031876,-0.385284,2366.000000,18.599960,-24.000000,-103.500000,2366.000000
23670.000000,-0.482910,0.112305,0.872558,2367.000000,0.181198,-0.909805,0.343323,2367.000000,16.649963,-22.650009,-103.950012,2367.000000
23680.000000,-0.470703,0.110840,0.871094,2368.000000,-0.181198,-1.642227,0.953674,2368.000000,18.749954,-24.750000,-104.850006,2368.000000
23690.000000,-0.466797,0.111816,0.886719,2369.000000,-0.791550,-1.092911,-0.019073,2369.000000,18.749954,-25.800003,-102.450012,2369.000000
23700.000000,-0.467285,0.110840,0.879883,2370.000000,-1.462936,-1.031876,-0.202179,2370.000000,18.149963,-25.800003,-102.450012,2370.000000
23710.000000,-0.474609,0.114258,0.859863,2371.000000,-1.279831,-0.299454,-0.019073,2371.000000,18.149963,-24.150009,-103.200012,2371.000000
23720.000000,-0.479492,0.100586,0.874511,2372.000000,-0.730515,-0.421524,-0.507355,2372.000000,18.149963,-24.900009,-102.900009,2372.000000
23730.000000,-0.476074,0.109863,0.886230,2373.000000,0.425339,-0.421524,-0.446320,2373.000000,16.949966,-24.900009,-102.900009,2373.000000
23740.000000,-0.478027,0.107910,0.876953,2374.000000,0.974655,-1.214981,-0.385284,2374.000000,17.699966,-22.050003,-103.800003,2374.000000
23750.000000,-0.461426,0.113281,0.869629,2375.000000,2.500534,-1.581192,-1.117706,2375.000000,17.699966,-24.750000,-102.000000,2375.000000
23760.000000,-0.457519,0.117187,0.878418,2376.000000,2.439499,-2.130508,-0.934601,2376.000000,19.049957,-24.750000,-102.000000,2376.000000
23770.000000,-0.475098,0.102051,0.880859,2377.000000,1.279831,-2.618790,-1.544952,2377.000000,16.349960,-24.000000,-103.500000,2377.000000
23780.000000,-0.464355,0.113281,0.878906,2378.000000,0.364304,-2.130508,-1.789093,2378.000000,17.699966,-24.900009,-103.950012,2378.000000
23790.000000,-0.462891,0.107910,0.880371,2379.000000,-0.181198,-0.909805,-2.704620,2379.000000,18.749954,-23.250000,-101.250000,2379.000000
23800.000000,-0.459473,0.121094,0.868652,2380.000000,0.000000,-0.177383,-1.605988,2380.000000,18.749954,-24.300003,-104.850006,2380.000000
23810.000000,-0.466308,0.111816,0.872070,2381.000000,0.852585,-0.604630,-2.155304,2381.000000,17.849960,-24.300003,-104.850006,2381.000000
23820.000000,-0.484863,0.105469,0.876465,2382.000000,1.096725,-1.031876,-1.728058,2382.000000,18.149963,-25.650009,-104.700012,2382.000000
23830.000000,-0.480469,0.111816,0.882324,2383.000000,1.340866,-1.153946,-0.690460,2383.000000,17.849960,-24.450012,-103.650009,2383.000000
23840.000000,-0.469238,0.105469,0.887207,2384.000000,1.096725,-1.886368,-0.812531,2384.000000,17.849960,-24.900009,-103.650009,2384.000000
23850.000000,-0.475586,0.108887,0.884765,2385.000000,1.401901,-3.107071,-1.178741,2385.000000,17.249954,-24.900009,-103.650009,2385.000000
23860.000000,-0.468262,0.118652,0.889160,2386.000000,1.157761,-2.008438,-0.507355,2386.000000,19.049957,-24.300003,-103.500000,2386.000000
23870.000000,-0.475098,0.113770,0.881836,2387.000000,0.608444,-1.703262,-0.995636,2387.000000,19.049957,-25.050003,-104.100006,2387.000000
23880.000000,-0.467285,0.110352,0.872070,2388.000000,0.000000,-1.947403,-0.995636,2388.000000,18.449966,-25.050003,-104.100006,2388.000000
23890.000000,-0.467773,0.104980,0.860351,2389.000000,-0.120163,-1.337051,-1.483917,2389.000000,19.349960,-24.000000,-104.100006,2389.000000
23900.000000,-0.466308,0.116211,0.883789,2390.000000,0.364304,-1.520157,-0.873566,2390.000000,19.349960,-25.650009,-103.650009,2390.000000
23910.000000,-0.462402,0.122070,0.873047,2391.000000,0.608444,-1.764297,-0.629425,2391.000000,18.449966,-25.650009,-103.650009,2391.000000
23920.000000,-0.468262,0.112305,0.881347,2392.000000,0.608444,-1.459122,-0.385284,2392.000000,19.049957,-24.750000,-103.500000,2392.000000
23930.000000,-0.470703,0.106445,0.884765,2393.000000,0.730515,-1.214981,-0.202179,2393.000000,19.049957,-24.300003,-103.800003,2393.000000
23940.000000,-0.478516,0.126953,0.890136,2394.000000,0.303268,-1.092911,-0.751495,2394.000000,17.549957,-24.300003,-103.800003,2394.000000
23950.000000,-0.466797,0.112305,0.878418,2395.000000,0.608444,-0.787735,-1.117706,2395.000000,17.999954,-23.400009,-103.650009,2395.000000
23960.000000,-0.458496,0.117676,0.877441,2396.000000,0.364304,-0.848770,-1.239777,2396.000000,17.999954,-24.000000,-103.800003,2396.000000
23970.000000,-0.457519,0.115234,0.872070,2397.000000,-0.303268,-0.055313,-1.605988,2397.000000,17.249954,-24.000000,-103.800003,2397.000000
23980.000000,-0.459473,0.121582,0.873047,2398.000000,-0.364304,-0.665665,-1.300812,2398.000000,19.349960,-25.500000,-102.450012,2398.000000
23990.000000,-0.457519,0.128906,0.886719,2399.000000,-0.547409,-0.238419,-1.667023,2399.000000,18.749954,-25.200012,-102.900009,2399.000000
24000.000000,-0.464844,0.109375,0.882812,2400.000000,-1.096725,-0.116348,-1.300812,2400.000000,18.749954,-24.750000,-100.950012,2400.000000
24010.000000,-0.448730,0.107910,0.876465,2401.000000,-0.486374,0.551224,-0.812531,2401.000000,18.599960,-24.750000,-100.950012,2401.000000
24020.000000,-0.469238,0.121094,0.887695,2402.000000,0.242233,0.185013,-0.202179,2402.000000,19.049957,-24.150009,-102.600006,2402.000000
24030.000000,-0.460937,0.113770,0.885742,2403.000000,0.608444,0.001907,-0.385284,2403.000000,19.049957,-24.300003,-103.050003,2403.000000
24040.000000,-0.468262,0.109375,0.891113,2404.000000,1.279831,-0.726700,0.038147,2404.000000,18.599960,-24.300003,-103.050003,2404.000000
24050.000000,-0.468262,0.114746,0.887695,2405.000000,1.768112,-0.726700,-0.873566,2405.000000,18.599960,-24.150009,-103.650009,2405.000000
24060.000000,-0.464844,0.115234,0.872070,2406.000000,1.401901,-1.398087,-0.934601,2406.000000,18.599960,-23.850006,-103.200012,2406.000000
24070.000000,-0.474121,0.110352,0.872558,2407.000000,-0.669479,-1.214981,-1.422882,2407.000000,17.699966,-23.850006,-103.200012,2407.000000
24080.000000,-0.470703,0.105469,0.872558,2408.000000,-0.974655,-1.214981,-2.582550,2408.000000,17.699966,-25.800003,-100.950012,2408.000000
24090.000000,-0.467285,0.116699,0.867187,2409.000000,-0.974655,0.551224,-1.361847,2409.000000,19.049957,-25.800003,-100.950012,2409.000000
24100.000000,-0.483887,0.101562,0.884277,2410.000000,-0.425339,0.795364,-1.728058,2410.000000,17.099960,-25.050003,-102.750000,2410.000000
24110.000000,-0.465820,0.119629,0.870605,2411.000000,-0.486374,-0.116348,-0.568390,2411.000000,17.099960,-21.600006,-102.600006,2411.000000
24120.000000,-0.477539,0.112305,0.891601,2412.000000,0.791550,-1.398087,-1.850128,2412.000000,17.999954,-21.600006,-102.600006,2412.000000
24130.000000,-0.481933,0.104004,0.886230,2413.000000,1.096725,-0.543594,-0.812531,2413.000000,18.599960,-25.050003,-103.500000,2413.000000
24140.000000,-0.460449,0.124023,0.894043,2414.000000,0.181198,-1.520157,0.282288,2414.000000,17.849960,-23.850006,-102.900009,2414.000000
24150.000000,-0.457031,0.117187,0.880859,2415.000000,-0.303268,-0.604630,-0.202179,2415.000000,17.849960,-24.450012,-104.700012,2415.000000
24160.000000,-0.463867,0.111816,0.872070,2416.000000,-0.364304,-0.543594,-0.141144,2416.000000,17.849960,-24.450012,-104.700012,2416.000000
24170.000000,-0.466797,0.097656,0.870117,2417.000000,-0.364304,0.185013,-0.263214,2417.000000,17.999954,-25.200012,-102.150009,2417.000000
24180.000000,-0.464355,0.095703,0.871582,2418.000000,-0.486374,0.673294,-0.568390,2418.000000,17.999954,-24.300003,-103.050003,2418.000000
24190.000000,-0.460449,0.105469,0.872070,2419.000000,-0.181198,-1.398087,-1.300812,2419.000000,16.349960,-24.300003,-103.050003,2419.000000
24200.000000,-0.467285,0.111328,0.866699,2420.000000,0.547409,-1.153946,-1.056671,2420.000000,18.149963,-25.650009,-103.950012,2420.000000
24210.000000,-0.486328,0.107910,0.895996,2421.000000,0.547409,-1.520157,-0.324249,2421.000000,18.149963,-24.900009,-103.650009,2421.000000
24220.000000,-0.470703,0.111816,0.903808,2422.000000,0.852585,-1.764297,-0.385284,2422.000000,16.799957,-24.900009,-103.650009,2422.000000
24230.000000,-0.458496,0.122559,0.887207,2423.000000,0.608444,-1.642227,-0.080109,2423.000000,18.899963,-25.950012,-101.850006,2423.000000
24240.000000,-0.474609,0.116211,0.890625,2424.000000,0.547409,-1.764297,-0.385284,2424.000000,18.899963,-23.100006,-102.600006,2424.000000
24250.000000,-0.469238,0.123047,0.880371,2425.000000,-0.181198,-1.031876,-0.446320,2425.000000,16.799957,-23.100006,-102.600006,2425.000000
24260.000000,-0.464844,0.122070,0.879883,2426.000000,-0.364304,-0.970840,-0.568390,2426.000000,18.899963,-24.900009,-102.600006,2426.000000
24270.000000,-0.460449,0.107910,0.859863,2427.000000,-0.303268,-0.238419,-0.873566,2427.000000,18.899963,-24.150009,-103.200012,2427.000000
24280.000000,-0.462891,0.117676,0.872070,2428.000000,0.242233,0.246048,-0.812531,2428.000000,17.999954,-24.150009,-103.200012,2428.000000
24290.000000,-0.470703,0.111816,0.873535,2429.000000,0.486374,-0.116348,-0.324249,2429.000000,18.449966,-24.300003,-102.450012,2429.000000
24300.000000,-0.468750,0.109863,0.875976,2430.000000,0.181198,-1.092911,-0.446320,2430.000000,17.999954,-25.050003,-103.800003,2430.000000
24310.000000,-0.461426,0.112793,0.867676,2431.000000,-0.303268,-0.665665,-0.751495,2431.000000,17.999954,-24.300003,-104.100006,2431.000000
24320.000000,-0.461914,0.117676,0.867676,2432.000000,-0.974655,-1.886368,-1.728058,2432.000000,17.849960,-24.300003,-104.100006,2432.000000
24330.000000,-0.468262,0.109863,0.883301,2433.000000,-1.707077,-1.092911,-1.422882,2433.000000,17.849960,-25.200012,-100.800003,2433.000000
24340.000000,-0.458008,0.112793,0.903320,2434.000000,-0.669479,-1.214981,-1.239777,2434.000000,17.849960,-24.900009,-103.650009,2434.000000
24350.000000,-0.463379,0.099121,0.888672,2435.000000,-0.974655,-0.604630,-0.080109,2435.000000,17.999954,-24.900009,-103.650009,2435.000000
24360.000000,-0.464355,0.106934,0.889648,2436.000000,-1.646042,0.123978,-0.385284,2436.000000,19.049957,-25.050003,-103.050003,2436.000000
24370.000000,-0.461914,0.112305,0.894043,2437.000000,0.059128,0.185013,-1.117706,2437.000000,17.999954,-25.500000,-102.000000,2437.000000
24380.000000,-0.480957,0.112793,0.876465,2438.000000,0.364304,-0.238419,-0.934601,2438.000000,17.549957,-25.050003,-100.950012,2438.000000
24390.000000,-0.465332,0.100098,0.875488,2439.000000,0.303268,0.429153,-0.507355,2439.000000,17.549957,-24.150009,-104.400009,2439.000000
24400.000000,-0.462402,0.104004,0.876953,2440.000000,0.974655,0.185013,-0.995636,2440.000000,17.999954,-24.150009,-104.400009,2440.000000
24410.000000,-0.478516,0.114258,0.884765,2441.000000,1.035690,-0.238419,-1.483917,2441.000000,19.649963,-24.000000,-103.800003,2441.000000
24420.000000,-0.462891,0.114258,0.882324,2442.000000,0.303268,-1.886368,-1.789093,2442.000000,19.649963,-23.100006,-103.200012,2442.000000
24430.000000,-0.467285,0.109375,0.874511,2443.000000,0.486374,-1.214981,-0.812531,2443.000000,18.149963,-23.100006,-103.200012,2443.000000
24440.000000,-0.477051,0.097656,0.893554,2444.000000,0.120163,-0.360489,-0.934601,2444.000000,19.499954,-24.900009,-102.150009,2444.000000
24450.000000,-0.475586,0.114746,0.882324,2445.000000,0.303268,-0.238419,-0.873566,2445.000000,18.149963,-24.300003,-103.500000,2445.000000
24460.000000,-0.458008,0.112305,0.880859,2446.000000,-0.364304,0.185013,-1.300812,2446.000000,18.149963,-23.850006,-103.200012,2446.000000
24470.000000,-0.474609,0.104980,0.877441,2447.000000,0.364304,0.123978,-0.568390,2447.000000,17.699966,-23.850006,-103.200012,2447.000000
24480.000000,-0.471680,0.109375,0.887207,2448.000000,0.730515,0.429153,-0.873566,2448.000000,17.249954,-23.250000,-103.800003,2448.000000
24490.000000,-0.478516,0.115234,0.884765,2449.000000,0.425339,0.185013,-0.812531,2449.000000,17.249954,-24.750000,-102.450012,2449.000000
24500.000000,-0.455078,0.105469,0.872558,2450.000000,0.791550,-0.421524,-0.934601,2450.000000,18.449966,-24.750000,-102.450012,2450.000000
24510.000000,-0.468750,0.113281,0.880859,2451.000000,0.364304,-0.055313,0.099182,2451.000000,17.249954,-25.050003,-103.500000,2451.000000
24520.000000,-0.469726,0.109375,0.879883,2452.000000,0.242233,0.123978,-0.202179,2452.000000,17.249954,-23.250000,-103.500000,2452.000000
24530.000000,-0.454590,0.116211,0.883789,2453.000000,0.120163,-0.482559,-0.324249,2453.000000,17.549957,-23.250000,-103.500000,2453.000000
24540.000000,-0.460449,0.104004,0.873047,2454.000000,-0.486374,-0.238419,-0.263214,2454.000000,17.849960,-25.950012,-103.200012,2454.000000
24550.000000,-0.469238,0.108887,0.875488,2455.000000,-1.401901,0.429153,-0.873566,2455.000000,17.849960,-22.650009,-104.400009,2455.000000
24560.000000,-0.469238,0.113281,0.876953,2456.000000,-0.486374,-0.360489,-0.568390,2456.000000,18.149963,-22.650009,-104.400009,2456.000000
24570.000000,-0.457519,0.109375,0.895019,2457.000000,-0.608444,0.001907,-0.385284,2457.000000,18.899963,-23.850006,-102.900009,2457.000000
24580.000000,-0.468262,0.102539,0.892578,2458.000000,-0.059128,0.185013,0.038147,2458.000000,18.899963,-23.850006,-103.200012,2458.000000
24590.000000,-0.470215,0.104980,0.881836,2459.000000,0.181198,0.123978,-0.690460,2459.000000,16.949966,-23.850006,-103.200012,2459.000000
24600.000000,-0.479980,0.110840,0.880859,2460.000000,0.242233,0.246048,-0.324249,2460.000000,18.599960,-23.550003,-103.500000,2460.000000
24610.000000,-0.466308,0.105469,0.900879,2461.000000,0.000000,0.856400,-0.873566,2461.000000,16.949966,-23.850006,-103.200012,2461.000000
24620.000000,-0.454590,0.106934,0.879394,2462.000000,0.974655,0.185013,-0.873566,2462.000000,16.949966,-26.550003,-102.750000,2462.000000
24630.000000,-0.466308,0.113770,0.888672,2463.000000,0.913620,-0.055313,-0.202179,2463.000000,18.149963,-26.550003,-102.750000,2463.000000
24640.000000,-0.473144,0.102539,0.879394,2464.000000,-0.242233,-0.787735,-0.568390,2464.000000,18.899963,-24.900009,-103.950012,2464.000000
24650.000000,-0.476562,0.108887,0.878418,2465.000000,-0.364304,-0.726700,-0.385284,2465.000000,18.899963,-24.900009,-101.850006,2465.000000
24660.000000,-0.467285,0.104492,0.877929,2466.000000,-0.669479,-1.520157,-0.507355,2466.000000,18.749954,-24.900009,-101.850006,2466.000000
24670.000000,-0.474609,0.114258,0.864258,2467.000000,-0.730515,-0.848770,-0.751495,2467.000000,19.049957,-24.300003,-102.000000,2467.000000
24680.000000,-0.464355,0.114258,0.886230,2468.000000,-0.242233,-0.116348,-0.812531,2468.000000,18.449966,-24.750000,-102.750000,2468.000000
24690.000000,-0.463867,0.108398,0.879394,2469.000000,-0.425339,-0.787735,-0.324249,2469.000000,16.949966,-24.750000,-102.750000,2469.000000
24700.000000,-0.476562,0.108887,0.894531,2470.000000,-0.303268,-0.970840,-0.385284,2470.000000,16.949966,-25.500000,-104.100006,2470.000000
24710.000000,-0.463867,0.107910,0.879394,2471.000000,0.486374,-0.604630,-0.873566,2471.000000,17.999954,-25.500000,-104.100006,2471.000000
24720.000000,-0.475098,0.103027,0.874511,2472.000000,0.669479,-1.703262,-0.324249,2472.000000,17.699966,-25.050003,-101.250000,2472.000000
24730.000000,-0.461914,0.099121,0.875976,2473.000000,0.000000,-1.642227,0.404358,2473.000000,17.699966,-24.750000,-102.750000,2473.000000
24740.000000,-0.452637,0.112793,0.880859,2474.000000,-0.486374,-1.886368,-0.080109,2474.000000,17.699966,-24.750000,-102.750000,2474.000000
24750.000000,-0.462891,0.101562,0.875000,2475.000000,-0.303268,-1.764297,-0.385284,2475.000000,17.999954,-24.300003,-102.450012,2475.000000
24760.000000,-0.461914,0.117676,0.882812,2476.000000,-1.157761,-1.214981,-0.568390,2476.000000,17.099960,-26.250000,-103.500000,2476.000000
24770.000000,-0.468750,0.110840,0.869140,2477.000000,-0.669479,-0.970840,-0.141144,2477.000000,17.099960,-25.950012,-102.900009,2477.000000
24780.000000,-0.474609,0.104492,0.874023,2478.000000,0.000000,-0.726700,-0.385284,2478.000000,17.249954,-25.950012,-102.900009,2478.000000
24790.000000,-0.446777,0.108887,0.873535,2479.000000,0.059128,-0.604630,-0.446320,2479.000000,17.099960,-25.050003,-102.750000,2479.000000
24800.000000,-0.471680,0.109863,0.885254,2480.000000,-3.110886,-0.909805,-1.239777,2480.000000,17.099960,-22.650009,-102.150009,2480.000000
24810.000000,-0.438965,0.099121,0.886719,2481.000000,0.730515,-2.557755,-6.061554,2481.000000,18.749954,-22.650009,-102.150009,2481.000000
24820.000000,-0.463379,0.145020,0.886719,2482.000000,0.913620,0.123978,0.038147,2482.000000,18.149963,-24.300003,-103.050003,2482.000000
24830.000000,-0.462891,0.107910,0.897461,2483.000000,0.425339,-0.848770,-0.751495,2483.000000,18.149963,-23.850006,-102.900009,2483.000000
24840.000000,-0.471191,0.105469,0.877929,2484.000000,0.059128,-0.604630,-1.178741,2484.000000,18.899963,-23.850006,-102.900009,2484.000000
24850.000000,-0.462891,0.110840,0.890136,2485.000000,0.120163,-0.787735,-0.995636,2485.000000,17.699966,-25.650009,-104.400009,2485.000000
24860.000000,-0.465332,0.113281,0.886230,2486.000000,0.608444,-1.398087,-0.812531,2486.000000,17.699966,-25.500000,-102.000000,2486.000000
24870.000000,-0.471680,0.119141,0.886230,2487.000000,0.059128,-1.153946,0.587463,2487.000000,19.649963,-25.500000,-102.000000,2487.000000
24880.000000,-0.469238,0.112793,0.881836,2488.000000,-1.096725,-1.459122,-0.324249,2488.000000,18.749954,-23.850006,-102.150009,2488.000000
24890.000000,-0.466797,0.110840,0.881347,2489.000000,-0.913620,-1.764297,-0.568390,2489.000000,18.749954,-23.550003,-102.000000,2489.000000
24900.000000,-0.466308,0.103027,0.878906,2490.000000,-2.683640,-1.337051,-0.995636,2490.000000,17.249954,-23.550003,-102.000000,2490.000000
24910.000000,-0.463379,0.104004,0.885742,2491.000000,-1.829147,-1.947403,-3.009796,2491.000000,17.999954,-24.000000,-102.750000,2491.000000
24920.000000,-0.455566,0.088867,0.870117,2492.000000,-0.669479,-1.276016,-1.361847,2492.000000,17.849960,-24.750000,-103.500000,2492.000000
24930.000000,-0.453125,0.106445,0.882324,2493.000000,0.000000,-1.642227,-0.934601,2493.000000,17.849960,-25.200012,-102.150009,2493.000000
24940.000000,-0.460937,0.104004,0.887207,2494.000000,0.303268,-1.276016,-0.690460,2494.000000,17.699966,-25.200012,-102.150009,2494.000000
24950.000000,-0.469726,0.099121,0.890625,2495.000000,1.218796,-1.581192,-0.995636,2495.000000,18.749954,-24.000000,-102.450012,2495.000000
24960.000000,-0.457031,0.100098,0.885742,2496.000000,0.791550,-2.069473,-1.056671,2496.000000,18.749954,-24.750000,-104.550003,2496.000000
24970.000000,-0.467773,0.105469,0.891113,2497.000000,-1.279831,-1.031876,-0.873566,2497.000000,17.099960,-24.750000,-104.550003,2497.000000
24980.000000,-0.456543,0.106445,0.877929,2498.000000,-0.486374,-1.092911,-1.361847,2498.000000,17.099960,-24.900009,-102.600006,2498.000000
24990.000000,-0.470703,0.110840,0.884765,2499.000000,-0.181198,-0.909805,-0.629425,2499.000000,18.449966,-24.900009,-102.600006,2499.000000
25000.000000,-0.461914,0.109375,0.890625,2500.000000,-0.913620,-1.092911,-0.568390,2500.000000,17.249954,-24.300003,-102.750000,2500.000000
25010.000000,-0.459473,0.124023,0.877441,2501.000000,-1.035690,-2.130508,-0.385284,2501.000000,17.249954,-25.050003,-103.050003,2501.000000
25020.000000,-0.450683,0.104980,0.876465,2502.000000,-0.547409,-1.947403,-0.995636,2502.000000,17.549957,-25.050003,-103.050003,2502.000000
25030.000000,-0.476074,0.112305,0.879883,2503.000000,-0.730515,-1.886368,-1.605988,2503.000000,18.149963,-24.450012,-103.650009,2503.000000
25040.000000,-0.460937,0.109375,0.889160,2504.000000,0.181198,-2.374649,-2.277374,2504.000000,18.149963,-24.900009,-102.600006,2504.000000
25050.000000,-0.461426,0.099121,0.900879,2505.000000,0.000000,-2.618790,-1.117706,2505.000000,18.149963,-24.900009,-102.600006,2505.000000
25060.000000,-0.461914,0.107422,0.890136,2506.000000,0.486374,-2.191544,-0.934601,2506.000000,19.049957,-25.650009,-103.650009,2506.000000
25070.000000,-0.456055,0.101562,0.899414,2507.000000,-0.059128,-1.520157,-0.995636,2507.000000,16.799957,-24.000000,-103.050003,2507.000000
25080.000000,-0.460937,0.108887,0.886719,2508.000000,-0.852585,-0.909805,-0.995636,2508.000000,16.799957,-25.650009,-103.200012,2508.000000
25090.000000,-0.455078,0.110352,0.891113,2509.000000,-0.852585,-0.848770,-1.422882,2509.000000,18.449966,-25.650009,-103.200012,2509.000000
25100.000000,-0.468750,0.100098,0.892090,2510.000000,-0.852585,-1.886368,-2.033234,2510.000000,18.749954,-25.500000,-103.050003,2510.000000
25110.000000,-0.440918,0.098633,0.881836,2511.000000,-0.730515,-1.520157,-2.582550,2511.000000,18.749954,-24.300003,-102.750000,2511.000000
25120.000000,-0.458984,0.106934,0.882324,2512.000000,0.242233,-0.665665,-0.751495,2512.000000,17.849960,-24.300003,-102.750000,2512.000000
25130.000000,-0.452148,0.101074,0.891601,2513.000000,-0.730515,-1.459122,-1.239777,2513.000000,18.749954,-23.850006,-102.150009,2513.000000
25140.000000,-0.463379,0.107910,0.906250,2514.000000,-0.181198,-1.947403,-3.559113,2514.000000,18.749954,-25.500000,-102.000000,2514.000000
25150.000000,-0.460937,0.098633,0.891601,2515.000000,-0.852585,-1.214981,-2.765656,2515.000000,17.549957,-25.500000,-102.000000,2515.000000
25160.000000,-0.455078,0.106445,0.884277,2516.000000,-0.608444,-1.581192,-3.986359,2516.000000,16.649963,-24.450012,-102.150009,2516.000000
25170.000000,-0.456543,0.091309,0.880371,2517.000000,0.242233,-0.848770,-2.460480,2517.000000,16.649963,-24.300003,-103.800003,2517.000000
25180.000000,-0.461914,0.117676,0.876953,2518.000000,-0.181198,-1.459122,-0.934601,2518.000000,18.599960,-24.300003,-103.800003,2518.000000
25190.000000,-0.468262,0.094727,0.888672,2519.000000,0.120163,-1.520157,-1.605988,2519.000000,17.999954,-25.200012,-102.600006,2519.000000
25200.000000,-0.469238,0.092773,0.886719,2520.000000,0.486374,-1.459122,-0.934601,2520.000000,17.999954,-23.550003,-103.050003,2520.000000
25210.000000,-0.455078,0.103516,0.884277,2521.000000,0.791550,-1.520157,-0.873566,2521.000000,18.149963,-23.550003,-103.050003,2521.000000
25220.000000,-0.464355,0.098633,0.900879,2522.000000,0.059128,-1.398087,-1.239777,2522.000000,16.199966,-23.400009,-102.150009,2522.000000
25230.000000,-0.467773,0.101074,0.892090,2523.000000,-0.608444,-1.825333,-2.216339,2523.000000,17.849960,-24.300003,-103.800003,2523.000000
25240.000000,-0.444824,0.103027,0.888183,2524.000000,-0.303268,-0.848770,-2.582550,2524.000000,17.849960,-25.200012,-101.100006,2524.000000
25250.000000,-0.451660,0.099121,0.880859,2525.000000,0.000000,-0.665665,-2.399445,2525.000000,17.999954,-25.200012,-101.100006,2525.000000
25260.000000,-0.466797,0.104492,0.890625,2526.000000,-0.181198,-0.909805,-2.948761,2526.000000,18.149963,-25.050003,-103.050003,2526.000000
25270.000000,-0.460937,0.089355,0.875488,2527.000000,0.486374,-0.909805,-2.704620,2527.000000,17.099960,-25.200012,-102.600006,2527.000000
25280.000000,-0.464355,0.099121,0.892090,2528.000000,-0.059128,-0.787735,-1.361847,2528.000000,19.499954,-24.900009,-101.100006,2528.000000
25290.000000,-0.457031,0.109863,0.891601,2529.000000,-0.791550,-0.787735,-0.995636,2529.000000,19.499954,-24.750000,-101.700012,2529.000000
25300.000000,-0.454590,0.091309,0.890625,2530.000000,-0.913620,-1.581192,-2.094269,2530.000000,18.149963,-24.750000,-101.700012,2530.000000
25310.000000,-0.455078,0.077148,0.886230,2531.000000,-1.523972,-1.398087,-3.253937,2531.000000,18.149963,-25.650009,-103.200012,2531.000000
25320.000000,-0.458008,0.092285,0.897461,2532.000000,-2.805710,-1.398087,-4.108429,2532.000000,18.149963,-25.650009,-101.850006,2532.000000
25330.000000,-0.456543,0.089844,0.885254,2533.000000,-6.895065,0.490189,-3.742218,2533.000000,17.699966,-25.650009,-101.850006,2533.000000
25340.000000,-0.462891,0.109863,0.862304,2534.000000,-1.035690,1.832962,-2.643585,2534.000000,17.249954,-25.050003,-103.500000,2534.000000
25350.000000,-0.457031,0.099609,0.896484,2535.000000,-0.059128,-1.398087,-2.521515,2535.000000,17.249954,-25.800003,-103.500000,2535.000000
25360.000000,-0.464355,0.092773,0.896484,2536.000000,0.181198,-1.153946,-1.544952,2536.000000,17.099960,-25.800003,-103.500000,2536.000000
25370.000000,-0.453125,0.088867,0.904785,2537.000000,0.425339,-0.787735,-1.667023,2537.000000,17.999954,-24.450012,-102.900009,2537.000000
25380.000000,-0.459473,0.100586,0.884765,2538.000000,0.852585,-0.970840,-1.911163,2538.000000,17.549957,-24.000000,-103.500000,2538.000000
25390.000000,-0.452148,0.089355,0.884277,2539.000000,-0.242233,-1.153946,-1.422882,2539.000000,17.549957,-25.200012,-102.600006,2539.000000
25400.000000,-0.449219,0.089844,0.880371,2540.000000,-0.608444,-1.214981,-1.605988,2540.000000,17.999954,-25.200012,-102.600006,2540.000000
25410.000000,-0.465332,0.095703,0.880371,2541.000000,-0.547409,-0.909805,-1.300812,2541.000000,17.249954,-24.300003,-102.450012,2541.000000
25420.000000,-0.455566,0.104004,0.889160,2542.000000,-1.646042,-1.092911,-2.460480,2542.000000,17.249954,-26.250000,-101.700012,2542.000000
25430.000000,-0.455566,0.094727,0.880859,2543.000000,-0.974655,-0.360489,-2.582550,2543.000000,17.249954,-26.250000,-101.700012,2543.000000
25440.000000,-0.456543,0.096680,0.875976,2544.000000,-0.364304,-0.482559,-1.605988,2544.000000,17.699966,-23.250000,-103.050003,2544.000000
25450.000000,-0.445312,0.092285,0.899414,2545.000000,0.547409,-0.787735,-2.277374,2545.000000,17.699966,-25.500000,-102.000000,2545.000000
25460.000000,-0.454101,0.111816,0.877929,2546.000000,0.608444,-0.360489,-1.667023,2546.000000,16.799957,-25.500000,-102.000000,2546.000000
25470.000000,-0.457519,0.085449,0.898926,2547.000000,0.669479,-0.909805,-1.361847,2547.000000,17.249954,-23.850006,-101.850006,2547.000000
25480.000000,-0.449707,0.103027,0.895996,2548.000000,0.852585,-0.299454,-1.239777,2548.000000,17.249954,-25.050003,-103.500000,2548.000000
25490.000000,-0.439453,0.090820,0.901367,2549.000000,0.242233,-0.177383,-0.873566,2549.000000,17.099960,-25.050003,-103.500000,2549.000000
25500.000000,-0.460937,0.085449,0.896972,2550.000000,0.000000,-0.665665,-0.263214,2550.000000,16.949966,-24.150009,-101.100006,2550.000000
25510.000000,-0.450683,0.104004,0.900390,2551.000000,-0.242233,0.001907,0.038147,2551.000000,16.949966,-24.300003,-101.700012,2551.000000
25520.000000,-0.457519,0.089844,0.883789,2552.000000,-0.364304,-0.299454,-0.446320,2552.000000,17.849960,-24.300003,-101.700012,2552.000000
25530.000000,-0.462891,0.087891,0.879883,2553.000000,-0.181198,-0.116348,-0.324249,2553.000000,17.999954,-25.950012,-102.900009,2553.000000
25540.000000,-0.453125,0.088379,0.894043,2554.000000,-0.913620,-0.482559,-1.544952,2554.000000,17.999954,-24.750000,-101.700012,2554.000000
25550.000000,-0.456055,0.084961,0.885742,2555.000000,-1.340866,1.222610,-1.483917,2555.000000,17.099960,-24.750000,-101.700012,2555.000000
25560.000000,-0.451660,0.079102,0.885254,2556.000000,1.157761,0.490189,-3.009796,2556.000000,17.549957,-24.450012,-101.850006,2556.000000
25570.000000,-0.444336,0.091797,0.893066,2557.000000,-0.303268,0.612259,-1.667023,2557.000000,17.549957,-25.650009,-102.600006,2557.000000
25580.000000,-0.456055,0.091309,0.885742,2558.000000,0.000000,-0.177383,-0.934601,2558.000000,18.599960,-25.650009,-102.600006,2558.000000
25590.000000,-0.446777,0.092285,0.893554,2559.000000,0.730515,0.307083,-0.568390,2559.000000,17.099960,-24.150009,-101.850006,2559.000000
25600.000000,-0.462402,0.098145,0.896484,2560.000000,-0.181198,0.429153,-0.324249,2560.000000,17.099960,-24.450012,-102.600006,2560.000000
25610.000000,-0.450195,0.096191,0.892090,2561.000000,0.364304,0.062943,-0.995636,2561.000000,18.149963,-24.450012,-102.600006,2561.000000
25620.000000,-0.444824,0.075684,0.893066,2562.000000,0.486374,-0.055313,-0.263214,2562.000000,18.899963,-24.900009,-101.550003,2562.000000
25630.000000,-0.453613,0.097168,0.880859,2563.000000,0.242233,0.307083,-0.629425,2563.000000,18.899963,-25.200012,-102.600006,2563.000000
25640.000000,-0.452637,0.092285,0.888672,2564.000000,0.059128,0.429153,-0.629425,2564.000000,18.749954,-25.200012,-102.600006,2564.000000
25650.000000,-0.445801,0.095215,0.893554,2565.000000,0.120163,0.673294,-0.751495,2565.000000,17.549957,-25.500000,-102.450012,2565.000000
25660.000000,-0.464844,0.091309,0.893066,2566.000000,0.608444,1.039505,-0.995636,2566.000000,17.549957,-25.200012,-103.200012,2566.000000
25670.000000,-0.457031,0.095703,0.896972,2567.000000,1.218796,0.185013,-1.483917,2567.000000,16.199966,-25.200012,-103.200012,2567.000000
25680.000000,-0.452148,0.090820,0.901367,2568.000000,-0.059128,0.246048,-1.056671,2568.000000,19.649963,-24.300003,-102.450012,2568.000000
25690.000000,-0.448242,0.098145,0.896972,2569.000000,0.486374,0.856400,-0.385284,2569.000000,19.049957,-25.200012,-102.600006,2569.000000
25700.000000,-0.452637,0.095703,0.896484,2570.000000,-0.608444,1.039505,0.038147,2570.000000,19.049957,-24.750000,-102.750000,2570.000000
25710.000000,-0.465332,0.089844,0.894043,2571.000000,-0.364304,0.978470,0.160217,2571.000000,18.149963,-24.750000,-102.750000,2571.000000
25720.000000,-0.456055,0.097168,0.889160,2572.000000,-0.181198,0.551224,0.099182,2572.000000,17.099960,-24.900009,-103.200012,2572.000000
25730.000000,-0.461426,0.090332,0.894531,2573.000000,0.730515,-0.787735,-0.446320,2573.000000,17.099960,-25.200012,-102.600006,2573.000000
25740.000000,-0.456055,0.088379,0.880371,2574.000000,1.157761,-0.055313,-0.568390,2574.000000,17.249954,-25.200012,-102.600006,2574.000000
25750.000000,-0.455078,0.078125,0.886719,2575.000000,1.462936,-0.909805,-1.300812,2575.000000,16.349960,-24.750000,-104.100006,2575.000000
25760.000000,-0.452148,0.098633,0.890136,2576.000000,0.364304,-0.360489,-0.873566,2576.000000,16.349960,-25.650009,-101.100006,2576.000000
25770.000000,-0.451172,0.103516,0.899902,2577.000000,0.303268,-0.177383,-1.605988,2577.000000,18.599960,-25.650009,-101.100006,2577.000000
25780.000000,-0.455566,0.104492,0.890625,2578.000000,-1.462936,0.734329,-1.300812,2578.000000,17.099960,-25.650009,-102.600006,2578.000000
25790.000000,-0.456543,0.092285,0.881836,2579.000000,-0.425339,2.321243,-1.728058,2579.000000,17.099960,-23.400009,-102.600006,2579.000000
25800.000000,-0.475098,0.107910,0.883789,2580.000000,-0.120163,0.429153,-3.498077,2580.000000,19.649963,-23.400009,-102.600006,2580.000000
25810.000000,-0.461426,0.096191,0.891113,2581.000000,-0.181198,0.795364,-3.437042,2581.000000,18.149963,-23.400009,-102.900009,2581.000000
25820.000000,-0.451660,0.101562,0.893066,2582.000000,0.303268,1.161575,-2.033234,2582.000000,18.149963,-23.850006,-102.900009,2582.000000
25830.000000,-0.459961,0.110352,0.874511,2583.000000,-0.364304,0.246048,-0.812531,2583.000000,18.599960,-23.850006,-102.900009,2583.000000
25840.000000,-0.465332,0.095215,0.885254,2584.000000,-0.120163,0.673294,-0.629425,2584.000000,20.249954,-24.150009,-102.900009,2584.000000
25850.000000,-0.452637,0.091797,0.894043,2585.000000,-0.181198,-0.055313,-0.324249,2585.000000,18.449966,-24.300003,-102.750000,2585.000000
25860.000000,-0.459473,0.083984,0.889160,2586.000000,0.120163,-0.909805,-0.385284,2586.000000,18.449966,-26.250000,-103.500000,2586.000000
25870.000000,-0.455078,0.085449,0.880371,2587.000000,1.096725,-1.092911,-0.568390,2587.000000,17.099960,-26.250000,-103.500000,2587.000000
25880.000000,-0.453125,0.082031,0.887207,2588.000000,1.096725,-0.421524,-0.934601,2588.000000,17.099960,-24.150009,-101.550003,2588.000000
25890.000000,-0.460937,0.082031,0.877929,2589.000000,1.035690,-1.092911,-1.361847,2589.000000,17.999954,-24.150009,-101.550003,2589.000000
25900.000000,-0.445312,0.087891,0.887695,2590.000000,0.486374,0.001907,-0.751495,2590.000000,17.849960,-25.050003,-101.700012,2590.000000
25910.000000,-0.445312,0.086426,0.895996,2591.000000,-0.364304,-0.970840,-1.117706,2591.000000,17.849960,-24.900009,-101.850006,2591.000000
25920.000000,-0.455566,0.098145,0.891601,2592.000000,-0.181198,0.001907,-0.690460,2592.000000,17.999954,-24.900009,-101.850006,2592.000000
25930.000000,-0.456055,0.093750,0.885254,2593.000000,-0.486374,-0.421524,-0.934601,2593.000000,18.599960,-25.500000,-102.450012,2593.000000
25940.000000,-0.453125,0.095215,0.899902,2594.000000,0.120163,-1.276016,-0.263214,2594.000000,18.599960,-24.900009,-102.150009,2594.000000
25950.000000,-0.461426,0.094727,0.897461,2595.000000,0.181198,-1.886368,-1.178741,2595.000000,18.149963,-24.900009,-102.150009,2595.000000
25960.000000,-0.452148,0.095703,0.878906,2596.000000,-0.486374,-0.909805,-0.995636,2596.000000,16.349960,-24.450012,-102.900009,2596.000000
25970.000000,-0.458496,0.096191,0.895508,2597.000000,0.000000,-0.482559,-1.361847,2597.000000,16.349960,-25.200012,-102.600006,2597.000000
25980.000000,-0.460937,0.093262,0.883301,2598.000000,0.425339,0.123978,-0.629425,2598.000000,18.749954,-25.200012,-102.600006,2598.000000
25990.000000,-0.457519,0.094238,0.874511,2599.000000,0.852585,0.185013,-1.239777,2599.000000,17.549957,-25.800003,-103.500000,2599.000000
26000.000000,-0.460937,0.086426,0.878906,2600.000000,1.646042,-0.482559,-1.422882,2600.000000,18.899963,-25.200012,-102.900009,2600.000000
26010.000000,-0.461914,0.082520,0.880371,2601.000000,2.622604,-0.421524,-0.812531,2601.000000,18.899963,-25.950012,-101.850006,2601.000000
26020.000000,-0.458008,0.105469,0.887207,2602.000000,2.378464,-1.031876,-1.667023,2602.000000,16.799957,-25.950012,-101.850006,2602.000000
26030.000000,-0.462891,0.086914,0.890136,2603.000000,1.401901,-0.726700,-1.605988,2603.000000,17.999954,-24.900009,-103.200012,2603.000000
26040.000000,-0.456055,0.098633,0.896972,2604.000000,0.791550,0.001907,-2.338409,2604.000000,17.999954,-25.800003,-101.250000,2604.000000
26050.000000,-0.453613,0.086914,0.902832,2605.000000,-0.181198,-0.421524,-3.620148,2605.000000,17.549957,-25.800003,-101.250000,2605.000000
26060.000000,-0.461914,0.087402,0.886230,2606.000000,0.425339,0.062943,-2.887726,2606.000000,17.849960,-24.900009,-103.650009,2606.000000
26070.000000,-0.469726,0.091309,0.888672,2607.000000,-1.218796,-0.238419,-3.498077,2607.000000,17.849960,-25.950012,-101.850006,2607.000000
26080.000000,-0.442383,0.097656,0.897461,2608.000000,-2.805710,0.673294,-3.437042,2608.000000,18.749954,-25.950012,-101.850006,2608.000000
26090.000000,-0.478027,0.099121,0.882812,2609.000000,2.195358,2.443314,-1.667023,2609.000000,18.599960,-24.000000,-102.450012,2609.000000
26100.000000,-0.463379,0.081543,0.901367,2610.000000,0.059128,-1.581192,-1.056671,2610.000000,18.599960,-25.650009,-102.600006,2610.000000
26110.000000,-0.444336,0.087402,0.882324,2611.000000,0.000000,-1.153946,-0.690460,2611.000000,18.749954,-25.650009,-102.600006,2611.000000
26120.000000,-0.464355,0.082031,0.896484,2612.000000,0.000000,-0.665665,-0.507355,2612.000000,17.999954,-24.000000,-102.750000,2612.000000
26130.000000,-0.465332,0.094727,0.888183,2613.000000,0.364304,0.246048,-0.080109,2613.000000,17.999954,-24.750000,-102.450012,2613.000000
26140.000000,-0.460937,0.076660,0.895019,2614.000000,0.852585,-0.909805,-0.446320,2614.000000,18.749954,-24.750000,-102.450012,2614.000000
26150.000000,-0.455078,0.096191,0.885742,2615.000000,0.608444,-0.482559,-0.263214,2615.000000,18.899963,-24.300003,-102.750000,2615.000000
26160.000000,-0.474609,0.082520,0.897949,2616.000000,0.120163,0.123978,0.343323,2616.000000,18.149963,-26.400009,-102.150009,2616.000000
26170.000000,-0.450683,0.081055,0.900390,2617.000000,1.401901,-0.970840,-0.385284,2617.000000,17.249954,-24.450012,-102.600006,2617.000000
26180.000000,-0.450195,0.087402,0.888183,2618.000000,1.157761,-1.153946,-0.690460,2618.000000,17.849960,-24.300003,-102.450012,2618.000000
26190.000000,-0.453125,0.086426,0.896484,2619.000000,1.401901,-1.581192,-0.446320,2619.000000,17.849960,-24.900009,-101.850006,2619.000000
26200.000000,-0.458496,0.094238,0.879394,2620.000000,1.035690,-1.398087,-1.056671,2620.000000,17.999954,-24.900009,-101.850006,2620.000000
26210.000000,-0.451172,0.098633,0.887695,2621.000000,0.608444,-1.703262,-1.117706,2621.000000,18.449966,-25.050003,-103.800003,2621.000000
26220.000000,-0.446289,0.100586,0.891113,2622.000000,0.486374,-0.665665,-0.019073,2622.000000,18.449966,-25.500000,-100.950012,2622.000000
26230.000000,-0.455078,0.090820,0.870605,2623.000000,-0.425339,-1.276016,-0.019073,2623.000000,16.949966,-25.500000,-100.950012,2623.000000
26240.000000,-0.446289,0.102539,0.898437,2624.000000,-1.279831,0.062943,0.160217,2624.000000,18.449966,-25.500000,-103.050003,2624.000000
26250.000000,-0.458008,0.108398,0.891113,2625.000000,-1.523972,-0.665665,0.099182,2625.000000,18.449966,-25.500000,-103.050003,2625.000000
26260.000000,-0.462891,0.110352,0.893066,2626.000000,-1.585007,-1.031876,0.343323,2626.000000,18.599960,-25.500000,-103.050003,2626.000000
26270.000000,-0.455566,0.097168,0.893554,2627.000000,-1.035690,-1.153946,0.465393,2627.000000,19.349960,-24.450012,-103.950012,2627.000000
26280.000000,-0.457519,0.088867,0.892578,2628.000000,-0.181198,-1.337051,0.221252,2628.000000,19.349960,-23.850006,-102.900009,2628.000000
26290.000000,-0.464355,0.089355,0.879883,2629.000000,0.974655,-1.337051,-0.446320,2629.000000,18.149963,-23.850006,-102.900009,2629.000000
26300.000000,-0.447266,0.099121,0.887695,2630.000000,0.791550,-1.581192,-0.751495,2630.000000,17.699966,-25.650009,-101.550003,2630.000000
26310.000000,-0.452148,0.091309,0.879883,2631.000000,1.340866,-0.848770,-1.483917,2631.000000,17.099960,-24.300003,-101.250000,2631.000000
26320.000000,-0.449219,0.096680,0.880371,2632.000000,1.646042,0.185013,-1.300812,2632.000000,17.099960,-25.650009,-102.900009,2632.000000
26330.000000,-0.466308,0.089844,0.891113,2633.000000,0.791550,-0.482559,-1.300812,2633.000000,17.549957,-25.650009,-102.900009,2633.000000
26340.000000,-0.466797,0.106934,0.897461,2634.000000,0.669479,0.185013,-0.324249,2634.000000,16.799957,-25.650009,-102.900009,2634.000000
26350.000000,-0.446289,0.095703,0.904297,2635.000000,0.486374,0.551224,-0.385284,2635.000000,16.799957,-25.200012,-103.200012,2635.000000
26360.000000,-0.437988,0.089355,0.903320,2636.000000,0.364304,-0.238419,-0.324249,2636.000000,17.849960,-25.200012,-103.200012,2636.000000
26370.000000,-0.449219,0.082520,0.900390,2637.000000,0.730515,-0.726700,-0.080109,2637.000000,17.249954,-23.400009,-102.600006,2637.000000
26380.000000,-0.470215,0.078125,0.875000,2638.000000,0.730515,-1.398087,-0.202179,2638.000000,17.249954,-25.050003,-100.650009,2638.000000
26390.000000,-0.444336,0.090820,0.877441,2639.000000,-0.364304,-1.092911,-0.507355,2639.000000,18.599960,-25.050003,-100.650009,2639.000000
26400.000000,-0.442871,0.066406,0.880371,2640.000000,-1.218796,-0.421524,-0.446320,2640.000000,17.999954,-24.900009,-103.650009,2640.000000
26410.000000,-0.456543,0.084961,0.872558,2641.000000,-1.279831,0.856400,-0.812531,2641.000000,17.999954,-26.250000,-103.050003,2641.000000
26420.000000,-0.443359,0.096680,0.887695,2642.000000,-1.523972,1.283646,-0.507355,2642.000000,17.249954,-26.250000,-103.050003,2642.000000
26430.000000,-0.449219,0.092285,0.898437,2643.000000,-0.364304,0.734329,-0.507355,2643.000000,17.849960,-24.300003,-103.800003,2643.000000
26440.000000,-0.449219,0.087402,0.895508,2644.000000,0.425339,-0.421524,0.160217,2644.000000,17.849960,-25.650009,-102.150009,2644.000000
26450.000000,-0.452637,0.079590,0.903320,2645.000000,1.157761,-1.153946,-0.019073,2645.000000,17.999954,-25.650009,-102.150009,2645.000000
26460.000000,-0.460449,0.068359,0.896972,2646.000000,0.730515,-1.092911,-0.446320,2646.000000,17.549957,-25.500000,-102.750000,2646.000000
26470.000000,-0.446777,0.081543,0.895019,2647.000000,0.059128,-0.787735,-0.873566,2647.000000,17.999954,-25.650009,-101.550003,2647.000000
26480.000000,-0.449219,0.105469,0.887207,2648.000000,-1.157761,0.917435,-1.117706,2648.000000,17.549957,-25.050003,-102.000000,2648.000000
26490.000000,-0.446289,0.101074,0.883301,2649.000000,-5.735397,2.382278,-1.544952,2649.000000,17.849960,-26.400009,-102.600006,2649.000000
26500.000000,-0.423828,0.090332,0.885742,2650.000000,-2.439499,6.959915,-4.291534,2650.000000,17.849960,-24.450012,-101.550003,2650.000000
26510.000000,-0.479004,0.098633,0.874023,2651.000000,0.791550,2.504349,-2.338409,2651.000000,19.049957,-24.450012,-101.550003,2651.000000
26520.000000,-0.472168,0.103516,0.892090,2652.000000,0.120163,-0.482559,-0.263214,2652.000000,16.949966,-24.750000,-102.750000,2652.000000
26530.000000,-0.454101,0.098145,0.905273,2653.000000,0.425339,0.185013,0.526428,2653.000000,16.949966,-25.500000,-102.750000,2653.000000
26540.000000,-0.454101,0.094727,0.882324,2654.000000,-0.730515,-1.276016,-0.446320,2654.000000,17.549957,-25.500000,-102.750000,2654.000000
26550.000000,-0.450195,0.090332,0.894531,2655.000000,-1.218796,-0.116348,-0.080109,2655.000000,18.599960,-24.450012,-102.600006,2655.000000
26560.000000,-0.465332,0.091797,0.892090,2656.000000,-0.181198,0.490189,0.282288,2656.000000,18.599960,-24.450012,-101.550003,2656.000000
26570.000000,-0.456543,0.079102,0.884765,2657.000000,-0.852585,0.185013,-0.812531,2657.000000,17.699966,-24.450012,-101.550003,2657.000000
26580.000000,-0.451172,0.092285,0.895996,2658.000000,-0.608444,1.283646,-0.385284,2658.000000,17.699966,-25.800003,-102.450012,2658.000000
26590.000000,-0.458496,0.091797,0.892578,2659.000000,0.120163,0.612259,0.343323,2659.000000,17.699966,-24.000000,-102.450012,2659.000000
26600.000000,-0.442871,0.089844,0.885254,2660.000000,-1.218796,-0.299454,0.953674,2660.000000,18.599960,-24.000000,-102.450012,2660.000000
26610.000000,-0.454590,0.095215,0.884277,2661.000000,-0.852585,-0.238419,1.197815,2661.000000,17.249954,-24.150009,-101.850006,2661.000000
26620.000000,-0.475586,0.069336,0.893066,2662.000000,-0.669479,0.307083,1.564026,2662.000000,18.449966,-24.300003,-102.750000,2662.000000
26630.000000,-0.465820,0.075684,0.895508,2663.000000,-0.913620,0.062943,1.808167,2663.000000,18.449966,-25.800003,-102.450012,2663.000000
26640.000000,-0.450683,0.079590,0.896972,2664.000000,-0.852585,0.185013,1.502991,2664.000000,17.699966,-25.800003,-102.450012,2664.000000
26650.000000,-0.450683,0.077148,0.894531,2665.000000,0.303268,0.368118,0.526428,2665.000000,16.799957,-24.300003,-103.800003,2665.000000
26660.000000,-0.457519,0.083496,0.891601,2666.000000,0.242233,-0.360489,0.526428,2666.000000,16.799957,-24.900009,-102.600006,2666.000000
26670.000000,-0.449219,0.083008,0.892578,2667.000000,0.608444,1.039505,-0.812531,2667.000000,17.849960,-24.900009,-102.600006,2667.000000
26680.000000,-0.447754,0.085937,0.895508,2668.000000,0.730515,0.246048,-0.446320,2668.000000,17.549957,-25.200012,-102.900009,2668.000000
26690.000000,-0.456543,0.091797,0.890136,2669.000000,0.181198,-0.055313,-0.446320,2669.000000,17.549957,-24.150009,-102.900009,2669.000000
26700.000000,-0.450683,0.082520,0.889648,2670.000000,0.242233,-0.482559,0.465393,2670.000000,18.599960,-24.150009,-102.900009,2670.000000
26710.000000,-0.462402,0.083984,0.893554,2671.000000,0.000000,-0.726700,0.953674,2671.000000,17.099960,-24.150009,-102.900009,2671.000000
26720.000000,-0.465332,0.087891,0.887207,2672.000000,0.059128,-1.398087,0.953674,2672.000000,17.099960,-24.900009,-102.900009,2672.000000
26730.000000,-0.456543,0.092773,0.888672,2673.000000,-0.913620,-0.482559,1.014709,2673.000000,17.249954,-24.900009,-102.900009,2673.000000
26740.000000,-0.471680,0.066895,0.883789,2674.000000,-1.401901,-0.543594,0.099182,2674.000000,18.599960,-26.250000,-102.000000,2674.000000
26750.000000,-0.457031,0.097168,0.895019,2675.000000,-0.486374,0.062943,0.282288,2675.000000,18.599960,-25.200012,-101.850006,2675.000000
26760.000000,-0.452148,0.104980,0.896972,2676.000000,-0.425339,0.307083,-0.507355,2676.000000,18.449966,-25.200012,-101.850006,2676.000000
26770.000000,-0.458008,0.087891,0.895996,2677.000000,0.059128,0.917435,-0.629425,2677.000000,18.149963,-25.050003,-101.250000,2677.000000
26780.000000,-0.447266,0.090820,0.893066,2678.000000,0.547409,0.978470,-0.019073,2678.000000,17.099960,-25.650009,-102.600006,2678.000000
26790.000000,-0.451660,0.089844,0.901367,2679.000000,1.340866,0.123978,-0.446320,2679.000000,17.099960,-25.650009,-101.100006,2679.000000
26800.000000,-0.451172,0.088867,0.893066,2680.000000,0.913620,-0.543594,0.160217,2680.000000,18.149963,-25.650009,-101.100006,2680.000000
26810.000000,-0.463867,0.078125,0.880371,2681.000000,1.096725,-0.726700,0.770569,2681.000000,17.999954,-24.450012,-101.850006,2681.000000
26820.000000,-0.461426,0.079590,0.900390,2682.000000,0.486374,-1.398087,0.587463,2682.000000,17.999954,-25.050003,-102.000000,2682.000000
26830.000000,-0.457519,0.092773,0.884277,2683.000000,0.669479,-1.153946,-0.324249,2683.000000,19.799957,-25.050003,-102.000000,2683.000000
26840.000000,-0.458496,0.083984,0.891601,2684.000000,-0.120163,-0.421524,-0.019073,2684.000000,18.749954,-25.500000,-104.100006,2684.000000
26850.000000,-0.456055,0.078125,0.882812,2685.000000,-0.547409,0.123978,-0.690460,2685.000000,18.749954,-25.800003,-102.000000,2685.000000
26860.000000,-0.457031,0.100586,0.890625,2686.000000,-1.279831,1.100540,-0.507355,2686.000000,17.699966,-25.800003,-102.000000,2686.000000
26870.000000,-0.445801,0.098633,0.889648,2687.000000,-0.974655,1.710892,-0.507355,2687.000000,18.899963,-24.750000,-103.050003,2687.000000
26880.000000,-0.454101,0.100586,0.898437,2688.000000,0.242233,0.917435,0.099182,2688.000000,18.899963,-25.200012,-102.900009,2688.000000
26890.000000,-0.458496,0.097168,0.901367,2689.000000,1.340866,0.246048,0.709534,2689.000000,17.249954,-25.200012,-102.900009,2689.000000
26900.000000,-0.444824,0.087402,0.895019,2690.000000,1.401901,-1.703262,1.197815,2690.000000,18.149963,-24.750000,-102.450012,2690.000000
26910.000000,-0.456543,0.085937,0.882812,2691.000000,1.157761,-1.642227,0.831604,2691.000000,18.149963,-24.900009,-102.900009,2691.000000
26920.000000,-0.446289,0.084961,0.887207,2692.000000,-1.523972,-0.970840,0.831604,2692.000000,18.599960,-24.900009,-102.900009,2692.000000
26930.000000,-0.447266,0.088867,0.881836,2693.000000,-0.913620,1.527786,-0.324249,2693.000000,18.449966,-24.900009,-101.850006,2693.000000
26940.000000,-0.450195,0.092285,0.883301,2694.000000,-0.730515,1.710892,-0.751495,2694.000000,18.449966,-24.750000,-102.750000,2694.000000
26950.000000,-0.457519,0.111328,0.893554,2695.000000,-0.242233,1.161575,0.221252,2695.000000,18.749954,-24.750000,-102.750000,2695.000000
26960.000000,-0.458984,0.100098,0.895996,2696.000000,0.669479,0.246048,-0.141144,2696.000000,18.899963,-24.000000,-102.000000,2696.000000
26970.000000,-0.476562,0.084961,0.890136,2697.000000,1.035690,0.429153,-0.263214,2697.000000,18.899963,-24.150009,-104.400009,2697.000000
26980.000000,-0.455566,0.084473,0.889160,2698.000000,1.035690,-0.116348,0.282288,2698.000000,17.699966,-24.150009,-104.400009,2698.000000
26990.000000,-0.449219,0.095215,0.885742,2699.000000,1.035690,-0.055313,0.221252,2699.000000,17.099960,-22.500000,-103.500000,2699.000000
27000.000000,-0.449219,0.067871,0.890136,2700.000000,0.852585,-0.970840,-0.751495,2700.000000,17.099960,-25.650009,-103.200012,2700.000000
27010.000000,-0.465820,0.081055,0.899414,2701.000000,-0.303268,-0.299454,-0.446320,2701.000000,17.849960,-25.650009,-103.200012,2701.000000
27020.000000,-0.464355,0.092773,0.884277,2702.000000,-0.913620,-0.665665,-0.995636,2702.000000,18.449966,-24.900009,-102.900009,2702.000000
27030.000000,-0.455078,0.091309,0.878418,2703.000000,-0.730515,0.368118,0.282288,2703.000000,18.449966,-24.000000,-102.450012,2703.000000
27040.000000,-0.469726,0.089844,0.890625,2704.000000,-1.035690,0.062943,-0.507355,2704.000000,18.599960,-24.000000,-102.450012,2704.000000
27050.000000,-0.463867,0.097168,0.897949,2705.000000,-0.364304,-0.055313,-0.263214,2705.000000,17.849960,-25.200012,-102.150009,2705.000000
27060.000000,-0.452637,0.090820,0.904785,2706.000000,0.364304,-0.604630,0.282288,2706.000000,17.849960,-25.200012,-101.850006,2706.000000
27070.000000,-0.458008,0.085449,0.889648,2707.000000,1.035690,-1.337051,0.648499,2707.000000,18.599960,-25.200012,-101.850006,2707.000000
27080.000000,-0.469726,0.088867,0.889648,2708.000000,1.279831,-1.581192,0.038147,2708.000000,18.149963,-24.900009,-102.900009,2708.000000
27090.000000,-0.451172,0.085449,0.896484,2709.000000,1.523972,-0.970840,-0.507355,2709.000000,16.349960,-24.450012,-102.900009,2709.000000
27100.000000,-0.454101,0.090332,0.892578,2710.000000,0.913620,-1.459122,-0.324249,2710.000000,16.349960,-24.900009,-101.850006,2710.000000
27110.000000,-0.452637,0.086426,0.875488,2711.000000,1.401901,-0.543594,-0.751495,2711.000000,17.999954,-24.900009,-101.850006,2711.000000
27120.000000,-0.457031,0.086914,0.890625,2712.000000,0.913620,-0.970840,-0.812531,2712.000000,18.599960,-24.300003,-102.750000,2712.000000
27130.000000,-0.446777,0.087891,0.888672,2713.000000,0.425339,-0.909805,-0.751495,2713.000000,18.599960,-26.400009,-103.200012,2713.000000
27140.000000,-0.447266,0.086426,0.901855,2714.000000,0.547409,-1.214981,-0.324249,2714.000000,17.999954,-26.400009,-103.200012,2714.000000
27150.000000,-0.455566,0.090820,0.889648,2715.000000,0.791550,-1.092911,-0.812531,2715.000000,18.149963,-25.050003,-101.250000,2715.000000
27160.000000,-0.473633,0.097656,0.894531,2716.000000,-0.059128,-0.299454,-0.202179,2716.000000,18.149963,-26.700012,-102.150009,2716.000000
27170.000000,-0.452148,0.085937,0.885254,2717.000000,0.181198,-0.909805,-0.690460,2717.000000,17.699966,-26.700012,-102.150009,2717.000000
27180.000000,-0.453125,0.093750,0.891601,2718.000000,0.242233,0.123978,-0.629425,2718.000000,19.349960,-25.500000,-102.450012,2718.000000
27190.000000,-0.458496,0.093262,0.884277,2719.000000,0.791550,-0.421524,-0.019073,2719.000000,19.349960,-24.900009,-102.900009,2719.000000
27200.000000,-0.456055,0.084473,0.889160,2720.000000,1.218796,-1.031876,-0.141144,2720.000000,17.249954,-24.900009,-102.900009,2720.000000
27210.000000,-0.447754,0.104004,0.893066,2721.000000,1.462936,-0.604630,0.282288,2721.000000,19.049957,-25.050003,-102.000000,2721.000000
27220.000000,-0.439453,0.096191,0.893066,2722.000000,-0.120163,-0.909805,0.831604,2722.000000,17.849960,-25.800003,-102.750000,2722.000000
27230.000000,-0.446777,0.080078,0.885254,2723.000000,-0.242233,-0.177383,0.282288,2723.000000,16.949966,-25.200012,-101.850006,2723.000000
27240.000000,-0.432617,0.083008,0.906250,2724.000000,0.364304,0.001907,-0.324249,2724.000000,17.849960,-23.550003,-103.500000,2724.000000
27250.000000,-0.451660,0.088379,0.880371,2725.000000,0.913620,0.673294,-0.141144,2725.000000,17.849960,-25.950012,-102.150009,2725.000000
27260.000000,-0.439453,0.084961,0.893066,2726.000000,0.486374,0.795364,-0.873566,2726.000000,17.249954,-25.950012,-102.150009,2726.000000
27270.000000,-0.449219,0.085449,0.913574,2727.000000,0.669479,0.856400,-0.568390,2727.000000,17.249954,-24.000000,-102.450012,2727.000000
27280.000000,-0.458008,0.105469,0.885742,2728.000000,1.096725,0.856400,-0.568390,2728.000000,17.249954,-25.050003,-101.700012,2728.000000
27290.000000,-0.459473,0.093750,0.888183,2729.000000,1.401901,0.734329,-0.629425,2729.000000,16.799957,-25.050003,-101.700012,2729.000000
27300.000000,-0.455566,0.095215,0.890625,2730.000000,1.035690,0.673294,-0.019073,2730.000000,17.849960,-25.650009,-102.600006,2730.000000
27310.000000,-0.457031,0.097168,0.884765,2731.000000,0.974655,0.490189,-0.019073,2731.000000,17.849960,-25.650009,-103.200012,2731.000000
27320.000000,-0.453613,0.086914,0.890625,2732.000000,0.486374,-0.482559,0.404358,2732.000000,17.249954,-25.650009,-103.200012,2732.000000
27330.000000,-0.457519,0.099609,0.888672,2733.000000,0.181198,-0.604630,-0.141144,2733.000000,16.949966,-25.500000,-102.450012,2733.000000
27340.000000,-0.457031,0.087891,0.893066,2734.000000,-0.303268,-0.421524,0.953674,2734.000000,16.949966,-26.550003,-102.750000,2734.000000
27350.000000,-0.453613,0.088867,0.891113,2735.000000,-0.242233,-0.909805,0.587463,2735.000000,17.699966,-26.550003,-102.750000,2735.000000
27360.000000,-0.460449,0.098145,0.893554,2736.000000,-0.791550,-0.299454,0.587463,2736.000000,18.149963,-25.500000,-102.450012,2736.000000
27370.000000,-0.463867,0.092773,0.902832,2737.000000,-1.035690,0.062943,0.404358,2737.000000,18.149963,-24.900009,-101.850006,2737.000000
27380.000000,-0.463867,0.076660,0.893554,2738.000000,0.059128,-0.116348,0.587463,2738.000000,17.999954,-24.900009,-101.850006,2738.000000
27390.000000,-0.463379,0.087402,0.889160,2739.000000,0.120163,-0.116348,0.282288,2739.000000,17.549957,-26.550003,-103.500000,2739.000000
27400.000000,-0.438476,0.091309,0.900879,2740.000000,0.000000,-0.848770,0.099182,2740.000000,18.749954,-25.650009,-102.900009,2740.000000
27410.000000,-0.455566,0.094238,0.881836,2741.000000,0.242233,-0.299454,-0.324249,2741.000000,19.049957,-24.750000,-104.100006,2741.000000
27420.000000,-0.466308,0.099609,0.887695,2742.000000,-0.181198,-0.604630,-0.446320,2742.000000,17.849960,-25.050003,-102.750000,2742.000000
27430.000000,-0.461426,0.099609,0.888672,2743.000000,-0.181198,-0.482559,-0.385284,2743.000000,17.849960,-26.700012,-102.900009,2743.000000
27440.000000,-0.439453,0.095703,0.887207,2744.000000,-0.303268,-0.177383,-0.019073,2744.000000,18.449966,-26.700012,-102.900009,2744.000000
27450.000000,-0.459473,0.086426,0.895996,2745.000000,-0.608444,-0.421524,0.221252,2745.000000,17.699966,-24.300003,-102.750000,2745.000000
27460.000000,-0.452148,0.089844,0.890625,2746.000000,-0.608444,-0.055313,-0.202179,2746.000000,17.699966,-24.750000,-102.750000,2746.000000
27470.000000,-0.455566,0.080566,0.886230,2747.000000,0.000000,-0.604630,-0.324249,2747.000000,16.649963,-24.750000,-102.750000,2747.000000
27480.000000,-0.455078,0.093750,0.894043,2748.000000,-0.242233,-0.665665,0.404358,2748.000000,17.549957,-26.250000,-101.700012,2748.000000
27490.000000,-0.436523,0.094238,0.891601,2749.000000,0.730515,-0.421524,0.099182,2749.000000,17.549957,-25.650009,-102.600006,2749.000000
27500.000000,-0.456055,0.096680,0.892578,2750.000000,-0.120163,-0.238419,0.587463,2750.000000,17.699966,-25.650009,-102.600006,2750.000000
27510.000000,-0.452148,0.095703,0.892578,2751.000000,0.669479,-0.665665,0.465393,2751.000000,17.549957,-25.050003,-102.000000,2751.000000
27520.000000,-0.445801,0.088379,0.891601,2752.000000,0.730515,-0.665665,0.526428,2752.000000,17.549957,-24.900009,-102.150009,2752.000000
27530.000000,-0.446289,0.083496,0.893554,2753.000000,0.547409,-0.543594,0.221252,2753.000000,18.449966,-24.900009,-102.150009,2753.000000
27540.000000,-0.446777,0.078125,0.898437,2754.000000,0.486374,-0.360489,-0.080109,2754.000000,16.799957,-25.800003,-103.050003,2754.000000
27550.000000,-0.442871,0.085449,0.902832,2755.000000,0.425339,-0.116348,-0.202179,2755.000000,17.249954,-25.650009,-103.200012,2755.000000
27560.000000,-0.442383,0.091797,0.887695,2756.000000,0.852585,-0.116348,-0.934601,2756.000000,17.249954,-25.050003,-102.450012,2756.000000
27570.000000,-0.449707,0.075684,0.885254,2757.000000,0.669479,-0.360489,-0.934601,2757.000000,16.799957,-25.050003,-102.450012,2757.000000
27580.000000,-0.441894,0.090820,0.882324,2758.000000,0.181198,-0.482559,-0.751495,2758.000000,16.199966,-25.200012,-102.900009,2758.000000
27590.000000,-0.455078,0.089844,0.901367,2759.000000,0.608444,-0.299454,-0.385284,2759.000000,16.199966,-25.050003,-103.050003,2759.000000
27600.000000,-0.460449,0.094238,0.892090,2760.000000,-0.364304,0.062943,-0.751495,2760.000000,19.499954,-25.050003,-103.050003,2760.000000
27610.000000,-0.452637,0.099609,0.878418,2761.000000,0.242233,-0.421524,-0.446320,2761.000000,18.899963,-25.800003,-103.500000,2761.000000
27620.000000,-0.462891,0.104980,0.884765,2762.000000,0.547409,-0.116348,-0.751495,2762.000000,18.899963,-25.650009,-102.150009,2762.000000
27630.000000,-0.448730,0.094238,0.887695,2763.000000,0.791550,-0.299454,-0.568390,2763.000000,17.849960,-25.650009,-102.150009,2763.000000
27640.000000,-0.453125,0.098633,0.887207,2764.000000,0.730515,-0.543594,-0.080109,2764.000000,18.449966,-24.900009,-101.850006,2764.000000
27650.000000,-0.464844,0.101562,0.877929,2765.000000,0.669479,-0.299454,0.404358,2765.000000,18.449966,-26.250000,-101.700012,2765.000000
27660.000000,-0.449707,0.089844,0.894531,2766.000000,0.425339,-0.055313,0.221252,2766.000000,16.949966,-26.250000,-101.700012,2766.000000
27670.000000,-0.456543,0.090820,0.894531,2767.000000,0.913620,-0.726700,0.282288,2767.000000,19.649963,-26.250000,-102.750000,2767.000000
27680.000000,-0.445801,0.098145,0.887207,2768.000000,0.364304,-0.116348,0.526428,2768.000000,19.649963,-24.450012,-101.550003,2768.000000
27690.000000,-0.456055,0.104004,0.890625,2769.000000,0.364304,0.307083,0.099182,2769.000000,18.449966,-24.450012,-101.550003,2769.000000
27700.000000,-0.448242,0.089844,0.898926,2770.000000,0.059128,0.368118,0.038147,2770.000000,18.449966,-26.250000,-102.750000,2770.000000
27710.000000,-0.468262,0.090820,0.894531,2771.000000,1.340866,0.429153,-0.446320,2771.000000,18.449966,-24.300003,-102.450012,2771.000000
27720.000000,-0.445312,0.090820,0.889160,2772.000000,1.035690,-0.543594,-0.324249,2772.000000,17.249954,-24.750000,-103.500000,2772.000000
27730.000000,-0.459961,0.087891,0.894043,2773.000000,0.547409,0.001907,-0.263214,2773.000000,17.249954,-26.550003,-102.450012,2773.000000
27740.000000,-0.455566,0.102051,0.895019,2774.000000,-0.120163,-0.299454,-0.873566,2774.000000,17.249954,-24.750000,-102.750000,2774.000000
27750.000000,-0.438476,0.091309,0.883301,2775.000000,-0.486374,0.001907,-0.934601,2775.000000,16.799957,-24.750000,-102.750000,2775.000000
27760.000000,-0.446777,0.095215,0.894043,2776.000000,-0.730515,-0.177383,-0.385284,2776.000000,17.249954,-24.900009,-102.900009,2776.000000
27770.000000,-0.450683,0.080566,0.897949,2777.000000,-0.425339,0.307083,-0.202179,2777.000000,17.249954,-25.050003,-102.000000,2777.000000
27780.000000,-0.452148,0.086914,0.892578,2778.000000,-0.242233,0.490189,0.221252,2778.000000,17.849960,-25.050003,-102.000000,2778.000000
27790.000000,-0.456543,0.082520,0.903808,2779.000000,-0.364304,0.368118,0.282288,2779.000000,17.249954,-25.950012,-102.900009,2779.000000
27800.000000,-0.456543,0.098633,0.899414,2780.000000,-0.242233,0.123978,-0.263214,2780.000000,17.249954,-25.800003,-103.050003,2780.000000
27810.000000,-0.448242,0.094727,0.892578,2781.000000,-0.059128,-0.177383,0.038147,2781.000000,17.549957,-25.800003,-103.050003,2781.000000
27820.000000,-0.461426,0.085937,0.895019,2782.000000,0.669479,-0.482559,0.099182,2782.000000,16.349960,-24.900009,-103.650009,2782.000000
27830.000000,-0.445312,0.104492,0.891601,2783.000000,0.486374,-0.482559,0.465393,2783.000000,16.349960,-24.450012,-103.650009,2783.000000
27840.000000,-0.447266,0.083008,0.897461,2784.000000,-0.547409,0.123978,0.831604,2784.000000,18.449966,-24.450012,-103.650009,2784.000000
27850.000000,-0.448242,0.104492,0.879883,2785.000000,-0.486374,0.612259,0.160217,2785.000000,18.749954,-25.050003,-102.750000,2785.000000
27860.000000,-0.448730,0.095703,0.888183,2786.000000,-0.425339,0.612259,0.404358,2786.000000,16.649963,-24.750000,-102.450012,2786.000000
27870.000000,-0.437500,0.088867,0.896484,2787.000000,0.364304,0.795364,0.404358,2787.000000,16.649963,-26.250000,-101.250000,2787.000000
27880.000000,-0.451172,0.099609,0.882324,2788.000000,0.059128,0.429153,-0.263214,2788.000000,18.449966,-26.250000,-101.250000,2788.000000
27890.000000,-0.449707,0.094238,0.892578,2789.000000,-0.059128,0.856400,-0.019073,2789.000000,16.649963,-25.050003,-103.050003,2789.000000
27900.000000,-0.459473,0.092285,0.899414,2790.000000,-0.486374,1.161575,-0.324249,2790.000000,16.649963,-25.800003,-102.000000,2790.000000
27910.000000,-0.460937,0.097656,0.879394,2791.000000,-0.425339,0.734329,-0.263214,2791.000000,16.949966,-25.800003,-102.000000,2791.000000
27920.000000,-0.458984,0.086914,0.898926,2792.000000,-0.181198,0.612259,-0.202179,2792.000000,18.149963,-26.250000,-102.000000,2792.000000
27930.000000,-0.459961,0.087402,0.886230,2793.000000,0.120163,0.429153,-0.263214,2793.000000,18.149963,-24.900009,-102.900009,2793.000000
27940.000000,-0.457519,0.086914,0.897949,2794.000000,-0.059128,1.039505,-0.141144,2794.000000,17.099960,-24.900009,-102.900009,2794.000000
27950.000000,-0.467773,0.089844,0.891113,2795.000000,0.242233,0.856400,-0.507355,2795.000000,17.249954,-23.400009,-103.200012,2795.000000
27960.000000,-0.452637,0.078125,0.880859,2796.000000,0.486374,0.551224,-0.690460,2796.000000,17.249954,-27.000000,-102.450012,2796.000000
27970.000000,-0.460449,0.102539,0.884277,2797.000000,-0.486374,0.612259,0.038147,2797.000000,18.899963,-27.000000,-102.450012,2797.000000
27980.000000,-0.464355,0.090332,0.892090,2798.000000,0.364304,0.246048,-0.324249,2798.000000,17.099960,-25.200012,-102.150009,2798.000000
27990.000000,-0.462891,0.078613,0.882812,2799.000000,0.059128,0.368118,0.038147,2799.000000,17.099960,-24.450012,-101.850006,2799.000000
28000.000000,-0.454590,0.083984,0.885742,2800.000000,0.120163,0.612259,0.221252,2800.000000,17.549957,-24.450012,-101.850006,2800.000000
28010.000000,-0.464355,0.083984,0.890136,2801.000000,0.000000,0.490189,-0.263214,2801.000000,18.149963,-24.900009,-103.950012,2801.000000
28020.000000,-0.468262,0.097656,0.880859,2802.000000,-0.242233,0.734329,-0.141144,2802.000000,17.249954,-25.650009,-102.900009,2802.000000
28030.000000,-0.458496,0.096191,0.895996,2803.000000,0.608444,0.368118,-0.019073,2803.000000,17.249954,-26.250000,-103.500000,2803.000000
28040.000000,-0.467773,0.075684,0.892578,2804.000000,0.242233,0.001907,0.648499,2804.000000,17.699966,-26.250000,-103.500000,2804.000000
28050.000000,-0.458008,0.090820,0.888183,2805.000000,0.059128,0.307083,-0.507355,2805.000000,17.549957,-24.300003,-103.050003,2805.000000
28060.000000,-0.442871,0.077148,0.887695,2806.000000,0.120163,0.307083,-0.141144,2806.000000,17.549957,-26.400009,-102.900009,2806.000000
28070.000000,-0.466797,0.098145,0.883301,2807.000000,0.303268,0.001907,0.099182,2807.000000,17.849960,-26.400009,-102.900009,2807.000000
28080.000000,-0.451172,0.094727,0.880859,2808.000000,-0.608444,0.551224,-0.202179,2808.000000,18.599960,-24.900009,-103.200012,2808.000000
28090.000000,-0.457031,0.102539,0.894043,2809.000000,-0.547409,-0.116348,-0.263214,2809.000000,18.599960,-24.900009,-102.900009,2809.000000
28100.000000,-0.450683,0.093750,0.888183,2810.000000,-0.974655,0.490189,0.343323,2810.000000,18.749954,-24.900009,-102.900009,2810.000000
28110.000000,-0.455566,0.093262,0.890136,2811.000000,-0.974655,0.185013,0.160217,2811.000000,19.499954,-25.800003,-102.750000,2811.000000
28120.000000,-0.455566,0.101562,0.897461,2812.000000,0.425339,0.246048,0.343323,2812.000000,16.949966,-24.000000,-102.750000,2812.000000
28130.000000,-0.462891,0.085449,0.889160,2813.000000,-0.547409,0.429153,0.099182,2813.000000,17.849960,-24.300003,-103.800003,2813.000000
28140.000000,-0.437988,0.083984,0.897461,2814.000000,-0.425339,0.551224,-0.263214,2814.000000,17.849960,-25.650009,-102.150009,2814.000000
28150.000000,-0.444824,0.082520,0.884765,2815.000000,-0.486374,0.368118,-0.080109,2815.000000,17.849960,-25.650009,-102.150009,2815.000000
28160.000000,-0.460449,0.088379,0.884765,2816.000000,-0.059128,0.062943,-0.324249,2816.000000,18.449966,-24.450012,-102.150009,2816.000000
28170.000000,-0.458496,0.089355,0.876465,2817.000000,-1.035690,-0.055313,-0.385284,2817.000000,16.949966,-23.550003,-103.500000,2817.000000
28180.000000,-0.462891,0.091309,0.881347,2818.000000,-0.730515,0.368118,0.282288,2818.000000,16.949966,-25.500000,-103.500000,2818.000000
28190.000000,-0.469238,0.105469,0.891601,2819.000000,-0.425339,0.551224,-0.080109,2819.000000,17.249954,-25.500000,-103.500000,2819.000000
28200.000000,-0.451660,0.079102,0.883301,2820.000000,0.059128,1.100540,0.038147,2820.000000,16.799957,-27.000000,-103.050003,2820.000000
28210.000000,-0.456543,0.081543,0.891113,2821.000000,-0.242233,0.551224,-0.019073,2821.000000,16.799957,-23.850006,-102.900009,2821.000000
28220.000000,-0.456055,0.089844,0.901855,2822.000000,-0.486374,0.673294,-0.385284,2822.000000,16.949966,-23.850006,-102.900009,2822.000000
28230.000000,-0.462402,0.084961,0.890136,2823.000000,-0.547409,0.490189,-0.263214,2823.000000,18.599960,-25.050003,-103.050003,2823.000000
28240.000000,-0.456055,0.088379,0.895996,2824.000000,-0.547409,-0.055313,-0.080109,2824.000000,18.599960,-24.450012,-102.900009,2824.000000
28250.000000,-0.441406,0.100586,0.888183,2825.000000,-0.120163,1.161575,0.160217,2825.000000,18.449966,-24.450012,-102.900009,2825.000000
28260.000000,-0.460937,0.088379,0.888183,2826.000000,-0.242233,0.978470,-0.080109,2826.000000,17.699966,-25.500000,-103.050003,2826.000000
28270.000000,-0.455078,0.083496,0.895019,2827.000000,0.181198,0.978470,-0.019073,2827.000000,17.699966,-25.500000,-101.250000,2827.000000
28280.000000,-0.458008,0.084961,0.884765,2828.000000,-0.059128,0.185013,-0.446320,2828.000000,17.849960,-25.500000,-101.250000,2828.000000
28290.000000,-0.449707,0.089355,0.885254,2829.000000,0.303268,0.673294,-0.690460,2829.000000,18.599960,-25.650009,-102.600006,2829.000000
28300.000000,-0.468750,0.084961,0.889160,2830.000000,-0.120163,0.490189,-0.141144,2830.000000,18.599960,-25.200012,-103.200012,2830.000000
28310.000000,-0.464355,0.089355,0.908203,2831.000000,-0.303268,0.123978,-0.019073,2831.000000,17.849960,-25.200012,-103.200012,2831.000000
28320.000000,-0.464355,0.088379,0.885742,2832.000000,0.120163,-0.360489,0.160217,2832.000000,18.149963,-24.150009,-103.200012,2832.000000
28330.000000,-0.451660,0.092285,0.889648,2833.000000,0.181198,0.123978,-0.141144,2833.000000,19.649963,-25.200012,-103.650009,2833.000000
28340.000000,-0.457031,0.095215,0.886719,2834.000000,-0.181198,-0.177383,-0.141144,2834.000000,19.649963,-25.650009,-103.650009,2834.000000
28350.000000,-0.455078,0.093750,0.886230,2835.000000,0.000000,0.062943,0.160217,2835.000000,17.999954,-25.650009,-103.650009,2835.000000
28360.000000,-0.459473,0.095703,0.885742,2836.000000,0.486374,0.490189,-0.446320,2836.000000,17.549957,-25.800003,-103.800003,2836.000000
28370.000000,-0.453125,0.086914,0.881836,2837.000000,0.303268,0.307083,-0.324249,2837.000000,17.549957,-25.650009,-102.600006,2837.000000
28380.000000,-0.459473,0.096680,0.885742,2838.000000,-0.303268,0.551224,-0.690460,2838.000000,17.549957,-25.650009,-102.600006,2838.000000
28390.000000,-0.455566,0.083984,0.892090,2839.000000,-0.303268,0.429153,-0.263214,2839.000000,18.449966,-24.450012,-101.850006,2839.000000
28400.000000,-0.450195,0.093750,0.887695,2840.000000,-0.303268,0.246048,-0.080109,2840.000000,18.449966,-24.300003,-103.500000,2840.000000
28410.000000,-0.461914,0.105469,0.894531,2841.000000,0.120163,0.551224,0.038147,2841.000000,17.999954,-24.300003,-103.500000,2841.000000
28420.000000,-0.463867,0.085449,0.882812,2842.000000,-0.791550,0.917435,-0.324249,2842.000000,16.949966,-25.500000,-102.750000,2842.000000
28430.000000,-0.464844,0.102051,0.887695,2843.000000,-0.913620,1.283646,-0.141144,2843.000000,18.599960,-25.500000,-102.750000,2843.000000
28440.000000,-0.458496,0.085937,0.887695,2844.000000,-0.059128,0.795364,-0.507355,2844.000000,18.149963,-24.450012,-103.650009,2844.000000
28450.000000,-0.465332,0.090820,0.882324,2845.000000,-0.242233,0.551224,0.099182,2845.000000,18.149963,-25.950012,-102.150009,2845.000000
28460.000000,-0.465820,0.086914,0.899414,2846.000000,-0.364304,0.612259,-0.263214,2846.000000,18.449966,-25.950012,-102.150009,2846.000000
28470.000000,-0.462402,0.095703,0.890625,2847.000000,-0.791550,0.856400,-0.141144,2847.000000,17.699966,-25.500000,-102.750000,2847.000000
28480.000000,-0.475586,0.080566,0.879394,2848.000000,0.000000,1.039505,0.099182,2848.000000,18.149963,-25.800003,-102.000000,2848.000000
28490.000000,-0.461426,0.094238,0.879394,2849.000000,-0.120163,0.978470,-0.019073,2849.000000,18.149963,-24.900009,-102.600006,2849.000000
28500.000000,-0.458008,0.090332,0.898437,2850.000000,0.913620,1.466751,-0.080109,2850.000000,17.549957,-24.900009,-102.600006,2850.000000
28510.000000,-0.454101,0.104004,0.896484,2851.000000,0.547409,0.673294,0.343323,2851.000000,17.549957,-25.200012,-102.900009,2851.000000
28520.000000,-0.450683,0.073730,0.891601,2852.000000,0.059128,1.161575,-0.080109,2852.000000,17.549957,-24.450012,-102.900009,2852.000000
28530.000000,-0.452637,0.076172,0.891601,2853.000000,-0.181198,0.673294,-0.751495,2853.000000,17.699966,-24.450012,-102.900009,2853.000000
28540.000000,-0.459473,0.090820,0.893554,2854.000000,0.181198,1.161575,-0.629425,2854.000000,19.349960,-26.250000,-104.550003,2854.000000
28550.000000,-0.459961,0.101074,0.895508,2855.000000,0.242233,1.039505,-1.056671,2855.000000,19.349960,-23.850006,-103.200012,2855.000000
28560.000000,-0.461914,0.077148,0.893554,2856.000000,-0.120163,0.856400,-0.324249,2856.000000,17.699966,-23.850006,-103.200012,2856.000000
28570.000000,-0.465820,0.097656,0.892578,2857.000000,0.059128,0.673294,-0.385284,2857.000000,16.949966,-26.250000,-102.450012,2857.000000
28580.000000,-0.459473,0.096680,0.890136,2858.000000,0.000000,1.466751,-0.385284,2858.000000,16.949966,-26.250000,-101.700012,2858.000000
28590.000000,-0.466797,0.105957,0.885742,2859.000000,-0.425339,1.527786,0.038147,2859.000000,16.649963,-26.250000,-101.700012,2859.000000
28600.000000,-0.456055,0.079590,0.884765,2860.000000,-0.669479,1.527786,-0.324249,2860.000000,17.849960,-25.800003,-103.800003,2860.000000
28610.000000,-0.454590,0.089844,0.897461,2861.000000,-0.669479,1.649857,0.404358,2861.000000,17.849960,-25.200012,-102.600006,2861.000000
28620.000000,-0.460937,0.092285,0.884765,2862.000000,-0.486374,1.222610,0.404358,2862.000000,17.999954,-25.200012,-102.600006,2862.000000
28630.000000,-0.462402,0.088379,0.885742,2863.000000,-0.303268,1.771927,-0.141144,2863.000000,18.449966,-24.750000,-103.500000,2863.000000
28640.000000,-0.465332,0.078125,0.894531,2864.000000,0.181198,1.222610,-0.324249,2864.000000,17.699966,-24.750000,-103.050003,2864.000000
28650.000000,-0.448242,0.084473,0.896484,2865.000000,0.425339,1.832962,-0.202179,2865.000000,17.699966,-25.500000,-103.050003,2865.000000
28660.000000,-0.467773,0.084961,0.897461,2866.000000,-0.181198,2.199173,-0.019073,2866.000000,18.749954,-25.500000,-103.050003,2866.000000
28670.000000,-0.466308,0.105957,0.895996,2867.000000,-0.425339,2.077103,-0.263214,2867.000000,17.249954,-25.050003,-102.750000,2867.000000
28680.000000,-0.476562,0.096680,0.886719,2868.000000,-0.486374,1.832962,0.587463,2868.000000,17.249954,-25.050003,-102.750000,2868.000000
28690.000000,-0.456543,0.099609,0.899902,2869.000000,-0.547409,1.283646,0.343323,2869.000000,18.899963,-25.050003,-102.750000,2869.000000
28700.000000,-0.463379,0.091309,0.894043,2870.000000,0.181198,1.588821,0.404358,2870.000000,15.449966,-27.450012,-103.650009,2870.000000
28710.000000,-0.453125,0.096680,0.889160,2871.000000,-0.242233,0.856400,0.404358,2871.000000,15.449966,-25.800003,-103.500000,2871.000000
28720.000000,-0.466797,0.087891,0.884765,2872.000000,0.000000,1.405716,0.648499,2872.000000,17.849960,-25.800003,-103.500000,2872.000000
28730.000000,-0.458008,0.089355,0.894043,2873.000000,-0.364304,1.466751,0.099182,2873.000000,17.849960,-25.950012,-102.900009,2873.000000
28740.000000,-0.450195,0.094238,0.892090,2874.000000,-0.913620,1.588821,-0.629425,2874.000000,17.249954,-25.950012,-102.900009,2874.000000
28750.000000,-0.471191,0.091797,0.878906,2875.000000,-1.218796,1.771927,-0.507355,2875.000000,19.349960,-25.500000,-103.500000,2875.000000
28760.000000,-0.453125,0.074707,0.875488,2876.000000,-1.218796,1.771927,-0.812531,2876.000000,19.349960,-23.850006,-102.900009,2876.000000
28770.000000,-0.465332,0.081055,0.883301,2877.000000,-0.608444,1.893997,-0.507355,2877.000000,18.599960,-23.850006,-102.900009,2877.000000
28780.000000,-0.476074,0.079102,0.876953,2878.000000,-0.486374,1.893997,-0.324249,2878.000000,18.149963,-24.900009,-102.900009,2878.000000
28790.000000,-0.448730,0.087891,0.891601,2879.000000,-0.669479,1.161575,0.343323,2879.000000,17.249954,-26.700012,-103.200012,2879.000000
28800.000000,-0.471191,0.091797,0.882324,2880.000000,-0.059128,0.978470,-0.324249,2880.000000,17.249954,-25.050003,-102.750000,2880.000000
28810.000000,-0.466797,0.091309,0.879883,2881.000000,-0.547409,0.795364,0.099182,2881.000000,18.449966,-25.050003,-102.750000,2881.000000
28820.000000,-0.463867,0.092773,0.888672,2882.000000,-0.730515,0.673294,0.160217,2882.000000,16.649963,-25.800003,-102.750000,2882.000000
28830.000000,-0.468262,0.088867,0.887695,2883.000000,-0.181198,0.612259,-0.202179,2883.000000,16.649963,-27.000000,-103.500000,2883.000000
28840.000000,-0.472656,0.087402,0.877441,2884.000000,-1.462936,0.246048,-0.141144,2884.000000,18.599960,-27.000000,-103.500000,2884.000000
28850.000000,-0.481445,0.090820,0.885254,2885.000000,-1.401901,0.368118,0.099182,2885.000000,18.899963,-26.400009,-103.650009,2885.000000
28860.000000,-0.469726,0.099121,0.876953,2886.000000,-1.462936,1.039505,0.404358,2886.000000,18.899963,-25.950012,-103.200012,2886.000000
28870.000000,-0.475586,0.082520,0.874511,2887.000000,-0.913620,1.222610,0.343323,2887.000000,18.449966,-25.950012,-103.200012,2887.000000
28880.000000,-0.481445,0.091309,0.889160,2888.000000,-0.913620,0.795364,0.099182,2888.000000,19.049957,-25.050003,-103.050003,2888.000000
28890.000000,-0.473633,0.083008,0.875976,2889.000000,-0.547409,0.612259,0.343323,2889.000000,19.049957,-25.500000,-103.800003,2889.000000
28900.000000,-0.458984,0.083008,0.890625,2890.000000,-0.364304,0.185013,0.709534,2890.000000,17.249954,-25.500000,-103.800003,2890.000000
28910.000000,-0.469726,0.095215,0.885254,2891.000000,-0.364304,0.490189,0.953674,2891.000000,17.549957,-26.250000,-102.450012,2891.000000
28920.000000,-0.464844,0.083984,0.890136,2892.000000,-0.242233,-0.055313,0.831604,2892.000000,17.549957,-24.450012,-103.950012,2892.000000
28930.000000,-0.458496,0.093750,0.891113,2893.000000,0.059128,0.185013,0.404358,2893.000000,17.549957,-24.450012,-103.950012,2893.000000
28940.000000,-0.465820,0.081543,0.884277,2894.000000,0.120163,-0.055313,0.099182,2894.000000,19.049957,-25.650009,-103.200012,2894.000000
28950.000000,-0.467285,0.087402,0.880859,2895.000000,0.364304,0.123978,0.038147,2895.000000,18.149963,-24.000000,-102.750000,2895.000000
28960.000000,-0.467285,0.091309,0.878418,2896.000000,0.181198,0.551224,-0.385284,2896.000000,18.149963,-25.650009,-103.200012,2896.000000
28970.000000,-0.468262,0.094238,0.882812,2897.000000,-0.242233,0.246048,-0.690460,2897.000000,17.249954,-25.650009,-103.200012,2897.000000
28980.000000,-0.479004,0.094727,0.896484,2898.000000,0.547409,0.978470,-0.446320,2898.000000,17.549957,-25.500000,-102.450012,2898.000000
28990.000000,-0.479492,0.095703,0.882324,2899.000000,0.000000,0.673294,0.160217,2899.000000,17.549957,-24.150009,-102.900009,2899.000000
29000.000000,-0.478027,0.087891,0.888183,2900.000000,0.242233,0.001907,0.038147,2900.000000,17.699966,-24.150009,-102.900009,2900.000000
29010.000000,-0.455566,0.086426,0.876465,2901.000000,0.486374,0.490189,-0.263214,2901.000000,17.999954,-25.050003,-103.800003,2901.000000
29020.000000,-0.466308,0.097168,0.894531,2902.000000,0.059128,-0.543594,-0.141144,2902.000000,18.749954,-24.300003,-103.050003,2902.000000
29030.000000,-0.469726,0.096680,0.879394,2903.000000,0.608444,-0.726700,-0.385284,2903.000000,17.699966,-25.500000,-103.500000,2903.000000
29040.000000,-0.464355,0.094238,0.882812,2904.000000,-0.669479,-0.177383,-0.263214,2904.000000,17.699966,-25.800003,-103.800003,2904.000000
29050.000000,-0.462402,0.090332,0.885742,2905.000000,-0.425339,0.612259,-0.263214,2905.000000,17.249954,-25.800003,-103.800003,2905.000000
29060.000000,-0.476074,0.101074,0.874511,2906.000000,-0.181198,0.795364,-0.263214,2906.000000,17.549957,-25.050003,-103.800003,2906.000000
29070.000000,-0.472656,0.086426,0.881836,2907.000000,-0.547409,0.123978,-0.629425,2907.000000,17.549957,-26.700012,-103.650009,2907.000000
29080.000000,-0.473633,0.092285,0.886230,2908.000000,-0.181198,0.612259,-0.507355,2908.000000,18.599960,-26.700012,-103.650009,2908.000000
29090.000000,-0.469238,0.090332,0.892090,2909.000000,0.242233,0.246048,-0.263214,2909.000000,19.049957,-24.900009,-102.600006,2909.000000
29100.000000,-0.464844,0.096191,0.886230,2910.000000,0.059128,0.734329,-0.141144,2910.000000,17.849960,-25.050003,-103.050003,2910.000000
29110.000000,-0.463379,0.086426,0.882812,2911.000000,0.000000,0.368118,-0.141144,2911.000000,17.849960,-25.200012,-103.950012,2911.000000
29120.000000,-0.464844,0.087891,0.889160,2912.000000,-0.242233,0.612259,-0.141144,2912.000000,19.049957,-25.200012,-103.950012,2912.000000
29130.000000,-0.467285,0.083984,0.889160,2913.000000,-0.303268,0.429153,-0.202179,2913.000000,17.849960,-25.500000,-103.500000,2913.000000
29140.000000,-0.469726,0.074707,0.863281,2914.000000,-1.157761,0.429153,-0.202179,2914.000000,17.849960,-25.650009,-103.200012,2914.000000
29150.000000,-0.472168,0.079102,0.876953,2915.000000,-3.782272,0.795364,-0.263214,2915.000000,19.649963,-25.650009,-103.200012,2915.000000
29160.000000,-0.465820,0.078613,0.879883,2916.000000,-5.186081,2.260208,-0.568390,2916.000000,17.999954,-25.200012,-102.900009,2916.000000
29170.000000,-0.475098,0.088867,0.862304,2917.000000,2.012253,3.602982,0.404358,2917.000000,17.999954,-25.050003,-102.750000,2917.000000
29180.000000,-0.483887,0.056152,0.929199,2918.000000,-0.547409,-1.092911,-0.995636,2918.000000,18.899963,-25.050003,-102.750000,2918.000000
29190.000000,-0.464355,0.089844,0.888183,2919.000000,-0.120163,-0.055313,-0.690460,2919.000000,18.599960,-24.900009,-104.400009,2919.000000
29200.000000,-0.468262,0.100586,0.885742,2920.000000,-0.608444,-0.482559,-0.141144,2920.000000,18.599960,-25.650009,-103.650009,2920.000000
29210.000000,-0.460937,0.077148,0.882324,2921.000000,-0.974655,-0.055313,0.099182,2921.000000,18.149963,-25.650009,-103.650009,2921.000000
29220.000000,-0.451172,0.093750,0.884765,2922.000000,-1.157761,0.673294,0.160217,2922.000000,18.749954,-24.900009,-103.200012,2922.000000
29230.000000,-0.462891,0.071289,0.881347,2923.000000,-1.157761,0.795364,-0.019073,2923.000000,18.749954,-25.500000,-103.800003,2923.000000
29240.000000,-0.466308,0.092773,0.880859,2924.000000,-1.462936,1.649857,0.343323,2924.000000,17.999954,-25.500000,-103.800003,2924.000000
29250.000000,-0.466797,0.083984,0.878418,2925.000000,-0.852585,1.466751,0.221252,2925.000000,19.049957,-25.500000,-103.500000,2925.000000
29260.000000,-0.464844,0.086914,0.870117,2926.000000,-0.669479,1.283646,-0.202179,2926.000000,18.449966,-24.300003,-102.000000,2926.000000
29270.000000,-0.468262,0.089844,0.884765,2927.000000,-0.608444,1.222610,-0.629425,2927.000000,18.449966,-24.300003,-101.700012,2927.000000
29280.000000,-0.457519,0.081055,0.867187,2928.000000,-0.608444,0.673294,-0.873566,2928.000000,19.049957,-24.300003,-101.700012,2928.000000
29290.000000,-0.456055,0.093262,0.885742,2929.000000,-1.340866,1.222610,-0.141144,2929.000000,17.849960,-24.750000,-103.500000,2929.000000
29300.000000,-0.453613,0.083008,0.882812,2930.000000,-2.012253,1.405716,-0.141144,2930.000000,17.849960,-25.200012,-103.950012,2930.000000
29310.000000,-0.461914,0.082031,0.878906,2931.000000,-1.829147,1.771927,-0.263214,2931.000000,19.649963,-25.200012,-103.950012,2931.000000
29320.000000,-0.484375,0.083008,0.879394,2932.000000,-1.279831,2.260208,-0.629425,2932.000000,19.649963,-25.950012,-102.600006,2932.000000
29330.000000,-0.471680,0.084473,0.874023,2933.000000,-1.218796,3.114700,-0.812531,2933.000000,18.449966,-27.150009,-102.600006,2933.000000
29340.000000,-0.477539,0.082520,0.881836,2934.000000,-0.974655,2.809525,-1.361847,2934.000000,17.549957,-25.050003,-102.750000,2934.000000
29350.000000,-0.460937,0.080078,0.893554,2935.000000,-0.730515,2.565384,-1.422882,2935.000000,17.549957,-24.900009,-102.600006,2935.000000
29360.000000,-0.468750,0.079590,0.872558,2936.000000,-1.035690,2.809525,-1.361847,2936.000000,17.999954,-24.900009,-102.600006,2936.000000
29370.000000,-0.461426,0.088379,0.894043,2937.000000,-1.707077,2.321243,-0.995636,2937.000000,17.699966,-24.750000,-103.800003,2937.000000
29380.000000,-0.471191,0.082520,0.882324,2938.000000,-2.317429,2.809525,-0.568390,2938.000000,17.699966,-25.050003,-102.750000,2938.000000
29390.000000,-0.481933,0.084473,0.881836,2939.000000,-3.049850,2.626419,-0.446320,2939.000000,19.349960,-25.050003,-102.750000,2939.000000
29400.000000,-0.483398,0.085449,0.889648,2940.000000,-3.110886,3.114700,0.160217,2940.000000,19.649963,-26.400009,-102.900009,2940.000000
29410.000000,-0.486328,0.083496,0.868652,2941.000000,-2.439499,3.847122,0.465393,2941.000000,18.749954,-25.650009,-103.950012,2941.000000
29420.000000,-0.476562,0.085937,0.865722,2942.000000,-0.974655,3.664017,0.221252,2942.000000,18.749954,-25.800003,-104.100006,2942.000000
29430.000000,-0.475098,0.089355,0.858398,2943.000000,-0.547409,2.809525,-0.141144,2943.000000,17.999954,-25.800003,-104.100006,2943.000000
29440.000000,-0.475586,0.086426,0.873047,2944.000000,-0.303268,2.687454,-0.019073,2944.000000,18.749954,-25.800003,-103.500000,2944.000000
29450.000000,-0.493652,0.078613,0.890136,2945.000000,0.000000,2.321243,0.160217,2945.000000,18.749954,-26.250000,-102.750000,2945.000000
29460.000000,-0.483398,0.082031,0.888183,2946.000000,-0.120163,1.039505,0.587463,2946.000000,17.249954,-26.250000,-102.750000,2946.000000
29470.000000,-0.470215,0.080566,0.887695,2947.000000,-1.096725,0.612259,0.709534,2947.000000,18.449966,-25.800003,-102.750000,2947.000000
29480.000000,-0.481445,0.088379,0.883301,2948.000000,-2.134323,0.551224,1.075745,2948.000000,18.449966,-26.550003,-103.050003,2948.000000
29490.000000,-0.475098,0.082520,0.874023,2949.000000,-3.477097,1.283646,0.770569,2949.000000,18.149963,-26.550003,-103.050003,2949.000000
29500.000000,-0.474609,0.075195,0.876953,2950.000000,-2.622604,1.649857,0.892639,2950.000000,17.849960,-27.450012,-102.600006,2950.000000
29510.000000,-0.469726,0.089355,0.869629,2951.000000,-2.073288,2.016068,0.587463,2951.000000,17.849960,-25.950012,-103.200012,2951.000000
29520.000000,-0.480469,0.082031,0.867187,2952.000000,-2.012253,2.443314,0.404358,2952.000000,19.349960,-25.950012,-103.200012,2952.000000
29530.000000,-0.469238,0.078125,0.869629,2953.000000,-0.547409,2.382278,0.343323,2953.000000,17.849960,-25.650009,-103.650009,2953.000000
29540.000000,-0.465332,0.088867,0.882324,2954.000000,-0.364304,2.138138,-0.507355,2954.000000,17.849960,-25.950012,-103.650009,2954.000000
29550.000000,-0.485351,0.080566,0.886230,2955.000000,0.425339,1.710892,0.038147,2955.000000,17.999954,-25.950012,-103.650009,2955.000000
29560.000000,-0.475098,0.071289,0.895508,2956.000000,-0.120163,0.551224,-0.141144,2956.000000,18.599960,-25.800003,-104.100006,2956.000000
29570.000000,-0.490234,0.081055,0.893554,2957.000000,-0.120163,0.246048,0.099182,2957.000000,17.699966,-25.650009,-103.200012,2957.000000
29580.000000,-0.484375,0.077148,0.875976,2958.000000,-0.303268,0.123978,0.038147,2958.000000,17.699966,-26.250000,-103.500000,2958.000000
29590.000000,-0.476562,0.081055,0.880371,2959.000000,-1.340866,0.368118,0.160217,2959.000000,17.849960,-26.250000,-103.500000,2959.000000
29600.000000,-0.488281,0.079102,0.870117,2960.000000,-1.768112,0.490189,-0.263214,2960.000000,19.649963,-25.650009,-103.650009,2960.000000
29610.000000,-0.492187,0.079590,0.864746,2961.000000,-2.378464,0.856400,-0.202179,2961.000000,19.649963,-24.900009,-103.950012,2961.000000
29620.000000,-0.476074,0.079590,0.867187,2962.000000,-0.730515,1.161575,-0.812531,2962.000000,19.649963,-24.900009,-103.950012,2962.000000
29630.000000,-0.489258,0.082031,0.863769,2963.000000,-0.242233,1.955032,0.282288,2963.000000,19.649963,-24.450012,-104.700012,2963.000000
29640.000000,-0.486328,0.074707,0.880371,2964.000000,0.364304,0.978470,1.136780,2964.000000,19.349960,-24.450012,-104.700012,2964.000000
29650.000000,-0.490723,0.078125,0.879883,2965.000000,0.974655,-0.299454,1.136780,2965.000000,17.849960,-24.900009,-104.400009,2965.000000
29660.000000,-0.495117,0.074707,0.872070,2966.000000,0.242233,-1.337051,1.441956,2966.000000,17.849960,-24.900009,-104.400009,2966.000000
29670.000000,-0.481933,0.074707,0.880859,2967.000000,-0.425339,-0.848770,1.380920,2967.000000,19.799957,-24.900009,-104.400009,2967.000000
29680.000000,-0.469726,0.069824,0.871582,2968.000000,-0.974655,0.246048,0.648499,2968.000000,17.999954,-25.800003,-102.750000,2968.000000
29690.000000,-0.469238,0.086426,0.871582,2969.000000,-0.791550,0.978470,0.465393,2969.000000,17.999954,-25.050003,-104.100006,2969.000000
29700.000000,-0.472656,0.092285,0.867187,2970.000000,-1.035690,1.955032,0.343323,2970.000000,19.049957,-25.050003,-104.100006,2970.000000
29710.000000,-0.467285,0.083008,0.877441,2971.000000,-0.303268,1.955032,-0.080109,2971.000000,18.599960,-25.050003,-103.050003,2971.000000
29720.000000,-0.468262,0.084961,0.882324,2972.000000,-0.791550,2.138138,0.099182,2972.000000,19.499954,-24.450012,-104.400009,2972.000000
29730.000000,-0.485840,0.082031,0.902344,2973.000000,-0.425339,1.100540,0.099182,2973.000000,19.499954,-26.550003,-103.800003,2973.000000
29740.000000,-0.484375,0.079590,0.869629,2974.000000,1.035690,1.344681,0.160217,2974.000000,19.499954,-26.550003,-103.800003,2974.000000
29750.000000,-0.477051,0.091797,0.871582,2975.000000,1.829147,1.283646,0.099182,2975.000000,18.599960,-25.500000,-103.050003,2975.000000
29760.000000,-0.479004,0.076660,0.882812,2976.000000,1.646042,1.100540,-0.080109,2976.000000,18.599960,-25.200012,-103.950012,2976.000000
29770.000000,-0.476074,0.085937,0.874023,2977.000000,1.462936,1.283646,0.099182,2977.000000,18.149963,-25.200012,-103.950012,2977.000000
29780.000000,-0.469726,0.067871,0.895019,2978.000000,1.462936,1.161575,0.465393,2978.000000,17.549957,-24.150009,-103.950012,2978.000000
29790.000000,-0.493652,0.079102,0.870605,2979.000000,0.547409,1.100540,0.587463,2979.000000,17.549957,-25.950012,-104.700012,2979.000000
29800.000000,-0.481933,0.099121,0.864258,2980.000000,-0.181198,0.917435,0.526428,2980.000000,18.899963,-25.950012,-104.700012,2980.000000
29810.000000,-0.494141,0.092773,0.877441,2981.000000,-1.096725,1.283646,0.770569,2981.000000,18.149963,-24.450012,-103.650009,2981.000000
29820.000000,-0.485840,0.090820,0.871094,2982.000000,-0.303268,1.161575,0.343323,2982.000000,18.149963,-24.900009,-103.950012,2982.000000
29830.000000,-0.479004,0.069824,0.858398,2983.000000,-0.364304,0.917435,-0.751495,2983.000000,18.749954,-24.900009,-103.950012,2983.000000
29840.000000,-0.482422,0.089844,0.863769,2984.000000,0.547409,1.222610,-0.629425,2984.000000,17.099960,-25.050003,-104.550003,2984.000000
29850.000000,-0.484863,0.090332,0.867187,2985.000000,-0.181198,0.734329,-0.202179,2985.000000,17.099960,-25.200012,-104.700012,2985.000000
29860.000000,-0.484863,0.084961,0.883301,2986.000000,-0.303268,-0.055313,0.465393,2986.000000,18.599960,-25.200012,-104.700012,2986.000000
29870.000000,-0.491699,0.080566,0.897949,2987.000000,-0.669479,-1.092911,0.099182,2987.000000,19.049957,-25.200012,-102.900009,2987.000000
29880.000000,-0.481933,0.084961,0.898926,2988.000000,-1.035690,-0.726700,0.343323,2988.000000,18.449966,-26.550003,-103.500000,2988.000000
29890.000000,-0.479492,0.087402,0.878906,2989.000000,-0.791550,-0.726700,-0.019073,2989.000000,18.449966,-25.050003,-104.100006,2989.000000
29900.000000,-0.482910,0.071777,0.870117,2990.000000,-1.279831,-0.055313,-0.141144,2990.000000,18.899963,-25.050003,-104.100006,2990.000000
29910.000000,-0.493652,0.079102,0.845215,2991.000000,-0.913620,0.917435,0.648499,2991.000000,17.699966,-24.450012,-104.700012,2991.000000
29920.000000,-0.486816,0.085937,0.865722,2992.000000,-0.242233,1.466751,0.404358,2992.000000,17.999954,-24.750000,-103.500000,2992.000000
29930.000000,-0.476074,0.070801,0.872070,2993.000000,-0.364304,1.283646,-0.141144,2993.000000,19.049957,-25.050003,-103.800003,2993.000000
29940.000000,-0.482422,0.063965,0.881836,2994.000000,-0.059128,0.185013,0.587463,2994.000000,19.049957,-23.550003,-102.750000,2994.000000
29950.000000,-0.468262,0.071289,0.875000,2995.000000,-0.181198,-0.726700,-0.080109,2995.000000,19.649963,-23.550003,-102.750000,2995.000000
29960.000000,-0.482910,0.066406,0.881347,2996.000000,-0.486374,-0.726700,-0.385284,2996.000000,18.599960,-24.900009,-102.900009,2996.000000
29970.000000,-0.468750,0.078125,0.865722,2997.000000,-0.364304,-0.360489,-0.141144,2997.000000,18.599960,-24.450012,-103.650009,2997.000000
29980.000000,-0.469726,0.083984,0.879394,2998.000000,-0.242233,0.551224,-0.629425,2998.000000,19.049957,-24.450012,-103.650009,2998.000000
29990.000000,-0.467285,0.082031,0.875488,2999.000000,0.000000,0.062943,-0.751495,2999.000000,17.699966,-26.250000,-103.500000,2999.000000
30000.000000,-0.481933,0.071289,0.881836,3000.000000,-0.242233,0.551224,-0.507355,3000.000000,17.699966,-26.250000,-103.800003,3000.000000
30010.000000,-0.495117,0.067383,0.875488,3001.000000,-0.181198,0.123978,-0.202179,3001.000000,19.949966,-26.250000,-103.800003,3001.000000
30020.000000,-0.495117,0.075195,0.869140,3002.000000,-0.120163,0.368118,0.282288,3002.000000,18.599960,-25.650009,-103.200012,3002.000000
30030.000000,-0.495117,0.088867,0.875488,3003.000000,-0.669479,0.185013,-0.629425,3003.000000,18.749954,-25.200012,-104.700012,3003.000000
30040.000000,-0.482910,0.069336,0.868164,3004.000000,0.120163,0.062943,-0.629425,3004.000000,18.749954,-24.750000,-103.500000,3004.000000
30050.000000,-0.487305,0.070801,0.876465,3005.000000,-0.120163,0.246048,-0.934601,3005.000000,19.799957,-24.750000,-103.500000,3005.000000
30060.000000,-0.486328,0.075195,0.881836,3006.000000,0.486374,0.185013,-0.568390,3006.000000,20.549957,-26.550003,-103.050003,3006.000000
30070.000000,-0.482422,0.066895,0.883301,3007.000000,-0.242233,-0.360489,-0.995636,3007.000000,20.549957,-25.050003,-103.800003,3007.000000
30080.000000,-0.480469,0.072266,0.879394,3008.000000,-0.913620,-0.787735,0.465393,3008.000000,19.799957,-25.050003,-103.800003,3008.000000
30090.000000,-0.473144,0.079102,0.871582,3009.000000,-1.157761,-0.482559,0.465393,3009.000000,19.049957,-24.750000,-104.850006,3009.000000
30100.000000,-0.478516,0.067871,0.880371,3010.000000,-1.279831,0.246048,0.282288,3010.000000,19.049957,-24.300003,-104.100006,3010.000000
30110.000000,-0.473144,0.070801,0.870605,3011.000000,-0.364304,0.185013,0.099182,3011.000000,19.049957,-24.300003,-104.100006,3011.000000
30120.000000,-0.492676,0.076172,0.861328,3012.000000,-0.303268,0.612259,-0.080109,3012.000000,18.449966,-25.800003,-103.050003,3012.000000
30130.000000,-0.495117,0.086914,0.867676,3013.000000,0.913620,0.673294,-0.568390,3013.000000,18.449966,-25.050003,-105.150009,3013.000000
30140.000000,-0.505371,0.088867,0.879883,3014.000000,1.035690,0.368118,-0.751495,3014.000000,19.049957,-25.050003,-105.150009,3014.000000
30150.000000,-0.495117,0.079102,0.882324,3015.000000,1.890182,0.062943,0.221252,3015.000000,19.799957,-24.750000,-104.100006,3015.000000
30160.000000,-0.501465,0.083984,0.883301,3016.000000,1.401901,-0.848770,0.465393,3016.000000,19.799957,-25.500000,-104.850006,3016.000000
30170.000000,-0.493652,0.068359,0.883301,3017.000000,0.000000,-1.214981,0.465393,3017.000000,17.999954,-25.500000,-104.850006,3017.000000
30180.000000,-0.482910,0.065430,0.877929,3018.000000,-0.669479,-1.825333,0.282288,3018.000000,18.749954,-26.250000,-103.800003,3018.000000
30190.000000,-0.479492,0.080078,0.870117,3019.000000,-0.547409,-1.276016,0.587463,3019.000000,17.849960,-24.750000,-103.500000,3019.000000
30200.000000,-0.488769,0.066406,0.863281,3020.000000,-0.486374,-0.360489,0.099182,3020.000000,17.849960,-24.150009,-102.900009,3020.000000
30210.000000,-0.483398,0.083984,0.863769,3021.000000,-0.364304,-0.848770,0.221252,3021.000000,18.749954,-24.150009,-102.900009,3021.000000
30220.000000,-0.482422,0.068848,0.878418,3022.000000,0.486374,-0.604630,-0.446320,3022.000000,18.749954,-25.500000,-105.600006,3022.000000
30230.000000,-0.489746,0.082520,0.888672,3023.000000,0.913620,-1.520157,0.038147,3023.000000,18.149963,-24.300003,-104.100006,3023.000000
30240.000000,-0.493652,0.078125,0.873047,3024.000000,1.462936,-1.764297,-0.446320,3024.000000,18.749954,-25.200012,-102.900009,3024.000000
30250.000000,-0.494629,0.090332,0.874023,3025.000000,1.279831,-2.069473,0.404358,3025.000000,18.749954,-25.500000,-102.750000,3025.000000
30260.000000,-0.478516,0.074707,0.877441,3026.000000,1.035690,-3.412247,0.038147,3026.000000,19.349960,-25.500000,-102.750000,3026.000000
30270.000000,-0.474121,0.073242,0.875488,3027.000000,1.096725,-3.351212,-0.568390,3027.000000,18.449966,-25.950012,-104.400009,3027.000000
30280.000000,-0.493652,0.087402,0.870117,3028.000000,0.791550,-2.679825,0.221252,3028.000000,18.449966,-24.750000,-103.500000,3028.000000
30290.000000,-0.485351,0.072266,0.872558,3029.000000,1.401901,-2.374649,-0.324249,3029.000000,18.899963,-24.750000,-103.500000,3029.000000
30300.000000,-0.483887,0.090332,0.861328,3030.000000,1.523972,-2.618790,-0.629425,3030.000000,18.749954,-25.650009,-103.650009,3030.000000
30310.000000,-0.504394,0.071289,0.858398,3031.000000,1.768112,-1.947403,-1.117706,3031.000000,18.749954,-25.800003,-104.100006,3031.000000
30320.000000,-0.470703,0.077148,0.868164,3032.000000,1.585007,-2.008438,-0.446320,3032.000000,16.799957,-25.800003,-104.100006,3032.000000
30330.000000,-0.486328,0.083008,0.888183,3033.000000,1.707077,-2.374649,-0.629425,3033.000000,19.649963,-25.650009,-102.600006,3033.000000
30340.000000,-0.489258,0.090332,0.862793,3034.000000,1.523972,-2.679825,-0.934601,3034.000000,18.149963,-24.900009,-103.200012,3034.000000
30350.000000,-0.469238,0.072754,0.869629,3035.000000,1.157761,-2.191544,-0.019073,3035.000000,18.149963,-24.900009,-104.400009,3035.000000
30360.000000,-0.486328,0.089355,0.879394,3036.000000,1.340866,-2.862930,-0.751495,3036.000000,18.149963,-24.900009,-104.400009,3036.000000
30370.000000,-0.482910,0.083984,0.878906,3037.000000,1.035690,-3.168106,-0.202179,3037.000000,18.899963,-24.150009,-104.400009,3037.000000
30380.000000,-0.486816,0.085449,0.868652,3038.000000,1.157761,-2.191544,-0.629425,3038.000000,18.899963,-25.200012,-103.200012,3038.000000
30390.000000,-0.481445,0.084473,0.878906,3039.000000,0.242233,-2.130508,-0.324249,3039.000000,17.999954,-25.200012,-103.200012,3039.000000
30400.000000,-0.476562,0.092285,0.878906,3040.000000,0.242233,-2.313614,-0.568390,3040.000000,18.149963,-26.250000,-104.100006,3040.000000
30410.000000,-0.460449,0.070801,0.872070,3041.000000,-0.608444,-1.153946,-0.507355,3041.000000,18.149963,-24.900009,-103.650009,3041.000000
30420.000000,-0.470703,0.092285,0.890136,3042.000000,0.059128,-1.520157,-0.629425,3042.000000,18.749954,-24.900009,-103.650009,3042.000000
30430.000000,-0.483887,0.071289,0.875976,3043.000000,-0.059128,-1.092911,-0.202179,3043.000000,17.699966,-25.800003,-103.500000,3043.000000
30440.000000,-0.483887,0.081543,0.882324,3044.000000,0.486374,-1.092911,-0.019073,3044.000000,17.699966,-25.050003,-104.550003,3044.000000
30450.000000,-0.485840,0.070312,0.883301,3045.000000,0.669479,-1.214981,-0.873566,3045.000000,19.049957,-25.050003,-104.550003,3045.000000
30460.000000,-0.467285,0.086426,0.879883,3046.000000,1.523972,-1.764297,-0.141144,3046.000000,18.149963,-24.300003,-103.050003,3046.000000
30470.000000,-0.467285,0.073242,0.884277,3047.000000,2.012253,-1.703262,-1.178741,3047.000000,18.149963,-23.100006,-103.950012,3047.000000
30480.000000,-0.467285,0.080078,0.881836,3048.000000,1.768112,-1.947403,-0.995636,3048.000000,19.049957,-23.100006,-103.950012,3048.000000
30490.000000,-0.471680,0.085449,0.879394,3049.000000,2.073288,-1.642227,-0.690460,3049.000000,19.499954,-25.050003,-102.450012,3049.000000
30500.000000,-0.455566,0.080078,0.876953,3050.000000,1.279831,-0.482559,-0.446320,3050.000000,18.749954,-25.500000,-102.450012,3050.000000
30510.000000,-0.482422,0.076660,0.885742,3051.000000,0.364304,-0.787735,-0.202179,3051.000000,18.749954,-24.750000,-104.100006,3051.000000
30520.000000,-0.471680,0.086426,0.876953,3052.000000,1.157761,-0.421524,-0.507355,3052.000000,17.999954,-24.750000,-104.100006,3052.000000
30530.000000,-0.493164,0.075684,0.872558,3053.000000,0.669479,-0.787735,-0.141144,3053.000000,17.999954,-26.250000,-103.050003,3053.000000
30540.000000,-0.477051,0.079102,0.891113,3054.000000,1.462936,-0.116348,-0.141144,3054.000000,17.549957,-26.250000,-103.050003,3054.000000
30550.000000,-0.492676,0.083496,0.884277,3055.000000,1.279831,-0.787735,-0.812531,3055.000000,19.049957,-25.950012,-102.900009,3055.000000
30560.000000,-0.477051,0.080566,0.882324,3056.000000,0.730515,-0.421524,-0.568390,3056.000000,19.049957,-25.050003,-104.850006,3056.000000
30570.000000,-0.478027,0.088379,0.877441,3057.000000,0.059128,-0.787735,-0.568390,3057.000000,16.649963,-25.050003,-104.850006,3057.000000
30580.000000,-0.476562,0.077637,0.881836,3058.000000,-0.120163,-0.726700,-0.446320,3058.000000,18.449966,-25.050003,-104.100006,3058.000000
30590.000000,-0.479980,0.092773,0.879883,3059.000000,-0.120163,-0.787735,-0.446320,3059.000000,18.449966,-25.500000,-104.850006,3059.000000
30600.000000,-0.457031,0.092285,0.883789,3060.000000,-0.425339,-0.177383,0.160217,3060.000000,17.999954,-25.500000,-104.850006,3060.000000
30610.000000,-0.472168,0.074219,0.884765,3061.000000,-0.730515,0.734329,-0.446320,3061.000000,19.949966,-24.300003,-102.750000,3061.000000
30620.000000,-0.479492,0.087891,0.879883,3062.000000,-0.181198,0.246048,-0.568390,3062.000000,19.949966,-26.400009,-103.650009,3062.000000
30630.000000,-0.482422,0.078613,0.877441,3063.000000,-0.364304,0.246048,-0.263214,3063.000000,17.999954,-26.400009,-103.650009,3063.000000
30640.000000,-0.478027,0.078125,0.880859,3064.000000,0.059128,0.368118,-0.385284,3064.000000,19.049957,-25.800003,-103.500000,3064.000000
30650.000000,-0.468750,0.083984,0.884277,3065.000000,0.547409,-0.116348,0.160217,3065.000000,17.999954,-25.500000,-103.500000,3065.000000
30660.000000,-0.474609,0.066406,0.876465,3066.000000,0.181198,0.490189,-0.263214,3066.000000,17.999954,-27.000000,-101.700012,3066.000000
30670.000000,-0.478027,0.082031,0.878906,3067.000000,0.242233,-0.360489,-0.446320,3067.000000,19.349960,-27.000000,-101.700012,3067.000000
30680.000000,-0.459961,0.078125,0.876953,3068.000000,0.425339,-0.177383,0.221252,3068.000000,17.999954,-24.900009,-105.000000,3068.000000
30690.000000,-0.479980,0.072266,0.889648,3069.000000,1.096725,-0.055313,-0.141144,3069.000000,17.999954,-24.750000,-103.800003,3069.000000
30700.000000,-0.471680,0.088379,0.885254,3070.000000,0.486374,-0.177383,-0.202179,3070.000000,19.499954,-24.750000,-103.800003,3070.000000
30710.000000,-0.479492,0.074219,0.878418,3071.000000,0.974655,-0.787735,-0.202179,3071.000000,19.799957,-25.050003,-103.800003,3071.000000
30720.000000,-0.463867,0.068848,0.871582,3072.000000,0.730515,-0.909805,-0.995636,3072.000000,19.799957,-25.800003,-103.050003,3072.000000
30730.000000,-0.472168,0.095215,0.892090,3073.000000,0.974655,0.123978,-0.812531,3073.000000,19.349960,-25.800003,-103.050003,3073.000000
30740.000000,-0.478516,0.078613,0.890136,3074.000000,0.791550,-0.299454,-0.629425,3074.000000,20.249954,-26.400009,-103.950012,3074.000000
30750.000000,-0.471680,0.090332,0.870117,3075.000000,0.059128,0.123978,-0.080109,3075.000000,20.249954,-24.750000,-103.800003,3075.000000
30760.000000,-0.484863,0.075195,0.875976,3076.000000,0.486374,0.185013,-0.873566,3076.000000,17.549957,-24.750000,-103.800003,3076.000000
30770.000000,-0.473144,0.093262,0.887207,3077.000000,-0.120163,0.429153,-0.202179,3077.000000,17.999954,-25.650009,-103.950012,3077.000000
30780.000000,-0.477539,0.087891,0.883789,3078.000000,-0.364304,0.185013,-0.507355,3078.000000,17.999954,-24.300003,-103.800003,3078.000000
30790.000000,-0.473633,0.083984,0.882324,3079.000000,0.059128,0.612259,-0.629425,3079.000000,17.699966,-24.300003,-103.800003,3079.000000
30800.000000,-0.479004,0.076660,0.892578,3080.000000,-0.181198,0.001907,-0.446320,3080.000000,19.499954,-27.000000,-103.800003,3080.000000
30810.000000,-0.486816,0.085449,0.888183,3081.000000,-0.303268,0.307083,-0.629425,3081.000000,19.649963,-25.500000,-103.800003,3081.000000
30820.000000,-0.487305,0.091309,0.874511,3082.000000,-0.730515,0.185013,-0.263214,3082.000000,18.449966,-24.450012,-103.200012,3082.000000
30830.000000,-0.484863,0.079102,0.876953,3083.000000,-0.547409,-0.055313,0.160217,3083.000000,17.999954,-25.050003,-103.500000,3083.000000
30840.000000,-0.483887,0.088867,0.872070,3084.000000,-0.547409,-0.116348,-0.019073,3084.000000,17.999954,-26.250000,-105.150009,3084.000000
30850.000000,-0.475586,0.079102,0.871094,3085.000000,-0.425339,0.062943,-0.263214,3085.000000,18.599960,-26.250000,-105.150009,3085.000000
30860.000000,-0.478516,0.083496,0.884277,3086.000000,1.157761,0.123978,0.099182,3086.000000,17.999954,-26.400009,-104.400009,3086.000000
30870.000000,-0.478027,0.082031,0.884277,3087.000000,0.181198,-0.543594,0.282288,3087.000000,17.999954,-25.050003,-103.800003,3087.000000
30880.000000,-0.474121,0.084473,0.883301,3088.000000,0.425339,-1.031876,-0.324249,3088.000000,17.999954,-25.050003,-103.800003,3088.000000
30890.000000,-0.481445,0.083496,0.893066,3089.000000,-0.059128,-0.665665,0.038147,3089.000000,17.549957,-25.500000,-102.750000,3089.000000
30900.000000,-0.479492,0.079590,0.882812,3090.000000,-1.523972,-1.031876,-0.080109,3090.000000,17.549957,-24.450012,-103.950012,3090.000000
30910.000000,-0.486328,0.091309,0.871094,3091.000000,0.059128,0.246048,0.038147,3091.000000,18.899963,-24.450012,-103.950012,3091.000000
30920.000000,-0.486328,0.088379,0.886230,3092.000000,-0.303268,-1.214981,0.343323,3092.000000,18.599960,-25.200012,-103.650009,3092.000000
30930.000000,-0.465820,0.083984,0.880859,3093.000000,-0.242233,-1.276016,0.465393,3093.000000,18.599960,-24.900009,-103.200012,3093.000000
30940.000000,-0.464355,0.080078,0.879883,3094.000000,-0.669479,-1.092911,0.465393,3094.000000,18.449966,-24.900009,-103.200012,3094.000000
30950.000000,-0.466308,0.072266,0.880859,3095.000000,-0.547409,-0.665665,0.282288,3095.000000,19.349960,-24.300003,-102.750000,3095.000000
30960.000000,-0.479492,0.085937,0.878906,3096.000000,-0.913620,-0.421524,0.221252,3096.000000,18.749954,-26.400009,-103.200012,3096.000000
30970.000000,-0.476074,0.076172,0.881836,3097.000000,-0.486374,-0.360489,-0.080109,3097.000000,18.749954,-25.500000,-102.750000,3097.000000
30980.000000,-0.470215,0.085449,0.878906,3098.000000,-0.303268,-0.238419,0.221252,3098.000000,18.599960,-25.500000,-102.750000,3098.000000
30990.000000,-0.478027,0.090332,0.875000,3099.000000,-0.608444,-0.482559,0.282288,3099.000000,19.049957,-25.950012,-103.200012,3099.000000
31000.000000,-0.477051,0.078125,0.885254,3100.000000,-0.059128,-0.482559,0.099182,3100.000000,19.049957,-25.800003,-104.100006,3100.000000
31010.000000,-0.474121,0.075195,0.879883,3101.000000,-0.547409,-0.360489,-0.141144,3101.000000,18.899963,-25.800003,-104.100006,3101.000000
31020.000000,-0.472656,0.082520,0.883789,3102.000000,-0.059128,-0.909805,-0.507355,3102.000000,17.549957,-25.200012,-103.200012,3102.000000
31030.000000,-0.474121,0.074707,0.894531,3103.000000,-0.181198,-1.276016,0.160217,3103.000000,17.549957,-24.450012,-102.900009,3103.000000
31040.000000,-0.464844,0.089844,0.881347,3104.000000,-0.791550,-1.153946,-0.385284,3104.000000,17.699966,-24.450012,-102.900009,3104.000000
31050.000000,-0.483398,0.083984,0.881836,3105.000000,-0.303268,-1.153946,-0.873566,3105.000000,18.599960,-25.500000,-104.550003,3105.000000
31060.000000,-0.472168,0.081543,0.886230,3106.000000,-0.303268,-0.299454,-0.507355,3106.000000,18.599960,-25.650009,-102.150009,3106.000000
31070.000000,-0.480469,0.086426,0.868164,3107.000000,-0.669479,-0.909805,-0.690460,3107.000000,19.049957,-25.650009,-102.150009,3107.000000
31080.000000,-0.476562,0.084473,0.870605,3108.000000,-0.730515,-0.787735,-0.263214,3108.000000,18.899963,-24.750000,-103.050003,3108.000000
31090.000000,-0.477539,0.086426,0.881836,3109.000000,-0.669479,-1.031876,-0.446320,3109.000000,18.899963,-26.400009,-104.400009,3109.000000
31100.000000,-0.470703,0.073730,0.875488,3110.000000,-0.242233,-1.092911,-0.690460,3110.000000,18.749954,-26.400009,-104.400009,3110.000000
31110.000000,-0.474609,0.097656,0.885742,3111.000000,-0.181198,-0.787735,-0.446320,3111.000000,18.899963,-24.000000,-104.850006,3111.000000
31120.000000,-0.472168,0.083984,0.873047,3112.000000,0.000000,-1.031876,-0.507355,3112.000000,18.749954,-25.200012,-102.900009,3112.000000
31130.000000,-0.469726,0.080566,0.894043,3113.000000,0.486374,-1.214981,0.404358,3113.000000,17.549957,-25.050003,-102.450012,3113.000000
31140.000000,-0.462402,0.081543,0.883301,3114.000000,-0.120163,-0.726700,-0.141144,3114.000000,18.149963,-24.900009,-103.950012,3114.000000
31150.000000,-0.476562,0.078125,0.879883,3115.000000,-0.242233,-0.909805,-0.019073,3115.000000,18.149963,-27.150009,-102.600006,3115.000000
31160.000000,-0.479980,0.072754,0.876465,3116.000000,0.120163,-0.848770,-0.141144,3116.000000,17.699966,-27.150009,-102.600006,3116.000000
31170.000000,-0.482910,0.070312,0.884277,3117.000000,0.181198,-0.726700,-0.202179,3117.000000,18.599960,-24.000000,-104.550003,3117.000000
31180.000000,-0.477539,0.080566,0.875000,3118.000000,-0.120163,-0.421524,-0.629425,3118.000000,18.599960,-23.850006,-103.950012,3118.000000
31190.000000,-0.457519,0.084961,0.870117,3119.000000,-0.120163,-0.604630,-0.507355,3119.000000,19.349960,-23.850006,-103.950012,3119.000000
31200.000000,-0.470703,0.076172,0.890625,3120.000000,0.181198,-0.970840,-0.263214,3120.000000,18.149963,-25.650009,-103.950012,3120.000000
31210.000000,-0.472168,0.091309,0.886719,3121.000000,0.669479,-1.214981,-0.263214,3121.000000,18.149963,-24.450012,-103.200012,3121.000000
31220.000000,-0.469238,0.078125,0.870605,3122.000000,0.181198,-1.642227,0.038147,3122.000000,17.849960,-24.450012,-103.200012,3122.000000
31230.000000,-0.469238,0.085449,0.886230,3123.000000,0.181198,-1.398087,-0.263214,3123.000000,18.899963,-26.700012,-103.650009,3123.000000
31240.000000,-0.465820,0.084961,0.886230,3124.000000,0.120163,-1.153946,-0.385284,3124.000000,18.899963,-25.950012,-103.200012,3124.000000
31250.000000,-0.472656,0.087891,0.874023,3125.000000,0.000000,-1.337051,-0.202179,3125.000000,18.749954,-25.950012,-103.200012,3125.000000
31260.000000,-0.473144,0.086426,0.881347,3126.000000,0.000000,-0.421524,-0.141144,3126.000000,17.999954,-24.300003,-103.500000,3126.000000
31270.000000,-0.459473,0.091309,0.885742,3127.000000,0.303268,-0.726700,-0.690460,3127.000000,18.449966,-24.750000,-103.050003,3127.000000
31280.000000,-0.479004,0.091797,0.889160,3128.000000,0.059128,-0.421524,-0.568390,3128.000000,18.449966,-25.500000,-101.250000,3128.000000
31290.000000,-0.461914,0.073730,0.878418,3129.000000,-0.303268,-0.787735,-0.873566,3129.000000,17.549957,-25.500000,-101.250000,3129.000000
31300.000000,-0.461426,0.088379,0.875976,3130.000000,0.181198,-0.421524,-0.446320,3130.000000,19.349960,-24.900009,-103.650009,3130.000000
31310.000000,-0.478027,0.081543,0.889160,3131.000000,-0.425339,-0.238419,-0.934601,3131.000000,19.349960,-23.850006,-103.950012,3131.000000
31320.000000,-0.459473,0.071289,0.880859,3132.000000,-0.181198,-0.177383,-0.507355,3132.000000,19.049957,-23.850006,-103.950012,3132.000000
31330.000000,-0.471191,0.085449,0.882324,3133.000000,-0.181198,-0.055313,-0.507355,3133.000000,17.999954,-25.050003,-103.500000,3133.000000
31340.000000,-0.460937,0.082520,0.886230,3134.000000,0.425339,-0.238419,-0.324249,3134.000000,17.999954,-25.050003,-103.800003,3134.000000
31350.000000,-0.483887,0.087891,0.896484,3135.000000,-0.425339,-0.665665,-0.873566,3135.000000,18.149963,-25.050003,-103.800003,3135.000000
31360.000000,-0.464844,0.069824,0.880371,3136.000000,-0.669479,-0.421524,-0.263214,3136.000000,18.749954,-26.700012,-103.200012,3136.000000
31370.000000,-0.466308,0.081543,0.892090,3137.000000,-0.059128,-0.238419,-0.202179,3137.000000,18.749954,-25.800003,-102.000000,3137.000000
31380.000000,-0.465332,0.070801,0.882324,3138.000000,-0.364304,-0.177383,0.160217,3138.000000,19.349960,-25.800003,-102.000000,3138.000000
31390.000000,-0.456543,0.086914,0.888183,3139.000000,-0.120163,-0.055313,-0.141144,3139.000000,19.349960,-26.400009,-103.950012,3139.000000
31400.000000,-0.463379,0.084473,0.886719,3140.000000,-0.303268,-0.055313,0.404358,3140.000000,19.349960,-25.650009,-102.900009,3140.000000
31410.000000,-0.464355,0.070801,0.884277,3141.000000,-0.242233,-0.238419,0.038147,3141.000000,18.149963,-25.650009,-102.900009,3141.000000
31420.000000,-0.457519,0.081543,0.881836,3142.000000,0.059128,-0.970840,-0.507355,3142.000000,17.249954,-25.200012,-103.650009,3142.000000
31430.000000,-0.468750,0.083008,0.876953,3143.000000,0.181198,-0.116348,0.160217,3143.000000,18.899963,-26.550003,-102.750000,3143.000000
31440.000000,-0.469238,0.075684,0.887695,3144.000000,-0.547409,-0.238419,-0.385284,3144.000000,18.899963,-25.950012,-103.950012,3144.000000
31450.000000,-0.468262,0.083496,0.893066,3145.000000,0.242233,0.123978,-0.263214,3145.000000,17.549957,-25.950012,-103.950012,3145.000000
31460.000000,-0.468750,0.083008,0.880859,3146.000000,-0.059128,-0.177383,-0.202179,3146.000000,18.749954,-25.950012,-103.650009,3146.000000
31470.000000,-0.473633,0.059570,0.873535,3147.000000,0.242233,-0.238419,-0.202179,3147.000000,18.749954,-24.300003,-103.050003,3147.000000
31480.000000,-0.474609,0.078125,0.878906,3148.000000,-0.791550,-0.177383,0.404358,3148.000000,18.599960,-24.300003,-103.050003,3148.000000
31490.000000,-0.463867,0.076660,0.889160,3149.000000,-0.242233,0.001907,0.099182,3149.000000,16.649963,-24.900009,-102.900009,3149.000000
31500.000000,-0.471680,0.082031,0.892090,3150.000000,0.242233,-0.360489,-0.446320,3150.000000,16.649963,-24.750000,-103.800003,3150.000000
31510.000000,-0.466797,0.075684,0.895996,3151.000000,-0.181198,0.185013,0.099182,3151.000000,17.999954,-24.750000,-103.800003,3151.000000
31520.000000,-0.472656,0.093262,0.881347,3152.000000,-0.547409,-0.604630,-0.263214,3152.000000,18.149963,-25.800003,-100.950012,3152.000000
31530.000000,-0.479980,0.067383,0.890136,3153.000000,-1.035690,0.123978,0.709534,3153.000000,18.149963,-25.200012,-103.200012,3153.000000
31540.000000,-0.476562,0.082520,0.890136,3154.000000,-1.157761,-0.360489,0.221252,3154.000000,18.899963,-25.200012,-103.200012,3154.000000
31550.000000,-0.463379,0.089355,0.886230,3155.000000,-1.279831,-0.421524,0.404358,3155.000000,18.899963,-25.650009,-104.400009,3155.000000
31560.000000,-0.458984,0.069824,0.885742,3156.000000,-0.486374,-0.482559,-0.141144,3156.000000,18.899963,-24.150009,-102.900009,3156.000000
31570.000000,-0.467285,0.083008,0.884765,3157.000000,-0.425339,-0.177383,-0.446320,3157.000000,17.249954,-24.150009,-102.900009,3157.000000
31580.000000,-0.478027,0.073730,0.896972,3158.000000,-0.059128,0.307083,-0.019073,3158.000000,18.899963,-25.050003,-103.500000,3158.000000
31590.000000,-0.463867,0.078125,0.887207,3159.000000,-0.303268,0.062943,-0.324249,3159.000000,18.899963,-25.650009,-101.550003,3159.000000
31600.000000,-0.457031,0.073730,0.877441,3160.000000,-0.059128,-0.177383,0.099182,3160.000000,18.149963,-25.650009,-101.550003,3160.000000
31610.000000,-0.478027,0.090820,0.881347,3161.000000,-0.364304,0.062943,0.160217,3161.000000,18.149963,-25.200012,-102.150009,3161.000000
31620.000000,-0.458496,0.079102,0.888183,3162.000000,-0.852585,-0.238419,0.526428,3162.000000,18.149963,-24.900009,-102.600006,3162.000000
31630.000000,-0.474609,0.090332,0.883789,3163.000000,-0.791550,0.123978,0.221252,3163.000000,18.449966,-24.900009,-102.600006,3163.000000
31640.000000,-0.467285,0.071777,0.879883,3164.000000,-0.791550,0.001907,0.465393,3164.000000,17.849960,-25.800003,-104.100006,3164.000000
31650.000000,-0.477539,0.077637,0.887207,3165.000000,-1.035690,0.185013,0.465393,3165.000000,17.849960,-25.950012,-103.950012,3165.000000
31660.000000,-0.470703,0.079590,0.880859,3166.000000,-0.242233,-0.055313,0.343323,3166.000000,17.699966,-25.950012,-103.950012,3166.000000
31670.000000,-0.472656,0.084961,0.884765,3167.000000,-0.120163,-0.299454,0.160217,3167.000000,18.449966,-26.250000,-102.750000,3167.000000
31680.000000,-0.478516,0.079590,0.889648,3168.000000,-0.547409,-0.543594,0.465393,3168.000000,18.449966,-25.050003,-103.050003,3168.000000
31690.000000,-0.476074,0.076660,0.877441,3169.000000,0.120163,-0.360489,0.282288,3169.000000,18.449966,-25.050003,-103.050003,3169.000000
31700.000000,-0.467285,0.086914,0.889160,3170.000000,-0.181198,-0.787735,-0.202179,3170.000000,17.099960,-25.050003,-103.050003,3170.000000
31710.000000,-0.471191,0.083008,0.880859,3171.000000,-0.486374,-0.787735,-0.080109,3171.000000,17.099960,-24.450012,-102.600006,3171.000000
31720.000000,-0.479980,0.083496,0.884277,3172.000000,-0.486374,-0.543594,-0.446320,3172.000000,18.899963,-24.450012,-102.600006,3172.000000
31730.000000,-0.478027,0.074707,0.871094,3173.000000,-0.425339,-0.909805,-0.263214,3173.000000,18.599960,-25.200012,-103.650009,3173.000000
31740.000000,-0.463867,0.072266,0.884277,3174.000000,-0.364304,-0.787735,-0.263214,3174.000000,18.899963,-25.200012,-103.200012,3174.000000
31750.000000,-0.459961,0.082031,0.878906,3175.000000,-0.059128,-0.665665,-0.568390,3175.000000,18.899963,-25.200012,-102.900009,3175.000000
31760.000000,-0.473633,0.078613,0.893066,3176.000000,0.669479,-0.177383,-0.202179,3176.000000,18.899963,-25.200012,-102.900009,3176.000000
31770.000000,-0.464355,0.077637,0.882324,3177.000000,0.425339,-0.055313,-0.080109,3177.000000,17.999954,-25.650009,-102.900009,3177.000000
31780.000000,-0.458496,0.085937,0.882812,3178.000000,0.242233,-0.238419,-0.019073,3178.000000,17.999954,-27.000000,-103.050003,3178.000000
31790.000000,-0.472168,0.079102,0.872070,3179.000000,-0.303268,-0.177383,0.038147,3179.000000,17.249954,-27.000000,-103.050003,3179.000000
31800.000000,-0.476074,0.083496,0.885254,3180.000000,-0.242233,-0.909805,0.465393,3180.000000,17.699966,-26.550003,-102.450012,3180.000000
31810.000000,-0.452148,0.069824,0.872558,3181.000000,-0.730515,-0.604630,-0.080109,3181.000000,17.699966,-24.300003,-102.450012,3181.000000
31820.000000,-0.467773,0.082031,0.889648,3182.000000,-0.791550,-0.726700,-0.141144,3182.000000,19.049957,-24.300003,-102.450012,3182.000000
31830.000000,-0.464844,0.089844,0.872558,3183.000000,-0.547409,-1.153946,-0.446320,3183.000000,18.599960,-25.800003,-103.800003,3183.000000
31840.000000,-0.470703,0.086914,0.883789,3184.000000,-0.669479,-0.848770,-0.507355,3184.000000,18.599960,-23.850006,-102.600006,3184.000000
31850.000000,-0.469726,0.081055,0.881836,3185.000000,-0.303268,-1.092911,-0.141144,3185.000000,18.899963,-23.850006,-102.600006,3185.000000
31860.000000,-0.452148,0.073242,0.882324,3186.000000,-0.303268,-0.787735,0.343323,3186.000000,18.149963,-25.950012,-102.900009,3186.000000
31870.000000,-0.468262,0.070801,0.881347,3187.000000,-0.303268,-0.848770,0.221252,3187.000000,18.599960,-24.450012,-103.200012,3187.000000
31880.000000,-0.466797,0.070312,0.885742,3188.000000,-0.242233,-0.848770,-0.019073,3188.000000,19.499954,-25.200012,-102.150009,3188.000000
31890.000000,-0.471191,0.073730,0.884277,3189.000000,-0.120163,-0.726700,-0.263214,3189.000000,17.999954,-25.800003,-102.000000,3189.000000
31900.000000,-0.460449,0.078613,0.893066,3190.000000,0.791550,-0.543594,-0.263214,3190.000000,17.999954,-26.550003,-102.450012,3190.000000
31910.000000,-0.470703,0.076172,0.891113,3191.000000,0.303268,-1.092911,-0.446320,3191.000000,17.999954,-26.550003,-102.450012,3191.000000
31920.000000,-0.469726,0.090820,0.884277,3192.000000,0.000000,-1.520157,-0.568390,3192.000000,18.449966,-26.250000,-104.850006,3192.000000
31930.000000,-0.475098,0.073242,0.895019,3193.000000,-0.425339,-1.214981,-0.324249,3193.000000,18.449966,-24.750000,-102.000000,3193.000000
31940.000000,-0.474609,0.075195,0.885742,3194.000000,-0.486374,-2.069473,-0.080109,3194.000000,18.149963,-24.750000,-102.000000,3194.000000
31950.000000,-0.462402,0.074707,0.889648,3195.000000,-1.157761,-1.520157,-0.019073,3195.000000,18.899963,-24.150009,-103.650009,3195.000000
31960.000000,-0.461914,0.064453,0.887695,3196.000000,-1.035690,-0.909805,0.282288,3196.000000,18.899963,-24.150009,-102.600006,3196.000000
31970.000000,-0.457031,0.066895,0.875000,3197.000000,-0.303268,-0.909805,-0.385284,3197.000000,20.249954,-24.150009,-102.600006,3197.000000
31980.000000,-0.457519,0.081055,0.892090,3198.000000,-0.669479,-0.665665,-0.324249,3198.000000,16.649963,-25.050003,-103.050003,3198.000000
31990.000000,-0.463379,0.068359,0.887695,3199.000000,-0.303268,-0.543594,0.099182,3199.000000,16.649963,-24.300003,-102.450012,3199.000000
32000.000000,-0.468750,0.076660,0.888672,3200.000000,0.303268,-0.909805,-0.080109,3200.000000,17.249954,-24.300003,-102.450012,3200.000000
32010.000000,-0.463867,0.068848,0.865722,3201.000000,-0.730515,-0.299454,-0.324249,3201.000000,18.449966,-24.300003,-102.450012,3201.000000
32020.000000,-0.476074,0.091797,0.878906,3202.000000,-0.059128,-0.604630,0.038147,3202.000000,18.449966,-25.050003,-103.800003,3202.000000
32030.000000,-0.453613,0.076660,0.870605,3203.000000,-0.181198,-0.543594,-0.873566,3203.000000,20.699966,-25.050003,-103.800003,3203.000000
32040.000000,-0.469726,0.078613,0.884765,3204.000000,-0.303268,-0.787735,-0.324249,3204.000000,17.999954,-25.950012,-103.200012,3204.000000
32050.000000,-0.460937,0.083008,0.878418,3205.000000,-0.364304,-0.787735,-0.629425,3205.000000,17.849960,-25.050003,-102.750000,3205.000000
32060.000000,-0.458984,0.081543,0.887207,3206.000000,-0.730515,-0.970840,-0.446320,3206.000000,17.849960,-24.150009,-103.200012,3206.000000
32070.000000,-0.469726,0.081543,0.884765,3207.000000,0.242233,-1.459122,-0.263214,3207.000000,18.599960,-24.150009,-103.200012,3207.000000
32080.000000,-0.464844,0.071289,0.872070,3208.000000,-0.364304,-1.214981,0.160217,3208.000000,17.849960,-25.650009,-103.200012,3208.000000
32090.000000,-0.457031,0.079102,0.886230,3209.000000,-0.303268,-1.398087,-0.263214,3209.000000,17.849960,-24.450012,-103.200012,3209.000000
32100.000000,-0.471191,0.073730,0.895019,3210.000000,-0.120163,-0.848770,-0.202179,3210.000000,18.449966,-24.450012,-103.200012,3210.000000
32110.000000,-0.466308,0.079102,0.889648,3211.000000,-0.303268,-1.031876,0.587463,3211.000000,19.949966,-25.500000,-102.750000,3211.000000
32120.000000,-0.470703,0.069336,0.887695,3212.000000,-0.059128,-1.398087,0.160217,3212.000000,19.949966,-26.400009,-102.150009,3212.000000
32130.000000,-0.468750,0.071289,0.870605,3213.000000,0.425339,-0.482559,0.160217,3213.000000,18.449966,-26.400009,-102.150009,3213.000000
32140.000000,-0.461914,0.093750,0.883789,3214.000000,0.059128,-0.787735,-0.202179,3214.000000,17.249954,-26.250000,-104.550003,3214.000000
32150.000000,-0.465332,0.070801,0.881347,3215.000000,0.730515,-0.787735,-0.385284,3215.000000,17.249954,-24.750000,-103.800003,3215.000000
32160.000000,-0.453613,0.094238,0.885742,3216.000000,-0.181198,-0.909805,-0.385284,3216.000000,19.799957,-24.750000,-103.800003,3216.000000
32170.000000,-0.461426,0.082031,0.880859,3217.000000,-0.059128,-1.214981,0.221252,3217.000000,19.049957,-26.250000,-103.800003,3217.000000
32180.000000,-0.462402,0.073242,0.881836,3218.000000,0.303268,-0.909805,0.160217,3218.000000,18.749954,-25.050003,-102.000000,3218.000000
32190.000000,-0.459961,0.070312,0.885742,3219.000000,0.425339,-0.665665,-0.019073,3219.000000,18.149963,-25.800003,-103.050003,3219.000000
32200.000000,-0.457519,0.083496,0.886719,3220.000000,-0.425339,-1.337051,0.160217,3220.000000,19.349960,-23.400009,-101.850006,3220.000000
32210.000000,-0.460937,0.078613,0.888672,3221.000000,-0.059128,-0.604630,-0.751495,3221.000000,19.349960,-25.650009,-102.600006,3221.000000
32220.000000,-0.459961,0.079102,0.883301,3222.000000,0.059128,-0.909805,-0.263214,3222.000000,18.599960,-25.650009,-102.600006,3222.000000
32230.000000,-0.461426,0.063965,0.895996,3223.000000,0.000000,-0.604630,-0.263214,3223.000000,17.249954,-24.450012,-104.700012,3223.000000
32240.000000,-0.463867,0.081543,0.882324,3224.000000,-0.303268,-0.726700,-0.446320,3224.000000,17.249954,-24.300003,-103.800003,3224.000000
32250.000000,-0.454101,0.084473,0.876953,3225.000000,-1.096725,-1.214981,-1.117706,3225.000000,18.899963,-24.300003,-103.800003,3225.000000
32260.000000,-0.471191,0.074219,0.882324,3226.000000,0.181198,-0.909805,-1.361847,3226.000000,18.449966,-24.450012,-102.150009,3226.000000
32270.000000,-0.452148,0.081543,0.895019,3227.000000,-0.181198,-0.665665,-0.263214,3227.000000,18.449966,-25.800003,-104.100006,3227.000000
32280.000000,-0.465332,0.064453,0.897461,3228.000000,-0.303268,0.123978,-0.629425,3228.000000,17.999954,-25.800003,-104.100006,3228.000000
32290.000000,-0.467773,0.070801,0.891601,3229.000000,0.000000,0.185013,-0.751495,3229.000000,19.649963,-25.500000,-102.000000,3229.000000
32300.000000,-0.455078,0.072754,0.887207,3230.000000,0.486374,-0.116348,-0.629425,3230.000000,19.649963,-24.450012,-102.900009,3230.000000
32310.000000,-0.458496,0.074219,0.891113,3231.000000,-0.120163,0.001907,-0.751495,3231.000000,18.599960,-24.450012,-102.900009,3231.000000
32320.000000,-0.453613,0.075195,0.890625,3232.000000,-0.059128,-0.055313,-0.324249,3232.000000,17.099960,-24.450012,-102.900009,3232.000000
32330.000000,-0.466308,0.079102,0.892090,3233.000000,0.120163,-0.299454,-0.751495,3233.000000,17.099960,-23.850006,-104.400009,3233.000000
32340.000000,-0.469238,0.081543,0.884277,3234.000000,0.486374,0.246048,-0.385284,3234.000000,18.899963,-23.850006,-104.400009,3234.000000
32350.000000,-0.464844,0.069824,0.876953,3235.000000,-0.913620,-0.299454,-0.019073,3235.000000,18.599960,-25.950012,-103.650009,3235.000000
32360.000000,-0.462402,0.068848,0.895508,3236.000000,-0.242233,-0.238419,-0.202179,3236.000000,18.599960,-24.900009,-104.700012,3236.000000
32370.000000,-0.467285,0.069336,0.881836,3237.000000,-0.181198,-0.299454,-0.568390,3237.000000,18.599960,-25.650009,-102.600006,3237.000000
32380.000000,-0.473144,0.081543,0.889648,3238.000000,0.059128,-0.238419,-0.263214,3238.000000,17.849960,-25.650009,-102.600006,3238.000000
32390.000000,-0.466308,0.067383,0.890136,3239.000000,0.730515,-0.848770,-0.080109,3239.000000,17.249954,-24.450012,-102.600006,3239.000000
32400.000000,-0.473633,0.070801,0.885742,3240.000000,-0.608444,-0.726700,-0.446320,3240.000000,17.249954,-23.550003,-102.750000,3240.000000
32410.000000,-0.465332,0.073730,0.891113,3241.000000,-0.303268,-0.299454,0.221252,3241.000000,17.849960,-23.550003,-102.750000,3241.000000
32420.000000,-0.466308,0.078613,0.890136,3242.000000,0.303268,-0.482559,0.343323,3242.000000,18.599960,-24.900009,-101.850006,3242.000000
32430.000000,-0.471191,0.076172,0.892578,3243.000000,-0.120163,-0.482559,0.160217,3243.000000,18.599960,-25.200012,-103.950012,3243.000000
32440.000000,-0.466797,0.072754,0.883301,3244.000000,-0.364304,0.429153,0.099182,3244.000000,18.149963,-25.200012,-103.950012,3244.000000
32450.000000,-0.472168,0.089355,0.892090,3245.000000,-0.303268,0.490189,-0.019073,3245.000000,18.449966,-24.450012,-103.650009,3245.000000
32460.000000,-0.468750,0.083984,0.889648,3246.000000,-0.669479,0.612259,-0.202179,3246.000000,18.449966,-23.550003,-104.100006,3246.000000
32470.000000,-0.479980,0.078613,0.902344,3247.000000,0.669479,0.062943,-0.263214,3247.000000,18.599960,-23.550003,-104.100006,3247.000000
32480.000000,-0.456543,0.059570,0.873047,3248.000000,0.486374,0.185013,-0.202179,3248.000000,18.599960,-23.850006,-101.850006,3248.000000
32490.000000,-0.464844,0.075195,0.888672,3249.000000,0.181198,-0.055313,0.465393,3249.000000,18.449966,-23.850006,-101.850006,3249.000000
32500.000000,-0.451172,0.082031,0.885254,3250.000000,-0.364304,-0.177383,0.160217,3250.000000,18.749954,-24.750000,-102.450012,3250.000000
32510.000000,-0.476562,0.079102,0.879883,3251.000000,0.000000,-0.177383,0.160217,3251.000000,18.749954,-24.300003,-104.100006,3251.000000
32520.000000,-0.454101,0.082031,0.880859,3252.000000,-0.852585,0.123978,-0.507355,3252.000000,18.749954,-25.500000,-104.100006,3252.000000
32530.000000,-0.460937,0.062500,0.885742,3253.000000,-0.486374,-0.360489,0.404358,3253.000000,18.449966,-25.500000,-104.100006,3253.000000
32540.000000,-0.456055,0.065918,0.889648,3254.000000,-0.547409,-0.482559,-0.141144,3254.000000,19.049957,-24.750000,-103.500000,3254.000000
32550.000000,-0.459961,0.087402,0.879394,3255.000000,-0.303268,-0.116348,-0.019073,3255.000000,19.049957,-24.750000,-102.750000,3255.000000
32560.000000,-0.454101,0.070801,0.876953,3256.000000,-0.486374,0.246048,-0.141144,3256.000000,18.599960,-24.750000,-102.750000,3256.000000
32570.000000,-0.464355,0.078613,0.890136,3257.000000,-0.181198,-0.848770,0.038147,3257.000000,19.349960,-24.900009,-102.900009,3257.000000
32580.000000,-0.459473,0.070312,0.892578,3258.000000,0.000000,-0.177383,-0.202179,3258.000000,19.349960,-26.400009,-102.600006,3258.000000
32590.000000,-0.457519,0.074707,0.888672,3259.000000,-0.852585,-0.604630,0.038147,3259.000000,17.999954,-26.400009,-102.600006,3259.000000
32600.000000,-0.466308,0.079590,0.883301,3260.000000,-0.242233,-0.665665,-0.080109,3260.000000,18.749954,-25.050003,-103.050003,3260.000000
32610.000000,-0.470215,0.075195,0.891113,3261.000000,0.181198,-0.299454,-0.080109,3261.000000,18.749954,-26.250000,-103.050003,3261.000000
32620.000000,-0.456055,0.081055,0.892090,3262.000000,0.000000,-0.238419,-0.080109,3262.000000,18.599960,-26.250000,-103.050003,3262.000000
32630.000000,-0.466308,0.080078,0.876953,3263.000000,-0.364304,0.123978,-0.507355,3263.000000,19.499954,-24.900009,-102.900009,3263.000000
32640.000000,-0.462402,0.074219,0.882812,3264.000000,-0.181198,-0.055313,-0.507355,3264.000000,19.499954,-25.050003,-103.050003,3264.000000
32650.000000,-0.456055,0.074219,0.879883,3265.000000,0.425339,-0.055313,-0.324249,3265.000000,19.049957,-25.050003,-103.050003,3265.000000
32660.000000,-0.466308,0.069824,0.889160,3266.000000,0.059128,0.062943,0.221252,3266.000000,17.099960,-25.050003,-103.050003,3266.000000
32670.000000,-0.458008,0.079590,0.886719,3267.000000,-0.486374,0.062943,-0.324249,3267.000000,18.599960,-25.650009,-102.600006,3267.000000
32680.000000,-0.464355,0.081055,0.886719,3268.000000,0.791550,1.100540,-0.202179,3268.000000,18.599960,-24.450012,-103.200012,3268.000000
32690.000000,-0.465332,0.066406,0.889160,3269.000000,-1.035690,-0.909805,-0.019073,3269.000000,18.749954,-24.450012,-103.200012,3269.000000
32700.000000,-0.463379,0.085449,0.895508,3270.000000,-0.303268,-1.214981,0.282288,3270.000000,19.049957,-24.750000,-103.500000,3270.000000
32710.000000,-0.466797,0.071777,0.881836,3271.000000,-0.303268,-0.604630,-0.141144,3271.000000,19.049957,-26.550003,-103.800003,3271.000000
32720.000000,-0.463379,0.079102,0.896972,3272.000000,-0.913620,-0.360489,0.282288,3272.000000,19.049957,-26.550003,-103.800003,3272.000000
32730.000000,-0.468750,0.083984,0.887695,3273.000000,-0.486374,-0.665665,-0.324249,3273.000000,18.449966,-24.750000,-103.800003,3273.000000
32740.000000,-0.460937,0.078125,0.894531,3274.000000,-0.608444,-0.726700,0.160217,3274.000000,18.449966,-25.800003,-102.450012,3274.000000
32750.000000,-0.460449,0.062500,0.891601,3275.000000,-0.181198,-0.482559,0.221252,3275.000000,18.449966,-25.800003,-102.450012,3275.000000
32760.000000,-0.468262,0.071289,0.890136,3276.000000,-0.364304,-0.116348,0.038147,3276.000000,18.149963,-26.550003,-102.450012,3276.000000
32770.000000,-0.463867,0.075195,0.892090,3277.000000,0.000000,-0.116348,-0.446320,3277.000000,18.149963,-25.950012,-101.850006,3277.000000
32780.000000,-0.464844,0.071777,0.882324,3278.000000,0.120163,-0.238419,0.038147,3278.000000,17.849960,-25.650009,-102.150009,3278.000000
32790.000000,-0.458008,0.083984,0.895996,3279.000000,0.120163,-0.299454,-0.385284,3279.000000,17.849960,-25.200012,-102.900009,3279.000000
32800.000000,-0.471680,0.072754,0.884277,3280.000000,0.669479,-0.299454,-0.385284,3280.000000,18.899963,-25.200012,-102.900009,3280.000000
32810.000000,-0.466797,0.078125,0.882324,3281.000000,0.608444,-0.299454,0.160217,3281.000000,18.899963,-24.900009,-104.400009,3281.000000
32820.000000,-0.454101,0.059570,0.889648,3282.000000,0.669479,-0.055313,-0.629425,3282.000000,17.849960,-24.900009,-102.900009,3282.000000
32830.000000,-0.463379,0.087402,0.896484,3283.000000,0.242233,-0.909805,-0.263214,3283.000000,17.849960,-24.150009,-102.150009,3283.000000
32840.000000,-0.458496,0.073242,0.891113,3284.000000,-0.303268,-0.238419,-0.385284,3284.000000,18.149963,-24.150009,-102.150009,3284.000000
32850.000000,-0.459473,0.076660,0.890625,3285.000000,0.181198,-0.238419,-0.263214,3285.000000,19.499954,-25.650009,-102.150009,3285.000000
32860.000000,-0.462402,0.072266,0.885254,3286.000000,-0.425339,-0.543594,0.038147,3286.000000,19.499954,-25.050003,-103.050003,3286.000000
32870.000000,-0.454101,0.076172,0.895019,3287.000000,0.364304,-0.604630,-0.202179,3287.000000,17.549957,-25.050003,-103.050003,3287.000000
32880.000000,-0.460449,0.073730,0.893066,3288.000000,-0.242233,-0.604630,-0.507355,3288.000000,17.249954,-25.200012,-103.200012,3288.000000
32890.000000,-0.464355,0.066406,0.888183,3289.000000,0.120163,-0.726700,0.221252,3289.000000,17.249954,-25.500000,-103.050003,3289.000000
32900.000000,-0.461914,0.078613,0.881836,3290.000000,0.181198,-0.482559,0.587463,3290.000000,18.449966,-25.500000,-103.050003,3290.000000
32910.000000,-0.455566,0.073730,0.891113,3291.000000,-0.242233,-1.276016,-0.446320,3291.000000,17.549957,-26.250000,-102.750000,3291.000000
32920.000000,-0.463379,0.078125,0.889648,3292.000000,-0.303268,-1.214981,-0.324249,3292.000000,17.549957,-25.200012,-104.700012,3292.000000
32930.000000,-0.460937,0.063965,0.889648,3293.000000,-0.425339,-1.398087,-0.263214,3293.000000,17.849960,-25.200012,-104.700012,3293.000000
32940.000000,-0.465332,0.081543,0.888183,3294.000000,-0.242233,-0.482559,-0.080109,3294.000000,18.449966,-24.150009,-103.200012,3294.000000
32950.000000,-0.462891,0.076660,0.895508,3295.000000,0.120163,-0.238419,0.038147,3295.000000,18.449966,-24.750000,-103.050003,3295.000000
32960.000000,-0.458008,0.085937,0.890136,3296.000000,0.242233,-0.299454,0.465393,3296.000000,17.699966,-24.750000,-103.050003,3296.000000
32970.000000,-0.463867,0.076172,0.901855,3297.000000,1.157761,0.062943,0.404358,3297.000000,18.749954,-25.500000,-102.450012,3297.000000
32980.000000,-0.470703,0.065430,0.902832,3298.000000,0.791550,-0.665665,-0.202179,3298.000000,18.599960,-26.250000,-102.750000,3298.000000
32990.000000,-0.465332,0.078613,0.892090,3299.000000,0.303268,-0.726700,0.160217,3299.000000,18.599960,-26.700012,-101.850006,3299.000000
33000.000000,-0.450195,0.070312,0.883301,3300.000000,0.120163,-0.543594,0.099182,3300.000000,17.999954,-26.700012,-101.850006,3300.000000
33010.000000,-0.461426,0.080566,0.901367,3301.000000,0.120163,-0.482559,0.160217,3301.000000,17.849960,-26.550003,-103.500000,3301.000000
33020.000000,-0.445312,0.073730,0.892090,3302.000000,-0.486374,-0.543594,0.587463,3302.000000,17.849960,-26.700012,-102.600006,3302.000000
33030.000000,-0.469726,0.073242,0.882812,3303.000000,-0.364304,-0.726700,0.465393,3303.000000,17.249954,-26.700012,-102.600006,3303.000000
33040.000000,-0.450683,0.055176,0.890136,3304.000000,-0.181198,-0.482559,0.038147,3304.000000,17.249954,-25.050003,-103.800003,3304.000000
33050.000000,-0.458984,0.077148,0.899414,3305.000000,-0.242233,-0.055313,0.343323,3305.000000,17.249954,-25.500000,-103.800003,3305.000000
33060.000000,-0.468750,0.058105,0.885254,3306.000000,0.059128,-0.116348,0.343323,3306.000000,16.949966,-25.500000,-103.800003,3306.000000
33070.000000,-0.460449,0.080566,0.880859,3307.000000,0.059128,0.062943,0.038147,3307.000000,17.849960,-24.300003,-103.050003,3307.000000
33080.000000,-0.466308,0.074707,0.892578,3308.000000,0.547409,0.429153,0.099182,3308.000000,18.899963,-23.850006,-102.600006,3308.000000
33090.000000,-0.458496,0.071777,0.898926,3309.000000,0.000000,-0.482559,-0.019073,3309.000000,17.849960,-24.450012,-102.600006,3309.000000
33100.000000,-0.462891,0.070801,0.885254,3310.000000,0.059128,-0.421524,-0.629425,3310.000000,17.849960,-24.450012,-103.200012,3310.000000
33110.000000,-0.463379,0.081055,0.881836,3311.000000,0.730515,-0.055313,-0.263214,3311.000000,18.599960,-24.450012,-103.200012,3311.000000
33120.000000,-0.463867,0.073242,0.886230,3312.000000,-0.059128,-0.360489,0.343323,3312.000000,17.849960,-24.900009,-102.600006,3312.000000
33130.000000,-0.452637,0.087891,0.889160,3313.000000,0.000000,-0.543594,0.404358,3313.000000,17.999954,-25.650009,-102.900009,3313.000000
33140.000000,-0.452148,0.080566,0.896972,3314.000000,0.000000,-0.055313,0.099182,3314.000000,17.999954,-25.050003,-102.450012,3314.000000
33150.000000,-0.462402,0.075195,0.892578,3315.000000,0.486374,-0.360489,0.221252,3315.000000,18.899963,-25.050003,-102.450012,3315.000000
33160.000000,-0.461914,0.077637,0.887207,3316.000000,0.791550,-0.238419,0.221252,3316.000000,17.849960,-26.400009,-103.200012,3316.000000
33170.000000,-0.462402,0.077148,0.890136,3317.000000,0.730515,-0.543594,0.343323,3317.000000,17.849960,-25.650009,-103.200012,3317.000000
33180.000000,-0.464844,0.080566,0.880859,3318.000000,1.035690,-0.360489,0.038147,3318.000000,18.449966,-25.650009,-103.200012,3318.000000
33190.000000,-0.468262,0.068848,0.895508,3319.000000,0.730515,-0.360489,0.343323,3319.000000,17.549957,-25.050003,-103.800003,3319.000000
33200.000000,-0.469238,0.084961,0.898437,3320.000000,0.303268,-0.604630,0.160217,3320.000000,17.549957,-24.450012,-103.200012,3320.000000
33210.000000,-0.464355,0.070801,0.903808,3321.000000,0.913620,-0.360489,-0.080109,3321.000000,18.149963,-24.450012,-103.200012,3321.000000
33220.000000,-0.453613,0.076660,0.874023,3322.000000,0.242233,-1.214981,-0.568390,3322.000000,17.549957,-24.450012,-102.900009,3322.000000
33230.000000,-0.454101,0.081055,0.879394,3323.000000,0.242233,-0.543594,-0.202179,3323.000000,17.549957,-25.200012,-104.700012,3323.000000
33240.000000,-0.455566,0.076172,0.887695,3324.000000,0.120163,-0.482559,-0.385284,3324.000000,19.799957,-25.200012,-104.700012,3324.000000
33250.000000,-0.450195,0.062988,0.893554,3325.000000,0.059128,-0.482559,0.648499,3325.000000,19.049957,-25.050003,-101.250000,3325.000000
33260.000000,-0.458496,0.073242,0.892578,3326.000000,-0.181198,-0.543594,0.282288,3326.000000,19.049957,-25.500000,-101.700012,3326.000000
33270.000000,-0.471680,0.072754,0.886230,3327.000000,-0.547409,-0.543594,-0.019073,3327.000000,17.999954,-25.500000,-101.700012,3327.000000
33280.000000,-0.467285,0.079590,0.888183,3328.000000,-0.791550,-0.360489,-0.446320,3328.000000,18.749954,-25.050003,-102.000000,3328.000000
33290.000000,-0.467773,0.074707,0.881347,3329.000000,-0.059128,-0.116348,0.160217,3329.000000,17.699966,-26.550003,-102.000000,3329.000000
33300.000000,-0.454101,0.079590,0.888672,3330.000000,0.303268,-0.238419,-0.141144,3330.000000,17.699966,-25.050003,-102.450012,3330.000000
33310.000000,-0.461426,0.077148,0.885254,3331.000000,0.730515,-0.482559,-0.080109,3331.000000,18.449966,-25.050003,-102.450012,3331.000000
33320.000000,-0.451660,0.069336,0.877929,3332.000000,0.730515,-0.604630,0.221252,3332.000000,17.999954,-25.050003,-102.750000,3332.000000
33330.000000,-0.451172,0.079590,0.888672,3333.000000,0.974655,-1.092911,-0.446320,3333.000000,17.999954,-25.500000,-103.800003,3333.000000
33340.000000,-0.443848,0.071777,0.886719,3334.000000,0.730515,-0.787735,-0.019073,3334.000000,17.699966,-25.500000,-103.800003,3334.000000
33350.000000,-0.454101,0.071777,0.898437,3335.000000,0.120163,-0.726700,-0.324249,3335.000000,17.999954,-24.300003,-102.450012,3335.000000
33360.000000,-0.459473,0.061035,0.891601,3336.000000,0.181198,-0.787735,-0.629425,3336.000000,17.999954,-26.250000,-103.500000,3336.000000
33370.000000,-0.455078,0.077148,0.890136,3337.000000,1.035690,-0.299454,0.221252,3337.000000,19.349960,-26.250000,-103.500000,3337.000000
33380.000000,-0.457031,0.081055,0.899414,3338.000000,0.547409,0.001907,-0.141144,3338.000000,19.349960,-24.900009,-102.600006,3338.000000
33390.000000,-0.469238,0.079102,0.895508,3339.000000,0.364304,0.123978,-0.568390,3339.000000,19.049957,-24.900009,-102.600006,3339.000000
33400.000000,-0.455566,0.079590,0.892578,3340.000000,-0.059128,0.123978,0.343323,3340.000000,18.599960,-25.050003,-103.500000,3340.000000
33410.000000,-0.443848,0.075195,0.895996,3341.000000,-0.242233,-0.116348,-0.324249,3341.000000,18.599960,-24.450012,-102.900009,3341.000000
33420.000000,-0.464844,0.082520,0.892578,3342.000000,0.181198,-0.360489,-0.446320,3342.000000,17.699966,-24.450012,-102.900009,3342.000000
33430.000000,-0.448242,0.080078,0.893066,3343.000000,0.547409,-0.909805,-0.202179,3343.000000,17.249954,-25.050003,-103.050003,3343.000000
33440.000000,-0.457519,0.079102,0.894531,3344.000000,0.547409,-0.665665,0.160217,3344.000000,16.949966,-25.050003,-102.750000,3344.000000
33450.000000,-0.456543,0.075195,0.896484,3345.000000,0.913620,-0.726700,-0.202179,3345.000000,16.949966,-26.250000,-103.050003,3345.000000
33460.000000,-0.454590,0.075684,0.894531,3346.000000,0.059128,-0.787735,-0.019073,3346.000000,18.149963,-26.250000,-103.050003,3346.000000
33470.000000,-0.451172,0.077637,0.897461,3347.000000,-0.059128,-0.116348,0.282288,3347.000000,17.099960,-24.150009,-103.650009,3347.000000
33480.000000,-0.458008,0.067871,0.896972,3348.000000,0.730515,-0.360489,0.221252,3348.000000,17.099960,-25.650009,-102.600006,3348.000000
33490.000000,-0.460449,0.086914,0.890625,3349.000000,-0.242233,-0.604630,0.465393,3349.000000,19.349960,-25.650009,-102.600006,3349.000000
33500.000000,-0.461426,0.081055,0.889160,3350.000000,0.303268,0.001907,0.160217,3350.000000,18.899963,-25.650009,-101.850006,3350.000000
33510.000000,-0.449707,0.073730,0.883301,3351.000000,0.120163,0.001907,-0.568390,3351.000000,18.899963,-25.200012,-103.950012,3351.000000
33520.000000,-0.458984,0.080566,0.891601,3352.000000,0.000000,0.307083,0.404358,3352.000000,18.599960,-25.200012,-103.950012,3352.000000
33530.000000,-0.463867,0.075684,0.890625,3353.000000,0.303268,0.062943,-0.202179,3353.000000,18.449966,-24.150009,-103.200012,3353.000000
33540.000000,-0.453125,0.076172,0.892090,3354.000000,0.242233,-0.116348,-0.080109,3354.000000,18.449966,-25.050003,-103.500000,3354.000000
33550.000000,-0.455566,0.077148,0.890136,3355.000000,0.181198,-0.238419,0.404358,3355.000000,17.849960,-25.050003,-103.500000,3355.000000
33560.000000,-0.452148,0.087402,0.880859,3356.000000,-0.181198,0.001907,0.038147,3356.000000,19.049957,-25.650009,-102.150009,3356.000000
33570.000000,-0.467285,0.080566,0.896972,3357.000000,0.303268,-0.543594,-0.690460,3357.000000,19.049957,-24.750000,-103.050003,3357.000000
33580.000000,-0.453613,0.062500,0.891601,3358.000000,0.547409,-0.482559,-0.507355,3358.000000,17.249954,-24.750000,-103.050003,3358.000000
33590.000000,-0.464844,0.074707,0.903320,3359.000000,-0.242233,-0.238419,-0.202179,3359.000000,17.999954,-25.800003,-102.450012,3359.000000
33600.000000,-0.455566,0.077637,0.886230,3360.000000,0.120163,-0.177383,-0.812531,3360.000000,17.699966,-25.500000,-102.750000,3360.000000
33610.000000,-0.460937,0.075195,0.899414,3361.000000,-0.120163,-0.177383,-0.080109,3361.000000,17.699966,-24.750000,-102.750000,3361.000000
33620.000000,-0.451172,0.091797,0.897949,3362.000000,0.730515,-0.116348,-0.141144,3362.000000,18.449966,-24.750000,-102.750000,3362.000000
33630.000000,-0.458496,0.077148,0.884765,3363.000000,0.730515,-0.299454,0.099182,3363.000000,17.099960,-26.250000,-103.050003,3363.000000
33640.000000,-0.460449,0.083008,0.892578,3364.000000,-0.059128,-0.116348,-0.019073,3364.000000,17.099960,-23.850006,-102.600006,3364.000000
33650.000000,-0.448730,0.082031,0.893554,3365.000000,-0.303268,0.062943,0.282288,3365.000000,17.099960,-23.850006,-102.600006,3365.000000
33660.000000,-0.451172,0.071777,0.889648,3366.000000,-0.364304,-0.116348,0.221252,3366.000000,17.099960,-26.400009,-103.950012,3366.000000
33670.000000,-0.458496,0.079590,0.888672,3367.000000,-0.547409,0.123978,0.099182,3367.000000,18.599960,-25.650009,-103.200012,3367.000000
33680.000000,-0.456543,0.074219,0.893066,3368.000000,-0.059128,0.429153,0.221252,3368.000000,17.849960,-25.950012,-102.600006,3368.000000
33690.000000,-0.462402,0.073730,0.894531,3369.000000,0.000000,-0.177383,0.343323,3369.000000,17.849960,-25.950012,-102.900009,3369.000000
33700.000000,-0.450683,0.066406,0.888183,3370.000000,-0.059128,0.246048,-0.507355,3370.000000,19.349960,-25.950012,-102.900009,3370.000000
33710.000000,-0.455078,0.084961,0.895508,3371.000000,-0.120163,0.368118,-0.568390,3371.000000,16.349960,-25.200012,-102.900009,3371.000000
33720.000000,-0.447754,0.069336,0.885742,3372.000000,0.364304,-0.116348,-0.202179,3372.000000,16.349960,-24.900009,-103.200012,3372.000000
33730.000000,-0.456543,0.088379,0.907226,3373.000000,0.000000,-0.055313,-0.507355,3373.000000,19.349960,-24.900009,-103.200012,3373.000000
33740.000000,-0.456055,0.087891,0.894531,3374.000000,-0.242233,-0.177383,-0.324249,3374.000000,17.849960,-24.450012,-103.200012,3374.000000
33750.000000,-0.455566,0.081543,0.899414,3375.000000,-0.059128,0.246048,-0.080109,3375.000000,17.699966,-25.650009,-102.900009,3375.000000
33760.000000,-0.479980,0.069824,0.883789,3376.000000,0.059128,-0.055313,-0.263214,3376.000000,17.699966,-25.800003,-102.750000,3376.000000
33770.000000,-0.456543,0.071289,0.887207,3377.000000,-0.120163,-0.726700,0.221252,3377.000000,18.449966,-25.800003,-102.750000,3377.000000
33780.000000,-0.454590,0.069824,0.882812,3378.000000,0.364304,-0.604630,-0.202179,3378.000000,17.699966,-25.050003,-102.750000,3378.000000
33790.000000,-0.455078,0.079590,0.895019,3379.000000,-0.303268,-0.299454,-0.202179,3379.000000,17.699966,-24.750000,-103.050003,3379.000000
33800.000000,-0.458008,0.086914,0.891113,3380.000000,-0.181198,-0.116348,0.648499,3380.000000,18.449966,-24.750000,-103.050003,3380.000000
33810.000000,-0.465332,0.085937,0.885742,3381.000000,-0.425339,0.062943,0.282288,3381.000000,16.949966,-25.050003,-102.450012,3381.000000
33820.000000,-0.456543,0.072266,0.882812,3382.000000,0.120163,-0.238419,-0.324249,3382.000000,16.949966,-24.750000,-104.850006,3382.000000
33830.000000,-0.465820,0.068359,0.885254,3383.000000,0.181198,-0.116348,-0.141144,3383.000000,17.849960,-24.750000,-104.850006,3383.000000
33840.000000,-0.458984,0.071289,0.887695,3384.000000,0.547409,0.368118,0.404358,3384.000000,16.649963,-25.200012,-103.650009,3384.000000
33850.000000,-0.462891,0.074707,0.889648,3385.000000,0.120163,-0.482559,-0.202179,3385.000000,16.649963,-24.000000,-101.700012,3385.000000
33860.000000,-0.453613,0.082520,0.896484,3386.000000,0.364304,-0.848770,-0.507355,3386.000000,18.149963,-24.000000,-101.700012,3386.000000
33870.000000,-0.452637,0.074219,0.889648,3387.000000,0.486374,-0.421524,0.221252,3387.000000,17.699966,-25.200012,-102.900009,3387.000000
33880.000000,-0.470215,0.071289,0.896972,3388.000000,0.425339,-0.726700,-0.019073,3388.000000,17.699966,-25.800003,-103.050003,3388.000000
33890.000000,-0.458008,0.074219,0.896972,3389.000000,0.608444,-0.055313,-0.324249,3389.000000,17.699966,-25.800003,-103.050003,3389.000000
33900.000000,-0.456543,0.074707,0.888672,3390.000000,-0.181198,0.490189,-0.080109,3390.000000,17.549957,-25.050003,-102.750000,3390.000000
33910.000000,-0.461426,0.080078,0.882324,3391.000000,0.242233,0.612259,-0.080109,3391.000000,18.599960,-25.200012,-102.150009,3391.000000
33920.000000,-0.448730,0.072266,0.888672,3392.000000,-0.120163,0.123978,-0.385284,3392.000000,18.599960,-25.200012,-103.200012,3392.000000
33930.000000,-0.458984,0.071777,0.899414,3393.000000,0.303268,-0.116348,0.282288,3393.000000,18.899963,-25.200012,-103.200012,3393.000000
33940.000000,-0.448242,0.072754,0.893554,3394.000000,-0.181198,-0.055313,0.465393,3394.000000,19.049957,-24.900009,-102.900009,3394.000000
33950.000000,-0.463867,0.070801,0.876465,3395.000000,-0.425339,-0.604630,-0.019073,3395.000000,19.049957,-25.800003,-103.800003,3395.000000
33960.000000,-0.466308,0.068359,0.890625,3396.000000,0.425339,0.490189,-0.141144,3396.000000,15.749954,-25.800003,-103.800003,3396.000000
33970.000000,-0.458008,0.072266,0.889160,3397.000000,0.547409,0.368118,-0.263214,3397.000000,17.549957,-23.850006,-102.900009,3397.000000
33980.000000,-0.457031,0.085937,0.898926,3398.000000,-0.425339,0.368118,0.404358,3398.000000,18.149963,-25.200012,-100.800003,3398.000000
33990.000000,-0.458008,0.072754,0.896484,3399.000000,-0.059128,-0.238419,0.160217,3399.000000,17.699966,-25.650009,-102.600006,3399.000000
34000.000000,-0.447754,0.077637,0.907715,3400.000000,0.547409,-0.116348,0.160217,3400.000000,17.699966,-25.800003,-102.750000,3400.000000
34010.000000,-0.451172,0.074219,0.889160,3401.000000,0.120163,-0.116348,0.465393,3401.000000,17.999954,-25.800003,-102.750000,3401.000000
34020.000000,-0.451172,0.082520,0.886230,3402.000000,0.303268,-0.055313,0.160217,3402.000000,18.449966,-25.500000,-104.100006,3402.000000
34030.000000,-0.465332,0.074707,0.893066,3403.000000,0.303268,0.368118,-0.202179,3403.000000,18.449966,-26.250000,-103.800003,3403.000000
34040.000000,-0.454590,0.075195,0.881347,3404.000000,-0.547409,0.185013,0.221252,3404.000000,17.999954,-26.250000,-103.800003,3404.000000
34050.000000,-0.468750,0.076660,0.886230,3405.000000,-0.669479,0.734329,-0.385284,3405.000000,18.149963,-26.550003,-103.050003,3405.000000
34060.000000,-0.447266,0.074707,0.891113,3406.000000,-0.425339,0.185013,-0.629425,3406.000000,19.349960,-24.900009,-102.900009,3406.000000
34070.000000,-0.449707,0.086914,0.892578,3407.000000,-0.852585,0.307083,-0.385284,3407.000000,19.349960,-24.900009,-102.150009,3407.000000
34080.000000,-0.450683,0.083008,0.893554,3408.000000,0.120163,0.429153,-0.629425,3408.000000,17.999954,-24.900009,-102.150009,3408.000000
34090.000000,-0.451660,0.078125,0.888183,3409.000000,-0.425339,0.123978,-0.019073,3409.000000,18.149963,-25.500000,-101.700012,3409.000000
34100.000000,-0.462402,0.075195,0.892090,3410.000000,-0.242233,-0.299454,-0.385284,3410.000000,18.149963,-25.200012,-102.150009,3410.000000
34110.000000,-0.462402,0.078125,0.893554,3411.000000,0.059128,-0.116348,-0.141144,3411.000000,19.949966,-25.200012,-102.150009,3411.000000
34120.000000,-0.443359,0.071777,0.886230,3412.000000,0.669479,0.490189,-0.263214,3412.000000,18.149963,-24.900009,-103.200012,3412.000000
34130.000000,-0.452148,0.087891,0.893066,3413.000000,0.059128,0.123978,0.282288,3413.000000,18.149963,-25.950012,-103.200012,3413.000000
34140.000000,-0.457519,0.075684,0.893554,3414.000000,-0.303268,0.307083,0.160217,3414.000000,18.599960,-25.950012,-103.200012,3414.000000
34150.000000,-0.467773,0.075684,0.896972,3415.000000,0.486374,0.246048,0.038147,3415.000000,17.699966,-26.700012,-104.400009,3415.000000
34160.000000,-0.457031,0.078125,0.895508,3416.000000,0.120163,0.185013,-0.568390,3416.000000,17.699966,-25.800003,-102.750000,3416.000000
34170.000000,-0.449707,0.074219,0.883301,3417.000000,0.608444,-0.482559,0.404358,3417.000000,18.599960,-25.800003,-102.750000,3417.000000
34180.000000,-0.462402,0.077637,0.884277,3418.000000,0.364304,-0.116348,0.221252,3418.000000,18.449966,-25.650009,-102.900009,3418.000000
34190.000000,-0.457031,0.070801,0.890625,3419.000000,0.608444,-0.665665,-0.080109,3419.000000,18.449966,-24.300003,-102.000000,3419.000000
34200.000000,-0.464355,0.086426,0.876953,3420.000000,0.364304,0.123978,0.709534,3420.000000,18.599960,-24.300003,-102.000000,3420.000000
34210.000000,-0.451660,0.078125,0.879394,3421.000000,-0.242233,-0.177383,0.099182,3421.000000,17.549957,-25.200012,-103.200012,3421.000000
34220.000000,-0.457519,0.070312,0.889160,3422.000000,0.000000,-0.360489,-0.019073,3422.000000,18.149963,-26.700012,-103.950012,3422.000000
34230.000000,-0.457519,0.066406,0.885254,3423.000000,0.120163,-0.482559,0.282288,3423.000000,18.149963,-25.650009,-102.150009,3423.000000
34240.000000,-0.453125,0.078125,0.884277,3424.000000,-0.120163,0.001907,0.038147,3424.000000,18.899963,-25.650009,-102.150009,3424.000000
34250.000000,-0.464355,0.077637,0.899902,3425.000000,0.181198,0.001907,-0.080109,3425.000000,17.849960,-24.900009,-102.900009,3425.000000
34260.000000,-0.451660,0.071289,0.884765,3426.000000,0.120163,-0.177383,0.526428,3426.000000,17.849960,-25.200012,-101.850006,3426.000000
34270.000000,-0.461426,0.068359,0.898926,3427.000000,0.303268,0.062943,0.526428,3427.000000,18.749954,-25.200012,-101.850006,3427.000000
34280.000000,-0.450195,0.089355,0.894531,3428.000000,-0.486374,0.001907,0.343323,3428.000000,18.749954,-23.550003,-103.050003,3428.000000
34290.000000,-0.452148,0.069824,0.887695,3429.000000,0.364304,-0.116348,0.160217,3429.000000,16.349960,-23.550003,-103.050003,3429.000000
34300.000000,-0.461914,0.075195,0.881836,3430.000000,0.120163,0.368118,-0.080109,3430.000000,17.699966,-25.200012,-102.900009,3430.000000
34310.000000,-0.458008,0.072754,0.900390,3431.000000,-0.181198,0.123978,-0.202179,3431.000000,17.699966,-24.750000,-103.800003,3431.000000
34320.000000,-0.460449,0.078125,0.901855,3432.000000,0.486374,0.246048,0.160217,3432.000000,17.999954,-24.750000,-103.800003,3432.000000
34330.000000,-0.467285,0.072266,0.889648,3433.000000,-0.913620,0.246048,0.282288,3433.000000,16.949966,-25.500000,-102.750000,3433.000000
34340.000000,-0.459961,0.070801,0.897949,3434.000000,-0.120163,0.123978,0.038147,3434.000000,16.949966,-25.500000,-104.100006,3434.000000
34350.000000,-0.455078,0.062012,0.886719,3435.000000,0.181198,0.307083,0.221252,3435.000000,17.699966,-25.500000,-104.100006,3435.000000
34360.000000,-0.462402,0.073730,0.899414,3436.000000,-0.425339,-0.360489,0.038147,3436.000000,18.149963,-25.800003,-103.500000,3436.000000
34370.000000,-0.458984,0.079102,0.892578,3437.000000,0.000000,-0.177383,0.160217,3437.000000,18.599960,-24.450012,-102.900009,3437.000000
34380.000000,-0.453613,0.073242,0.880859,3438.000000,-0.486374,-0.482559,-0.080109,3438.000000,18.599960,-24.900009,-101.100006,3438.000000
34390.000000,-0.466308,0.079102,0.887695,3439.000000,0.364304,0.185013,0.099182,3439.000000,18.599960,-24.900009,-101.100006,3439.000000
34400.000000,-0.458008,0.078613,0.901855,3440.000000,0.059128,-0.177383,-0.019073,3440.000000,17.699966,-25.650009,-102.150009,3440.000000
34410.000000,-0.449219,0.074707,0.878418,3441.000000,0.000000,0.123978,-0.507355,3441.000000,17.699966,-26.250000,-103.050003,3441.000000
34420.000000,-0.461426,0.073242,0.902832,3442.000000,-0.303268,0.123978,-0.263214,3442.000000,18.899963,-26.250000,-103.050003,3442.000000
34430.000000,-0.454101,0.081055,0.896484,3443.000000,0.059128,0.490189,-0.080109,3443.000000,18.899963,-24.900009,-103.650009,3443.000000
34440.000000,-0.473633,0.080078,0.896484,3444.000000,0.059128,0.490189,-0.019073,3444.000000,18.899963,-24.150009,-103.650009,3444.000000
34450.000000,-0.451172,0.061523,0.890136,3445.000000,0.120163,-0.482559,-0.202179,3445.000000,17.549957,-24.150009,-103.650009,3445.000000
34460.000000,-0.464844,0.087891,0.902344,3446.000000,0.486374,0.246048,-0.202179,3446.000000,18.899963,-25.650009,-103.950012,3446.000000
34470.000000,-0.456543,0.083984,0.895019,3447.000000,0.000000,-0.299454,-0.141144,3447.000000,18.899963,-24.450012,-102.150009,3447.000000
34480.000000,-0.452637,0.069336,0.894531,3448.000000,0.608444,-0.177383,0.221252,3448.000000,17.999954,-24.450012,-102.150009,3448.000000
34490.000000,-0.462402,0.090820,0.889648,3449.000000,0.120163,0.123978,-0.080109,3449.000000,19.049957,-25.050003,-101.700012,3449.000000
34500.000000,-0.453125,0.080078,0.882324,3450.000000,-0.242233,0.490189,0.343323,3450.000000,19.049957,-24.750000,-103.050003,3450.000000
34510.000000,-0.454590,0.080566,0.888183,3451.000000,0.120163,0.429153,-0.202179,3451.000000,18.149963,-24.750000,-103.050003,3451.000000
34520.000000,-0.466308,0.087402,0.890136,3452.000000,-0.059128,0.062943,0.221252,3452.000000,17.849960,-25.200012,-102.150009,3452.000000
34530.000000,-0.467285,0.092773,0.880371,3453.000000,0.000000,-0.055313,-0.263214,3453.000000,19.949966,-25.950012,-102.600006,3453.000000
34540.000000,-0.456055,0.089844,0.894531,3454.000000,0.000000,-0.360489,0.526428,3454.000000,18.149963,-25.650009,-103.650009,3454.000000
34550.000000,-0.447754,0.083496,0.896484,3455.000000,0.000000,-0.299454,0.282288,3455.000000,18.599960,-25.200012,-103.200012,3455.000000
34560.000000,-0.467773,0.082520,0.906250,3456.000000,-0.181198,-0.177383,0.038147,3456.000000,18.599960,-25.200012,-103.950012,3456.000000
34570.000000,-0.462402,0.074707,0.888183,3457.000000,0.059128,-0.360489,0.404358,3457.000000,19.349960,-25.200012,-103.950012,3457.000000
34580.000000,-0.459961,0.073730,0.894043,3458.000000,0.120163,0.368118,-0.263214,3458.000000,17.699966,-25.650009,-102.600006,3458.000000
34590.000000,-0.460937,0.067383,0.885254,3459.000000,-0.303268,0.001907,0.038147,3459.000000,17.699966,-25.800003,-101.700012,3459.000000
34600.000000,-0.461914,0.086426,0.899414,3460.000000,0.000000,0.185013,0.099182,3460.000000,18.749954,-25.800003,-101.700012,3460.000000
34610.000000,-0.458008,0.077637,0.878418,3461.000000,0.486374,0.551224,0.038147,3461.000000,17.699966,-24.750000,-103.500000,3461.000000
34620.000000,-0.458496,0.077148,0.895508,3462.000000,-0.425339,0.185013,0.038147,3462.000000,17.699966,-25.500000,-103.050003,3462.000000
34630.000000,-0.463379,0.091309,0.884765,3463.000000,0.303268,0.368118,0.343323,3463.000000,18.149963,-25.500000,-103.050003,3463.000000
34640.000000,-0.444824,0.074707,0.883789,3464.000000,0.608444,-0.238419,0.343323,3464.000000,17.849960,-25.200012,-102.900009,3464.000000
34650.000000,-0.459961,0.070801,0.883301,3465.000000,0.181198,0.307083,0.465393,3465.000000,17.849960,-23.100006,-102.600006,3465.000000
34660.000000,-0.473144,0.081543,0.895019,3466.000000,0.000000,0.490189,0.404358,3466.000000,18.149963,-23.100006,-102.600006,3466.000000
34670.000000,-0.460449,0.075195,0.894531,3467.000000,0.120163,0.001907,0.526428,3467.000000,17.849960,-24.900009,-103.650009,3467.000000
34680.000000,-0.453613,0.083496,0.889160,3468.000000,-0.303268,0.612259,0.465393,3468.000000,17.549957,-25.200012,-101.850006,3468.000000
34690.000000,-0.467285,0.075195,0.897949,3469.000000,-0.364304,0.429153,0.099182,3469.000000,17.549957,-25.650009,-102.900009,3469.000000
34700.000000,-0.456543,0.075684,0.892578,3470.000000,-0.181198,0.307083,0.343323,3470.000000,16.799957,-25.650009,-102.900009,3470.000000
34710.000000,-0.454590,0.068848,0.897949,3471.000000,0.059128,0.612259,-0.080109,3471.000000,17.549957,-24.900009,-102.600006,3471.000000
34720.000000,-0.454101,0.068359,0.885254,3472.000000,-0.486374,0.429153,0.099182,3472.000000,17.549957,-25.650009,-104.400009,3472.000000
34730.000000,-0.454101,0.076172,0.884277,3473.000000,0.486374,0.307083,-0.141144,3473.000000,17.699966,-25.650009,-104.400009,3473.000000
34740.000000,-0.454590,0.080078,0.888183,3474.000000,0.425339,-0.055313,-0.080109,3474.000000,19.799957,-26.250000,-103.500000,3474.000000
34750.000000,-0.463379,0.081055,0.895019,3475.000000,0.486374,-0.177383,-0.385284,3475.000000,19.799957,-25.050003,-103.050003,3475.000000
34760.000000,-0.455566,0.084961,0.887207,3476.000000,0.181198,-0.116348,-0.446320,3476.000000,17.999954,-25.050003,-103.050003,3476.000000
34770.000000,-0.459961,0.080566,0.897949,3477.000000,0.120163,0.551224,0.038147,3477.000000,16.649963,-26.550003,-102.450012,3477.000000
34780.000000,-0.458984,0.081055,0.883789,3478.000000,-0.364304,0.123978,-0.324249,3478.000000,16.649963,-25.800003,-102.450012,3478.000000
34790.000000,-0.452148,0.083496,0.895508,3479.000000,-0.120163,0.307083,-0.141144,3479.000000,16.949966,-25.800003,-102.450012,3479.000000
34800.000000,-0.463867,0.089844,0.884765,3480.000000,-0.364304,-0.238419,0.099182,3480.000000,16.799957,-25.050003,-103.050003,3480.000000
34810.000000,-0.458496,0.074219,0.888183,3481.000000,0.242233,0.368118,-0.202179,3481.000000,16.799957,-25.200012,-103.200012,3481.000000
34820.000000,-0.461914,0.078125,0.892578,3482.000000,0.425339,-0.177383,-0.629425,3482.000000,17.849960,-25.200012,-103.200012,3482.000000
34830.000000,-0.453613,0.079102,0.892090,3483.000000,0.547409,-0.055313,-0.385284,3483.000000,17.999954,-27.150009,-102.150009,3483.000000
34840.000000,-0.456055,0.073242,0.885742,3484.000000,0.242233,-0.726700,-0.385284,3484.000000,19.049957,-26.250000,-103.050003,3484.000000
34850.000000,-0.460937,0.071777,0.880859,3485.000000,0.425339,-0.360489,-0.202179,3485.000000,19.049957,-25.800003,-102.450012,3485.000000
34860.000000,-0.451172,0.095703,0.880371,3486.000000,-0.120163,-0.604630,-0.873566,3486.000000,18.449966,-25.800003,-102.450012,3486.000000
34870.000000,-0.460937,0.105469,0.883789,3487.000000,-0.364304,-0.421524,-0.629425,3487.000000,17.849960,-24.750000,-102.750000,3487.000000
34880.000000,-0.447266,0.080566,0.894531,3488.000000,-0.059128,-0.726700,-0.934601,3488.000000,17.999954,-24.450012,-102.150009,3488.000000
34890.000000,-0.468750,0.075684,0.889648,3489.000000,0.059128,-0.360489,-0.629425,3489.000000,17.849960,-24.750000,-104.100006,3489.000000
34900.000000,-0.464355,0.086426,0.902344,3490.000000,-0.486374,0.185013,-0.507355,3490.000000,17.849960,-25.200012,-103.650009,3490.000000
34910.000000,-0.449219,0.090332,0.888183,3491.000000,0.181198,-0.116348,-0.629425,3491.000000,16.799957,-25.200012,-103.650009,3491.000000
34920.000000,-0.460937,0.070801,0.891113,3492.000000,0.000000,-0.055313,-0.263214,3492.000000,19.049957,-24.900009,-104.400009,3492.000000
34930.000000,-0.458496,0.087891,0.904297,3493.000000,0.181198,-0.421524,0.526428,3493.000000,19.049957,-25.050003,-103.050003,3493.000000
34940.000000,-0.446777,0.083496,0.893554,3494.000000,0.364304,-0.726700,0.099182,3494.000000,17.099960,-25.050003,-103.050003,3494.000000
34950.000000,-0.475586,0.077148,0.890625,3495.000000,0.242233,-0.726700,0.038147,3495.000000,17.699966,-25.200012,-102.600006,3495.000000
34960.000000,-0.450195,0.076172,0.886230,3496.000000,0.364304,-0.970840,-0.263214,3496.000000,17.699966,-26.550003,-103.050003,3496.000000
34970.000000,-0.456055,0.058105,0.894043,3497.000000,0.425339,-0.909805,-0.385284,3497.000000,17.699966,-26.550003,-103.050003,3497.000000
34980.000000,-0.450195,0.075195,0.895019,3498.000000,0.000000,-0.482559,-0.080109,3498.000000,17.549957,-24.300003,-104.100006,3498.000000
34990.000000,-0.448242,0.077637,0.888183,3499.000000,-0.608444,-0.604630,-0.568390,3499.000000,17.849960,-25.200012,-102.600006,3499.000000
35000.000000,-0.462891,0.072266,0.884277,3500.000000,-0.791550,-0.970840,-0.385284,3500.000000,17.849960,-25.950012,-103.950012,3500.000000
35010.000000,-0.447754,0.073242,0.879883,3501.000000,-0.669479,-0.604630,-0.629425,3501.000000,18.599960,-25.950012,-103.950012,3501.000000
35020.000000,-0.457031,0.066895,0.893554,3502.000000,-0.608444,-0.604630,0.038147,3502.000000,17.999954,-25.950012,-103.200012,3502.000000
35030.000000,-0.454101,0.071777,0.883301,3503.000000,-0.242233,-0.421524,-0.263214,3503.000000,17.999954,-25.800003,-103.050003,3503.000000
35040.000000,-0.448730,0.082520,0.886719,3504.000000,0.303268,-0.482559,-0.812531,3504.000000,17.849960,-25.800003,-103.050003,3504.000000
35050.000000,-0.459473,0.075195,0.893066,3505.000000,0.181198,-0.543594,-0.568390,3505.000000,18.449966,-25.200012,-103.650009,3505.000000
35060.000000,-0.453125,0.091309,0.891601,3506.000000,0.059128,-0.360489,-0.751495,3506.000000,18.449966,-25.050003,-103.500000,3506.000000
35070.000000,-0.459961,0.081543,0.898437,3507.000000,-0.669479,-0.421524,-0.141144,3507.000000,17.999954,-25.050003,-103.500000,3507.000000
35080.000000,-0.458984,0.073730,0.886230,3508.000000,-0.120163,-0.543594,0.282288,3508.000000,18.149963,-24.750000,-102.750000,3508.000000
35090.000000,-0.455078,0.084473,0.885254,3509.000000,-0.486374,-0.299454,-0.141144,3509.000000,18.149963,-24.900009,-102.900009,3509.000000
35100.000000,-0.465332,0.080078,0.873047,3510.000000,0.425339,-0.482559,-0.019073,3510.000000,18.149963,-24.900009,-102.900009,3510.000000
35110.000000,-0.446777,0.080078,0.899414,3511.000000,-0.242233,-0.604630,0.099182,3511.000000,17.699966,-24.900009,-101.850006,3511.000000
35120.000000,-0.467773,0.075684,0.892578,3512.000000,0.181198,-0.604630,-0.385284,3512.000000,17.699966,-25.800003,-103.800003,3512.000000
35130.000000,-0.447754,0.076172,0.893066,3513.000000,0.547409,-0.970840,0.099182,3513.000000,17.549957,-25.800003,-103.800003,3513.000000
35140.000000,-0.443359,0.072266,0.890625,3514.000000,0.425339,-0.482559,0.038147,3514.000000,18.599960,-25.650009,-103.200012,3514.000000
35150.000000,-0.447266,0.083008,0.885742,3515.000000,-0.364304,-0.787735,0.038147,3515.000000,18.599960,-24.450012,-103.200012,3515.000000
35160.000000,-0.455566,0.070801,0.889648,3516.000000,0.000000,-0.360489,-0.507355,3516.000000,18.599960,-26.400009,-101.850006,3516.000000
35170.000000,-0.450683,0.084473,0.879883,3517.000000,0.486374,-0.238419,-0.141144,3517.000000,17.999954,-26.400009,-101.850006,3517.000000
35180.000000,-0.458008,0.087891,0.891601,3518.000000,0.242233,-0.360489,-0.446320,3518.000000,17.999954,-26.250000,-103.050003,3518.000000
35190.000000,-0.456055,0.079590,0.886719,3519.000000,-0.120163,-0.421524,-0.446320,3519.000000,17.849960,-26.250000,-103.050003,3519.000000
35200.000000,-0.454590,0.089355,0.899414,3520.000000,-0.059128,-0.726700,-0.446320,3520.000000,17.549957,-25.650009,-102.900009,3520.000000
35210.000000,-0.457519,0.074219,0.890625,3521.000000,0.000000,-0.360489,0.221252,3521.000000,17.549957,-24.900009,-102.600006,3521.000000
35220.000000,-0.461914,0.074219,0.893066,3522.000000,-0.913620,-0.116348,-0.141144,3522.000000,17.549957,-24.900009,-102.600006,3522.000000
35230.000000,-0.451172,0.084961,0.886719,3523.000000,-0.364304,-0.543594,0.221252,3523.000000,19.049957,-25.200012,-103.650009,3523.000000
35240.000000,-0.465820,0.079590,0.904297,3524.000000,-0.669479,-0.238419,0.404358,3524.000000,19.049957,-26.550003,-103.050003,3524.000000
35250.000000,-0.458496,0.084473,0.899902,3525.000000,-0.425339,-0.055313,0.526428,3525.000000,18.149963,-26.550003,-103.050003,3525.000000
35260.000000,-0.465332,0.079590,0.899414,3526.000000,-0.425339,-0.238419,-0.324249,3526.000000,18.899963,-24.450012,-102.600006,3526.000000
35270.000000,-0.458496,0.074707,0.896972,3527.000000,0.000000,0.062943,-0.141144,3527.000000,18.899963,-25.200012,-104.400009,3527.000000
35280.000000,-0.461914,0.069336,0.898926,3528.000000,0.242233,-0.543594,0.038147,3528.000000,19.349960,-25.200012,-104.400009,3528.000000
35290.000000,-0.457519,0.069824,0.878906,3529.000000,0.181198,0.123978,-0.202179,3529.000000,17.249954,-24.450012,-102.150009,3529.000000
35300.000000,-0.445312,0.075684,0.898926,3530.000000,0.059128,-0.360489,-0.202179,3530.000000,17.849960,-25.050003,-103.050003,3530.000000
35310.000000,-0.448242,0.082031,0.891113,3531.000000,-0.181198,0.185013,-0.812531,3531.000000,17.849960,-25.650009,-102.600006,3531.000000
35320.000000,-0.464355,0.089844,0.892578,3532.000000,-0.608444,-0.177383,-0.324249,3532.000000,18.149963,-25.650009,-102.600006,3532.000000
35330.000000,-0.460937,0.077148,0.888672,3533.000000,-0.486374,-0.360489,-0.202179,3533.000000,17.549957,-26.400009,-103.650009,3533.000000
35340.000000,-0.458984,0.086914,0.889648,3534.000000,0.059128,0.001907,-0.446320,3534.000000,17.549957,-25.650009,-102.900009,3534.000000
35350.000000,-0.455566,0.077148,0.885254,3535.000000,0.059128,-0.421524,0.343323,3535.000000,17.849960,-25.650009,-102.900009,3535.000000
35360.000000,-0.457519,0.080078,0.891113,3536.000000,0.000000,0.123978,-0.263214,3536.000000,17.849960,-25.950012,-102.600006,3536.000000
35370.000000,-0.455078,0.073242,0.895019,3537.000000,0.120163,-0.482559,-0.141144,3537.000000,17.849960,-25.650009,-101.850006,3537.000000
35380.000000,-0.448242,0.080078,0.899902,3538.000000,-0.547409,-0.055313,-0.141144,3538.000000,17.849960,-25.650009,-101.850006,3538.000000
35390.000000,-0.459961,0.086426,0.887207,3539.000000,0.120163,-0.299454,-0.019073,3539.000000,17.999954,-25.650009,-103.650009,3539.000000
35400.000000,-0.454101,0.072266,0.897461,3540.000000,-0.730515,-0.116348,-0.629425,3540.000000,17.999954,-24.300003,-103.050003,3540.000000
35410.000000,-0.448730,0.070312,0.883301,3541.000000,-0.547409,-0.177383,0.099182,3541.000000,17.099960,-24.300003,-103.050003,3541.000000
35420.000000,-0.443848,0.074707,0.898437,3542.000000,-0.608444,-0.665665,-0.141144,3542.000000,18.449966,-24.900009,-103.650009,3542.000000
35430.000000,-0.465332,0.072266,0.882812,3543.000000,-0.669479,-0.360489,-0.202179,3543.000000,18.449966,-26.250000,-102.000000,3543.000000
35440.000000,-0.455078,0.070312,0.896484,3544.000000,-0.730515,-0.360489,-0.324249,3544.000000,17.099960,-26.250000,-102.000000,3544.000000
35450.000000,-0.455078,0.066895,0.889160,3545.000000,-0.242233,-0.360489,-0.263214,3545.000000,17.549957,-25.950012,-103.650009,3545.000000
35460.000000,-0.447754,0.081055,0.901855,3546.000000,-0.303268,0.123978,0.343323,3546.000000,18.449966,-25.950012,-103.950012,3546.000000
35470.000000,-0.461426,0.074707,0.886719,3547.000000,-0.974655,0.001907,0.160217,3547.000000,17.999954,-25.800003,-102.450012,3547.000000
35480.000000,-0.460937,0.082520,0.896972,3548.000000,-0.913620,-0.116348,-0.690460,3548.000000,18.149963,-25.800003,-102.450012,3548.000000
35490.000000,-0.460449,0.082031,0.895508,3549.000000,-0.730515,-0.055313,0.221252,3549.000000,18.149963,-25.650009,-102.150009,3549.000000
35500.000000,-0.457519,0.070312,0.892090,3550.000000,-0.181198,0.246048,0.038147,3550.000000,17.849960,-25.650009,-102.150009,3550.000000
35510.000000,-0.450195,0.070801,0.887695,3551.000000,-0.974655,-0.482559,-0.080109,3551.000000,17.699966,-25.650009,-101.850006,3551.000000
35520.000000,-0.454101,0.063477,0.896484,3552.000000,-0.608444,0.062943,-0.385284,3552.000000,17.699966,-23.250000,-103.050003,3552.000000
35530.000000,-0.455566,0.077148,0.895508,3553.000000,-0.730515,-0.299454,-0.080109,3553.000000,18.449966,-23.250000,-103.050003,3553.000000
35540.000000,-0.449219,0.080078,0.880371,3554.000000,-0.120163,0.001907,-0.812531,3554.000000,16.799957,-25.800003,-104.550003,3554.000000
35550.000000,-0.456055,0.079102,0.881836,3555.000000,0.000000,0.185013,-0.202179,3555.000000,16.799957,-25.200012,-102.600006,3555.000000
35560.000000,-0.453125,0.071289,0.887695,3556.000000,0.000000,-0.238419,-0.690460,3556.000000,17.849960,-25.200012,-102.600006,3556.000000
35570.000000,-0.467285,0.067871,0.900879,3557.000000,0.356674,0.001907,-0.141144,3557.000000,18.449966,-24.150009,-102.600006,3557.000000
35580.000000,-0.449219,0.071777,0.883301,3558.000000,-0.066757,0.442505,0.085831,3558.000000,18.449966,-24.750000,-101.250000,3558.000000
35590.000000,-0.454101,0.074707,0.902344,3559.000000,-0.371933,0.076294,-0.337601,3559.000000,17.099960,-24.750000,-101.250000,3559.000000
35600.000000,-0.454101,0.080078,0.886230,3560.000000,-0.249863,-0.102997,-0.215530,3560.000000,17.699966,-25.650009,-103.200012,3560.000000
35610.000000,-0.447754,0.078125,0.890136,3561.000000,-0.799179,0.015259,-0.032425,3561.000000,17.099960,-25.500000,-103.050003,3561.000000
35620.000000,-0.444824,0.077637,0.880371,3562.000000,-0.494003,0.137329,-0.215530,3562.000000,17.099960,-25.950012,-101.850006,3562.000000
35630.000000,-0.457519,0.077148,0.895019,3563.000000,-0.310898,-0.041962,-0.337601,3563.000000,19.499954,-25.950012,-101.850006,3563.000000
35640.000000,-0.449707,0.071289,0.887207,3564.000000,-0.738144,-0.408173,-0.459671,3564.000000,17.099960,-25.050003,-102.000000,3564.000000
35650.000000,-0.449219,0.062988,0.888183,3565.000000,-0.310898,0.015259,0.146866,3565.000000,17.099960,-25.650009,-103.950012,3565.000000
35660.000000,-0.457031,0.074707,0.895019,3566.000000,-0.310898,0.320435,-0.398636,3566.000000,16.949966,-25.650009,-103.950012,3566.000000
35670.000000,-0.446289,0.073730,0.898926,3567.000000,-0.127792,0.076294,-0.520706,3567.000000,18.749954,-25.800003,-103.050003,3567.000000
35680.000000,-0.452148,0.080078,0.895996,3568.000000,-0.432968,-0.102997,0.085831,3568.000000,18.749954,-27.000000,-103.050003,3568.000000
35690.000000,-0.445801,0.070312,0.897461,3569.000000,-0.188828,0.015259,-0.154495,3569.000000,17.999954,-27.000000,-103.050003,3569.000000
35700.000000,-0.463867,0.061523,0.887695,3570.000000,0.112534,0.320435,-0.215530,3570.000000,18.449966,-24.750000,-104.100006,3570.000000
35710.000000,-0.454101,0.078613,0.889648,3571.000000,-0.066757,-0.164032,-0.764847,3571.000000,18.449966,-24.300003,-102.750000,3571.000000
35720.000000,-0.462402,0.096191,0.893066,3572.000000,0.295639,0.320435,-0.154495,3572.000000,16.799957,-24.300003,-102.750000,3572.000000
35730.000000,-0.458496,0.084961,0.891601,3573.000000,-0.494003,-0.041962,0.207901,3573.000000,18.749954,-26.400009,-101.850006,3573.000000
35740.000000,-0.447754,0.082031,0.889648,3574.000000,-1.226425,-0.041962,0.085831,3574.000000,18.749954,-24.750000,-103.500000,3574.000000
35750.000000,-0.460937,0.079102,0.882812,3575.000000,-0.494003,-0.225067,-0.642776,3575.000000,18.749954,-24.750000,-103.500000,3575.000000
35760.000000,-0.457519,0.071289,0.895508,3576.000000,-0.494003,-0.164032,0.085831,3576.000000,18.149963,-24.750000,-101.700012,3576.000000
35770.000000,-0.441894,0.079590,0.900390,3577.000000,-0.494003,0.015259,-0.398636,3577.000000,18.899963,-24.900009,-103.200012,3577.000000
35780.000000,-0.452148,0.074707,0.900879,3578.000000,-0.127792,-0.225067,0.146866,3578.000000,18.899963,-26.400009,-103.650009,3578.000000
35790.000000,-0.450683,0.076172,0.888672,3579.000000,-0.310898,0.320435,-0.154495,3579.000000,16.949966,-26.400009,-103.650009,3579.000000
35800.000000,-0.456543,0.068359,0.900879,3580.000000,-0.249863,-0.041962,-0.337601,3580.000000,18.149963,-26.250000,-102.000000,3580.000000
35810.000000,-0.457519,0.075195,0.895996,3581.000000,-0.555038,-0.286102,0.085831,3581.000000,18.149963,-24.450012,-103.200012,3581.000000
35820.000000,-0.453125,0.078125,0.885254,3582.000000,-0.555038,-0.041962,0.329971,3582.000000,16.949966,-24.450012,-103.200012,3582.000000
35830.000000,-0.450683,0.061523,0.885742,3583.000000,-0.188828,0.198364,-0.154495,3583.000000,18.899963,-25.050003,-103.500000,3583.000000
35840.000000,-0.449707,0.069824,0.891601,3584.000000,-0.432968,0.564575,0.085831,3584.000000,18.899963,-24.450012,-101.850006,3584.000000
35850.000000,-0.454590,0.075195,0.883301,3585.000000,-0.005722,0.320435,-0.032425,3585.000000,17.249954,-24.450012,-101.850006,3585.000000
35860.000000,-0.458008,0.072754,0.899902,3586.000000,0.234604,-0.041962,0.146866,3586.000000,18.149963,-26.250000,-102.450012,3586.000000
35870.000000,-0.454101,0.076172,0.884765,3587.000000,0.478745,-0.286102,-0.459671,3587.000000,18.149963,-26.400009,-101.850006,3587.000000
35880.000000,-0.444824,0.082520,0.885742,3588.000000,0.051498,-0.164032,-0.215530,3588.000000,18.149963,-26.400009,-101.850006,3588.000000
35890.000000,-0.450683,0.077148,0.886719,3589.000000,-0.249863,-0.469208,-0.154495,3589.000000,17.849960,-24.900009,-102.600006,3589.000000
35900.000000,-0.453125,0.075195,0.902832,3590.000000,-0.616074,-0.469208,0.329971,3590.000000,17.849960,-25.950012,-102.150009,3590.000000
35910.000000,-0.458984,0.085449,0.901855,3591.000000,-0.249863,-0.286102,-0.032425,3591.000000,17.549957,-25.950012,-102.150009,3591.000000
35920.000000,-0.436035,0.073242,0.887207,3592.000000,-0.982285,-0.041962,-0.154495,3592.000000,16.949966,-24.450012,-102.900009,3592.000000
35930.000000,-0.457031,0.069824,0.901367,3593.000000,-0.494003,0.076294,0.268936,3593.000000,16.949966,-24.750000,-102.750000,3593.000000
35940.000000,-0.448242,0.080566,0.899414,3594.000000,-0.066757,0.869751,0.146866,3594.000000,18.749954,-24.750000,-102.750000,3594.000000
35950.000000,-0.454101,0.075684,0.877441,3595.000000,-0.555038,0.869751,0.391006,3595.000000,16.949966,-27.000000,-101.700012,3595.000000
35960.000000,-0.470215,0.073730,0.893554,3596.000000,-0.371933,0.564575,-0.520706,3596.000000,16.949966,-24.000000,-103.500000,3596.000000
35970.000000,-0.461426,0.067383,0.892578,3597.000000,-1.592636,0.808716,-0.093460,3597.000000,17.699966,-24.000000,-103.500000,3597.000000
35980.000000,-0.439453,0.075195,0.890625,3598.000000,-0.310898,-1.323700,-2.656937,3598.000000,18.449966,-25.050003,-102.750000,3598.000000
35990.000000,-0.467773,0.104004,0.887207,3599.000000,-0.005722,0.686646,0.452042,3599.000000,18.449966,-25.500000,-102.750000,3599.000000
36000.000000,-0.461426,0.069336,0.893554,3600.000000,-0.249863,0.930786,-0.032425,3600.000000,19.349960,-25.500000,-102.750000,3600.000000
36010.000000,-0.466308,0.079590,0.890136,3601.000000,-0.188828,-0.408173,0.268936,3601.000000,18.899963,-23.850006,-101.850006,3601.000000
36020.000000,-0.466308,0.083008,0.883789,3602.000000,0.051498,1.724243,0.207901,3602.000000,18.899963,-25.950012,-102.900009,3602.000000
36030.000000,-0.472168,0.070312,0.897949,3603.000000,-0.738144,-0.469208,0.513077,3603.000000,16.349960,-25.950012,-102.900009,3603.000000
36040.000000,-0.456543,0.076172,0.892090,3604.000000,-0.371933,-0.102997,0.574112,3604.000000,17.549957,-25.650009,-102.150009,3604.000000
36050.000000,-0.459961,0.073242,0.895508,3605.000000,-0.066757,-0.164032,-0.276566,3605.000000,17.549957,-25.650009,-102.900009,3605.000000
36060.000000,-0.452637,0.068848,0.891601,3606.000000,-0.432968,-0.102997,0.696182,3606.000000,18.749954,-25.650009,-102.900009,3606.000000
36070.000000,-0.447754,0.071289,0.885254,3607.000000,-0.249863,-0.347137,-0.032425,3607.000000,17.099960,-25.500000,-102.750000,3607.000000
36080.000000,-0.443359,0.066406,0.890625,3608.000000,-0.371933,0.015259,0.329971,3608.000000,18.449966,-24.900009,-103.950012,3608.000000
36090.000000,-0.447266,0.069336,0.893554,3609.000000,-0.310898,0.015259,0.268936,3609.000000,18.449966,-25.800003,-102.750000,3609.000000
36100.000000,-0.456543,0.079102,0.902344,3610.000000,-0.371933,0.076294,-0.398636,3610.000000,19.349960,-25.800003,-102.750000,3610.000000
36110.000000,-0.458496,0.074219,0.883301,3611.000000,0.295639,-0.102997,-0.642776,3611.000000,18.749954,-25.650009,-102.900009,3611.000000
36120.000000,-0.434082,0.067383,0.895996,3612.000000,0.234604,0.137329,0.452042,3612.000000,18.749954,-25.050003,-101.250000,3612.000000
36130.000000,-0.452637,0.067383,0.884765,3613.000000,-0.677109,-0.041962,0.452042,3613.000000,19.049957,-25.050003,-101.250000,3613.000000
36140.000000,-0.447754,0.076660,0.906738,3614.000000,-0.005722,0.015259,0.146866,3614.000000,18.149963,-24.750000,-103.050003,3614.000000
36150.000000,-0.447754,0.055664,0.898926,3615.000000,-0.249863,-0.164032,-0.093460,3615.000000,18.149963,-24.900009,-101.850006,3615.000000
36160.000000,-0.452637,0.064941,0.897949,3616.000000,-0.860214,-0.286102,-0.154495,3616.000000,17.999954,-24.900009,-101.850006,3616.000000
36170.000000,-0.458496,0.078613,0.898926,3617.000000,-0.494003,0.137329,0.024796,3617.000000,17.849960,-25.500000,-101.700012,3617.000000
36180.000000,-0.458496,0.058594,0.897949,3618.000000,-1.409531,0.137329,0.757217,3618.000000,17.849960,-23.850006,-102.600006,3618.000000
36190.000000,-0.459473,0.073242,0.905273,3619.000000,-0.738144,0.137329,0.268936,3619.000000,17.699966,-23.850006,-102.600006,3619.000000
36200.000000,-0.454590,0.062012,0.889160,3620.000000,-0.921249,-0.286102,-0.032425,3620.000000,17.249954,-26.550003,-103.050003,3620.000000
36210.000000,-0.453613,0.083496,0.905273,3621.000000,-0.066757,0.259399,-0.093460,3621.000000,17.249954,-25.050003,-102.750000,3621.000000
36220.000000,-0.450195,0.074219,0.897949,3622.000000,-0.005722,0.137329,0.024796,3622.000000,18.599960,-25.050003,-102.750000,3622.000000
36230.000000,-0.457519,0.072266,0.884765,3623.000000,-0.127792,0.564575,-0.459671,3623.000000,17.249954,-24.900009,-103.650009,3623.000000
36240.000000,-0.458984,0.077637,0.905273,3624.000000,0.539780,0.137329,0.268936,3624.000000,17.249954,-25.800003,-102.450012,3624.000000
36250.000000,-0.442383,0.073730,0.884765,3625.000000,0.295639,0.259399,0.391006,3625.000000,18.449966,-25.800003,-102.450012,3625.000000
36260.000000,-0.462402,0.074219,0.904785,3626.000000,-0.432968,0.564575,-0.459671,3626.000000,18.449966,-26.250000,-102.450012,3626.000000
36270.000000,-0.451660,0.071777,0.902344,3627.000000,-0.616074,-0.041962,0.085831,3627.000000,18.449966,-25.500000,-102.450012,3627.000000
36280.000000,-0.437500,0.064941,0.895508,3628.000000,-0.005722,0.259399,-0.276566,3628.000000,19.049957,-25.500000,-102.450012,3628.000000
36290.000000,-0.445801,0.074219,0.893066,3629.000000,-0.127792,0.747681,-0.398636,3629.000000,17.699966,-25.500000,-102.450012,3629.000000
36300.000000,-0.464355,0.083984,0.902832,3630.000000,-0.005722,0.686646,0.085831,3630.000000,17.699966,-26.250000,-103.050003,3630.000000
36310.000000,-0.455566,0.066895,0.884277,3631.000000,-0.127792,0.137329,-0.093460,3631.000000,17.249954,-26.250000,-103.050003,3631.000000
36320.000000,-0.451172,0.065918,0.886719,3632.000000,-0.005722,0.381470,0.452042,3632.000000,18.149963,-24.000000,-102.750000,3632.000000
36330.000000,-0.452637,0.078125,0.894043,3633.000000,-0.005722,0.625610,0.024796,3633.000000,18.149963,-24.900009,-102.150009,3633.000000
36340.000000,-0.457031,0.070312,0.901367,3634.000000,0.234604,0.137329,0.207901,3634.000000,18.599960,-24.900009,-102.150009,3634.000000
36350.000000,-0.451660,0.064941,0.896484,3635.000000,-0.494003,0.503540,0.391006,3635.000000,17.099960,-25.200012,-103.950012,3635.000000
36360.000000,-0.447266,0.073242,0.890136,3636.000000,-0.188828,0.564575,0.696182,3636.000000,17.099960,-26.400009,-102.600006,3636.000000
36370.000000,-0.465332,0.067383,0.892090,3637.000000,-0.310898,0.747681,0.085831,3637.000000,18.749954,-26.400009,-102.600006,3637.000000
36380.000000,-0.460937,0.071289,0.887695,3638.000000,-0.616074,0.747681,0.329971,3638.000000,16.949966,-25.500000,-102.000000,3638.000000
36390.000000,-0.451172,0.082031,0.892090,3639.000000,-0.188828,0.808716,-0.215530,3639.000000,17.849960,-26.250000,-102.750000,3639.000000
36400.000000,-0.449219,0.068848,0.894531,3640.000000,0.295639,-0.102997,0.146866,3640.000000,17.849960,-26.400009,-103.200012,3640.000000
36410.000000,-0.461426,0.078125,0.906738,3641.000000,-0.127792,0.625610,-0.032425,3641.000000,17.699966,-26.400009,-103.200012,3641.000000
36420.000000,-0.439453,0.074219,0.903808,3642.000000,-0.371933,0.198364,0.085831,3642.000000,17.699966,-25.800003,-103.500000,3642.000000
36430.000000,-0.458496,0.078613,0.894531,3643.000000,0.417709,0.137329,0.146866,3643.000000,17.699966,-25.050003,-103.050003,3643.000000
36440.000000,-0.448730,0.074707,0.897949,3644.000000,0.051498,0.137329,0.329971,3644.000000,16.799957,-25.050003,-103.050003,3644.000000
36450.000000,-0.470215,0.073730,0.893066,3645.000000,-0.005722,0.015259,-0.032425,3645.000000,17.699966,-25.650009,-103.950012,3645.000000
36460.000000,-0.455078,0.065430,0.894531,3646.000000,-0.066757,-0.102997,0.146866,3646.000000,17.699966,-24.300003,-102.000000,3646.000000
36470.000000,-0.451172,0.077148,0.893554,3647.000000,-0.249863,0.259399,0.024796,3647.000000,18.449966,-24.300003,-102.000000,3647.000000
36480.000000,-0.458496,0.074707,0.894043,3648.000000,-0.127792,0.259399,0.024796,3648.000000,16.799957,-25.050003,-102.450012,3648.000000
36490.000000,-0.461426,0.074219,0.883301,3649.000000,-1.226425,0.137329,0.146866,3649.000000,16.799957,-24.150009,-103.200012,3649.000000
36500.000000,-0.449219,0.085937,0.887207,3650.000000,-0.371933,0.320435,0.635147,3650.000000,17.099960,-24.150009,-103.200012,3650.000000
36510.000000,-0.455566,0.071289,0.905761,3651.000000,-0.127792,0.259399,0.452042,3651.000000,17.849960,-26.400009,-102.150009,3651.000000
36520.000000,-0.445312,0.066895,0.891601,3652.000000,-0.371933,-0.041962,0.696182,3652.000000,16.949966,-25.650009,-103.650009,3652.000000
36530.000000,-0.457519,0.068359,0.895019,3653.000000,0.234604,-0.225067,0.391006,3653.000000,17.549957,-25.500000,-102.000000,3653.000000
36540.000000,-0.448242,0.081055,0.888672,3654.000000,0.173569,0.259399,-0.093460,3654.000000,17.549957,-25.650009,-101.850006,3654.000000
36550.000000,-0.462402,0.066895,0.891601,3655.000000,0.112534,0.076294,-0.093460,3655.000000,17.549957,-25.650009,-102.900009,3655.000000
36560.000000,-0.449707,0.082031,0.895508,3656.000000,-0.249863,0.198364,0.696182,3656.000000,18.149963,-25.650009,-102.900009,3656.000000
36570.000000,-0.454590,0.064941,0.893554,3657.000000,-0.738144,0.503540,-0.398636,3657.000000,18.149963,-24.150009,-103.200012,3657.000000
36580.000000,-0.442871,0.067871,0.895996,3658.000000,-0.555038,0.625610,0.207901,3658.000000,18.149963,-26.400009,-103.650009,3658.000000
36590.000000,-0.445312,0.077637,0.888183,3659.000000,-0.005722,0.381470,-0.520706,3659.000000,17.549957,-26.400009,-103.650009,3659.000000
36600.000000,-0.458496,0.062500,0.881347,3660.000000,0.295639,0.015259,0.146866,3660.000000,18.449966,-24.150009,-103.200012,3660.000000
36610.000000,-0.448730,0.076660,0.896972,3661.000000,-0.127792,0.808716,0.207901,3661.000000,18.449966,-24.000000,-102.450012,3661.000000
36620.000000,-0.469238,0.059082,0.912109,3662.000000,-0.432968,0.137329,0.146866,3662.000000,16.949966,-24.000000,-102.450012,3662.000000
36630.000000,-0.463867,0.088379,0.896972,3663.000000,0.234604,-0.164032,0.085831,3663.000000,18.149963,-26.250000,-101.700012,3663.000000
36640.000000,-0.453125,0.070312,0.891113,3664.000000,-0.005722,0.076294,-0.093460,3664.000000,18.149963,-25.650009,-103.650009,3664.000000
36650.000000,-0.445801,0.070312,0.896972,3665.000000,0.173569,0.259399,0.207901,3665.000000,17.549957,-25.650009,-103.650009,3665.000000
36660.000000,-0.447266,0.072266,0.901367,3666.000000,-0.188828,0.198364,0.207901,3666.000000,18.599960,-25.200012,-102.600006,3666.000000
36670.000000,-0.457519,0.072266,0.895996,3667.000000,0.417709,-0.102997,-0.276566,3667.000000,18.599960,-24.900009,-102.600006,3667.000000
36680.000000,-0.447754,0.063477,0.910156,3668.000000,0.173569,-0.164032,-0.154495,3668.000000,17.849960,-24.900009,-102.600006,3668.000000
36690.000000,-0.456543,0.077148,0.899414,3669.000000,0.051498,-0.041962,0.146866,3669.000000,17.099960,-25.650009,-101.850006,3669.000000
36700.000000,-0.451172,0.064941,0.887207,3670.000000,-0.249863,0.137329,-0.154495,3670.000000,17.999954,-25.650009,-103.950012,3670.000000
36710.000000,-0.440918,0.073730,0.898926,3671.000000,-0.066757,-0.102997,0.268936,3671.000000,17.999954,-25.050003,-103.050003,3671.000000
36720.000000,-0.449219,0.064453,0.895019,3672.000000,-0.066757,0.442505,-0.276566,3672.000000,17.699966,-25.050003,-103.050003,3672.000000
36730.000000,-0.450195,0.066895,0.891113,3673.000000,-0.310898,0.320435,0.024796,3673.000000,18.149963,-25.050003,-102.000000,3673.000000
36740.000000,-0.453125,0.068359,0.893066,3674.000000,0.051498,0.015259,-0.215530,3674.000000,18.149963,-25.950012,-103.200012,3674.000000
36750.000000,-0.452148,0.057129,0.898437,3675.000000,-0.249863,-0.347137,-0.032425,3675.000000,16.949966,-25.950012,-103.200012,3675.000000
36760.000000,-0.457519,0.083008,0.886230,3676.000000,-0.860214,-0.530243,0.085831,3676.000000,18.599960,-24.750000,-104.850006,3676.000000
36770.000000,-0.459961,0.072266,0.898437,3677.000000,-1.043320,0.015259,0.146866,3677.000000,18.599960,-25.650009,-102.600006,3677.000000
36780.000000,-0.456055,0.074707,0.897461,3678.000000,-0.494003,-1.140594,-0.276566,3678.000000,18.149963,-25.650009,-102.600006,3678.000000
36790.000000,-0.478027,0.065918,0.888183,3679.000000,-0.616074,0.137329,0.207901,3679.000000,18.449966,-26.400009,-103.650009,3679.000000
36800.000000,-0.460449,0.071777,0.891601,3680.000000,-0.555038,-0.286102,0.329971,3680.000000,18.449966,-25.050003,-103.050003,3680.000000
36810.000000,-0.454101,0.084961,0.892090,3681.000000,-0.066757,-0.041962,0.024796,3681.000000,19.349960,-25.050003,-103.050003,3681.000000
36820.000000,-0.451660,0.064941,0.886230,3682.000000,0.600815,-0.347137,0.207901,3682.000000,16.799957,-26.400009,-102.900009,3682.000000
36830.000000,-0.444336,0.069336,0.901855,3683.000000,0.844955,-0.469208,0.329971,3683.000000,19.349960,-25.200012,-103.950012,3683.000000
36840.000000,-0.450683,0.074707,0.890625,3684.000000,0.051498,-0.652313,-0.459671,3684.000000,17.699966,-24.900009,-103.650009,3684.000000
36850.000000,-0.443359,0.062500,0.890625,3685.000000,0.295639,-0.164032,-0.520706,3685.000000,18.449966,-25.800003,-102.750000,3685.000000
36860.000000,-0.455566,0.074219,0.901855,3686.000000,-0.494003,-0.102997,0.207901,3686.000000,18.449966,-26.250000,-102.000000,3686.000000
36870.000000,-0.443848,0.071289,0.899414,3687.000000,-0.494003,-0.102997,-0.459671,3687.000000,18.449966,-26.250000,-102.000000,3687.000000
36880.000000,-0.448242,0.070801,0.891601,3688.000000,-0.249863,0.076294,0.024796,3688.000000,17.549957,-25.050003,-101.700012,3688.000000
36890.000000,-0.446777,0.079590,0.894043,3689.000000,-0.371933,0.259399,-0.093460,3689.000000,17.549957,-26.400009,-102.600006,3689.000000
36900.000000,-0.456543,0.061523,0.892090,3690.000000,-0.310898,0.625610,0.391006,3690.000000,18.749954,-26.400009,-102.600006,3690.000000
36910.000000,-0.459961,0.076172,0.907715,3691.000000,-0.371933,0.015259,-0.093460,3691.000000,18.149963,-25.800003,-102.750000,3691.000000
36920.000000,-0.460449,0.068359,0.887695,3692.000000,0.051498,0.259399,-0.398636,3692.000000,18.149963,-24.900009,-102.150009,3692.000000
36930.000000,-0.448242,0.073730,0.902344,3693.000000,0.417709,0.198364,-0.154495,3693.000000,18.599960,-24.900009,-102.150009,3693.000000
36940.000000,-0.455078,0.060059,0.884277,3694.000000,0.356674,0.198364,-0.032425,3694.000000,17.099960,-25.950012,-102.600006,3694.000000
36950.000000,-0.462402,0.075684,0.894531,3695.000000,0.661850,0.198364,-0.093460,3695.000000,17.099960,-23.850006,-103.650009,3695.000000
36960.000000,-0.446289,0.060059,0.886230,3696.000000,0.600815,0.564575,-0.215530,3696.000000,17.999954,-23.850006,-103.650009,3696.000000
36970.000000,-0.456543,0.065430,0.899414,3697.000000,0.295639,0.320435,0.085831,3697.000000,17.099960,-24.300003,-102.750000,3697.000000
36980.000000,-0.456543,0.076172,0.894531,3698.000000,0.478745,0.076294,0.513077,3698.000000,17.099960,-25.950012,-101.100006,3698.000000
36990.000000,-0.459961,0.052246,0.883301,3699.000000,0.600815,0.198364,0.146866,3699.000000,17.999954,-25.950012,-101.100006,3699.000000
37000.000000,-0.444824,0.058105,0.896484,3700.000000,0.173569,0.015259,0.085831,3700.000000,17.999954,-25.800003,-101.700012,3700.000000
37010.000000,-0.460449,0.073730,0.896484,3701.000000,0.661850,0.137329,0.757217,3701.000000,17.549957,-25.500000,-103.800003,3701.000000
37020.000000,-0.453613,0.066895,0.899902,3702.000000,0.173569,-0.286102,0.452042,3702.000000,17.549957,-25.650009,-102.600006,3702.000000
37030.000000,-0.453613,0.078125,0.896972,3703.000000,0.234604,-0.408173,0.452042,3703.000000,17.549957,-25.650009,-102.600006,3703.000000
37040.000000,-0.454101,0.076172,0.891601,3704.000000,0.295639,-0.774384,0.329971,3704.000000,18.599960,-24.450012,-103.950012,3704.000000
37050.000000,-0.455566,0.061035,0.895019,3705.000000,0.478745,-0.591278,0.757217,3705.000000,18.599960,-24.900009,-102.600006,3705.000000
37060.000000,-0.454590,0.062500,0.895019,3706.000000,0.539780,0.198364,0.513077,3706.000000,17.249954,-24.900009,-102.600006,3706.000000
37070.000000,-0.441894,0.062012,0.899902,3707.000000,0.356674,0.076294,-0.093460,3707.000000,18.149963,-25.500000,-103.050003,3707.000000
37080.000000,-0.461914,0.075195,0.890625,3708.000000,0.539780,-0.164032,-0.032425,3708.000000,18.149963,-24.900009,-101.850006,3708.000000
37090.000000,-0.461914,0.069336,0.892090,3709.000000,0.295639,-0.286102,-0.276566,3709.000000,18.749954,-24.900009,-101.850006,3709.000000
37100.000000,-0.452148,0.064941,0.898926,3710.000000,0.234604,0.137329,0.146866,3710.000000,17.549957,-25.500000,-103.500000,3710.000000
37110.000000,-0.436523,0.072754,0.901367,3711.000000,0.234604,0.137329,-0.032425,3711.000000,17.549957,-24.900009,-102.600006,3711.000000
37120.000000,-0.446777,0.073242,0.892578,3712.000000,0.051498,0.198364,0.329971,3712.000000,16.949966,-24.900009,-102.600006,3712.000000
37130.000000,-0.442871,0.061523,0.898926,3713.000000,-0.188828,0.564575,-0.398636,3713.000000,16.949966,-25.800003,-102.750000,3713.000000
37140.000000,-0.451660,0.077148,0.883789,3714.000000,-0.432968,0.259399,-0.032425,3714.000000,17.849960,-25.800003,-102.750000,3714.000000
37150.000000,-0.442383,0.062988,0.896972,3715.000000,-0.310898,-0.041962,0.391006,3715.000000,19.349960,-24.150009,-103.200012,3715.000000
37160.000000,-0.453125,0.073730,0.908691,3716.000000,-0.066757,0.320435,0.513077,3716.000000,19.349960,-25.650009,-103.650009,3716.000000
37170.000000,-0.449707,0.073242,0.893554,3717.000000,0.356674,0.137329,0.329971,3717.000000,19.349960,-25.200012,-102.150009,3717.000000
37180.000000,-0.456055,0.069824,0.895019,3718.000000,0.356674,0.015259,0.818253,3718.000000,17.249954,-25.200012,-102.150009,3718.000000
37190.000000,-0.467773,0.070801,0.899414,3719.000000,0.112534,0.015259,0.818253,3719.000000,16.949966,-24.750000,-103.050003,3719.000000
37200.000000,-0.439453,0.072754,0.900879,3720.000000,0.661850,0.259399,0.085831,3720.000000,16.949966,-25.500000,-102.450012,3720.000000
37210.000000,-0.458496,0.069824,0.895508,3721.000000,0.539780,-0.041962,0.146866,3721.000000,17.699966,-25.500000,-102.450012,3721.000000
37220.000000,-0.438965,0.071777,0.894531,3722.000000,0.478745,0.503540,-0.154495,3722.000000,17.999954,-25.800003,-102.000000,3722.000000
37230.000000,-0.437012,0.055664,0.889160,3723.000000,0.356674,0.503540,0.085831,3723.000000,17.999954,-24.750000,-103.050003,3723.000000
37240.000000,-0.450683,0.064453,0.885254,3724.000000,0.112534,0.625610,0.146866,3724.000000,18.599960,-24.750000,-103.050003,3724.000000
37250.000000,-0.439453,0.075195,0.899414,3725.000000,0.417709,0.686646,-0.215530,3725.000000,17.999954,-25.200012,-103.650009,3725.000000
37260.000000,-0.451660,0.068359,0.886230,3726.000000,-0.371933,0.991821,-0.215530,3726.000000,17.999954,-26.250000,-103.500000,3726.000000
37270.000000,-0.458984,0.064941,0.884765,3727.000000,-0.249863,0.625610,-0.154495,3727.000000,17.849960,-26.250000,-103.500000,3727.000000
37280.000000,-0.456055,0.083496,0.897461,3728.000000,0.417709,0.503540,-0.032425,3728.000000,17.099960,-25.650009,-102.900009,3728.000000
37290.000000,-0.439453,0.071289,0.892090,3729.000000,-0.432968,0.442505,0.513077,3729.000000,17.099960,-24.150009,-102.900009,3729.000000
37300.000000,-0.453613,0.070312,0.899902,3730.000000,-0.494003,0.869751,0.146866,3730.000000,18.749954,-24.150009,-102.900009,3730.000000
37310.000000,-0.464844,0.060059,0.897949,3731.000000,-0.188828,0.625610,0.146866,3731.000000,17.999954,-26.250000,-103.500000,3731.000000
37320.000000,-0.452148,0.069336,0.875000,3732.000000,0.051498,0.076294,0.024796,3732.000000,18.449966,-24.750000,-102.000000,3732.000000
37330.000000,-0.454590,0.068359,0.891601,3733.000000,0.478745,0.015259,-0.154495,3733.000000,18.449966,-25.050003,-101.700012,3733.000000
37340.000000,-0.461426,0.069824,0.895996,3734.000000,-0.494003,0.503540,0.635147,3734.000000,16.949966,-25.050003,-101.700012,3734.000000
37350.000000,-0.445312,0.071289,0.894531,3735.000000,-0.005722,0.564575,0.391006,3735.000000,17.099960,-26.550003,-103.050003,3735.000000
37360.000000,-0.437988,0.073242,0.895019,3736.000000,0.051498,0.686646,0.452042,3736.000000,17.099960,-25.650009,-102.900009,3736.000000
37370.000000,-0.450683,0.066406,0.900879,3737.000000,0.234604,0.686646,-0.337601,3737.000000,18.899963,-25.650009,-102.900009,3737.000000
37380.000000,-0.452637,0.071289,0.893066,3738.000000,0.173569,0.686646,0.391006,3738.000000,17.099960,-26.400009,-103.200012,3738.000000
37390.000000,-0.453613,0.067383,0.903320,3739.000000,0.051498,0.381470,0.268936,3739.000000,17.099960,-23.850006,-101.550003,3739.000000
37400.000000,-0.447754,0.076660,0.883789,3740.000000,-0.005722,0.869751,-0.032425,3740.000000,17.099960,-23.850006,-101.550003,3740.000000
37410.000000,-0.446289,0.055664,0.899902,3741.000000,0.173569,0.564575,0.635147,3741.000000,17.249954,-26.400009,-103.650009,3741.000000
37420.000000,-0.448242,0.079102,0.891601,3742.000000,0.478745,0.625610,0.635147,3742.000000,17.999954,-25.800003,-102.750000,3742.000000
37430.000000,-0.460449,0.070801,0.896972,3743.000000,-0.432968,0.198364,0.391006,3743.000000,16.649963,-25.050003,-103.500000,3743.000000
37440.000000,-0.461426,0.078613,0.882812,3744.000000,-0.249863,0.259399,0.207901,3744.000000,16.649963,-24.300003,-103.050003,3744.000000
37450.000000,-0.455566,0.065430,0.899902,3745.000000,-0.494003,0.076294,-0.032425,3745.000000,18.749954,-24.300003,-103.050003,3745.000000
37460.000000,-0.438476,0.067383,0.888183,3746.000000,-0.127792,0.381470,0.085831,3746.000000,17.099960,-25.800003,-102.750000,3746.000000
37470.000000,-0.456543,0.083984,0.901855,3747.000000,0.417709,0.808716,0.329971,3747.000000,18.899963,-24.150009,-102.600006,3747.000000
37480.000000,-0.446777,0.066406,0.892578,3748.000000,-0.249863,0.625610,-0.032425,3748.000000,18.899963,-26.400009,-102.150009,3748.000000
37490.000000,-0.448242,0.071777,0.892090,3749.000000,0.356674,-0.102997,0.513077,3749.000000,18.599960,-26.400009,-102.150009,3749.000000
37500.000000,-0.449707,0.078613,0.898437,3750.000000,0.234604,0.076294,-0.276566,3750.000000,17.099960,-25.200012,-103.950012,3750.000000
37510.000000,-0.455566,0.070312,0.888672,3751.000000,0.051498,0.381470,0.024796,3751.000000,17.099960,-25.950012,-102.600006,3751.000000
37520.000000,-0.449219,0.070312,0.899414,3752.000000,0.478745,0.137329,0.207901,3752.000000,18.749954,-25.950012,-102.600006,3752.000000
37530.000000,-0.457519,0.067871,0.894043,3753.000000,-0.249863,0.381470,-0.642776,3753.000000,18.599960,-27.300003,-102.000000,3753.000000
37540.000000,-0.444336,0.059082,0.893554,3754.000000,-0.188828,0.991821,-0.337601,3754.000000,18.599960,-25.950012,-101.850006,3754.000000
37550.000000,-0.450195,0.070312,0.894043,3755.000000,0.173569,0.137329,0.146866,3755.000000,17.099960,-25.950012,-101.850006,3755.000000
37560.000000,-0.454101,0.072266,0.894531,3756.000000,-0.005722,0.442505,-0.154495,3756.000000,18.149963,-24.900009,-103.650009,3756.000000
37570.000000,-0.457031,0.060547,0.900390,3757.000000,0.112534,0.320435,-0.276566,3757.000000,18.149963,-24.900009,-102.900009,3757.000000
37580.000000,-0.442383,0.067383,0.901367,3758.000000,-0.555038,0.869751,0.207901,3758.000000,18.149963,-24.900009,-102.900009,3758.000000
37590.000000,-0.454590,0.074707,0.893066,3759.000000,0.234604,0.686646,0.452042,3759.000000,18.449966,-24.900009,-102.150009,3759.000000
37600.000000,-0.451172,0.070312,0.894043,3760.000000,0.234604,0.259399,-0.215530,3760.000000,18.449966,-25.050003,-101.250000,3760.000000
37610.000000,-0.456543,0.067383,0.895996,3761.000000,0.478745,0.442505,-0.276566,3761.000000,17.099960,-25.050003,-101.250000,3761.000000
37620.000000,-0.448730,0.061523,0.890136,3762.000000,-0.005722,-0.041962,0.085831,3762.000000,18.449966,-24.900009,-103.200012,3762.000000
37630.000000,-0.442383,0.072754,0.896484,3763.000000,0.295639,0.015259,-0.337601,3763.000000,17.849960,-24.750000,-103.500000,3763.000000
37640.000000,-0.452148,0.078613,0.894531,3764.000000,0.356674,0.564575,0.207901,3764.000000,17.849960,-26.400009,-104.700012,3764.000000
37650.000000,-0.445312,0.073242,0.882812,3765.000000,0.173569,0.686646,0.391006,3765.000000,18.749954,-26.400009,-104.700012,3765.000000
37660.000000,-0.444336,0.066406,0.891113,3766.000000,0.112534,0.503540,-0.459671,3766.000000,17.849960,-24.750000,-102.450012,3766.000000
37670.000000,-0.447266,0.084473,0.895996,3767.000000,0.112534,0.503540,0.024796,3767.000000,17.849960,-25.200012,-101.850006,3767.000000
37680.000000,-0.450683,0.070312,0.890136,3768.000000,-0.494003,0.930786,-0.093460,3768.000000,18.749954,-25.200012,-101.850006,3768.000000
37690.000000,-0.449219,0.073242,0.889648,3769.000000,0.600815,0.259399,0.391006,3769.000000,18.899963,-25.800003,-102.750000,3769.000000
37700.000000,-0.451660,0.077637,0.887695,3770.000000,-0.310898,0.137329,-0.032425,3770.000000,18.899963,-24.450012,-103.200012,3770.000000
37710.000000,-0.456055,0.079102,0.887695,3771.000000,0.173569,0.137329,0.391006,3771.000000,17.849960,-24.450012,-103.200012,3771.000000
37720.000000,-0.445312,0.073730,0.893554,3772.000000,-0.188828,0.137329,0.024796,3772.000000,18.449966,-24.900009,-104.700012,3772.000000
37730.000000,-0.471191,0.082031,0.897949,3773.000000,-0.005722,0.747681,0.268936,3773.000000,18.899963,-25.500000,-104.100006,3773.000000
37740.000000,-0.454101,0.063477,0.895508,3774.000000,0.417709,0.686646,-0.154495,3774.000000,17.999954,-24.900009,-102.900009,3774.000000
37750.000000,-0.455078,0.082031,0.892578,3775.000000,0.417709,0.503540,0.452042,3775.000000,17.999954,-24.300003,-104.100006,3775.000000
37760.000000,-0.453125,0.083496,0.902832,3776.000000,0.600815,0.320435,0.207901,3776.000000,18.899963,-24.300003,-104.100006,3776.000000
37770.000000,-0.444824,0.092285,0.900879,3777.000000,0.051498,0.320435,0.452042,3777.000000,17.999954,-25.950012,-103.950012,3777.000000
37780.000000,-0.449219,0.070801,0.893066,3778.000000,0.295639,0.259399,0.085831,3778.000000,18.599960,-24.000000,-103.050003,3778.000000
37790.000000,-0.451172,0.072754,0.894531,3779.000000,0.112534,0.198364,0.207901,3779.000000,18.599960,-25.650009,-102.600006,3779.000000
37800.000000,-0.451660,0.081543,0.895996,3780.000000,-0.188828,0.076294,0.268936,3780.000000,17.099960,-25.650009,-102.600006,3780.000000
37810.000000,-0.448242,0.070801,0.895508,3781.000000,0.173569,0.625610,0.818253,3781.000000,18.149963,-25.650009,-102.900009,3781.000000
37820.000000,-0.450195,0.069336,0.902832,3782.000000,-0.371933,0.259399,0.635147,3782.000000,18.149963,-25.200012,-101.550003,3782.000000
37830.000000,-0.446777,0.076660,0.892090,3783.000000,-0.432968,0.686646,0.024796,3783.000000,19.349960,-25.200012,-101.550003,3783.000000
37840.000000,-0.454590,0.070801,0.894043,3784.000000,0.051498,0.686646,-0.093460,3784.000000,17.849960,-26.700012,-102.150009,3784.000000
37850.000000,-0.454101,0.067383,0.897949,3785.000000,-0.371933,0.808716,-0.154495,3785.000000,17.849960,-25.950012,-101.100006,3785.000000
37860.000000,-0.443848,0.066406,0.887695,3786.000000,-0.432968,0.564575,-0.337601,3786.000000,16.649963,-25.950012,-101.100006,3786.000000
37870.000000,-0.455566,0.068359,0.891601,3787.000000,-0.555038,1.296997,0.452042,3787.000000,17.849960,-24.000000,-103.500000,3787.000000
37880.000000,-0.452148,0.073730,0.880859,3788.000000,-0.249863,0.991821,0.268936,3788.000000,17.849960,-24.900009,-103.950012,3788.000000
37890.000000,-0.448730,0.079590,0.898926,3789.000000,-0.249863,0.686646,0.268936,3789.000000,18.449966,-24.900009,-103.950012,3789.000000
37900.000000,-0.455566,0.072754,0.891113,3790.000000,-0.310898,0.991821,-0.154495,3790.000000,16.799957,-24.300003,-103.050003,3790.000000
37910.000000,-0.458496,0.080078,0.904297,3791.000000,0.051498,0.869751,0.268936,3791.000000,16.799957,-24.150009,-103.650009,3791.000000
37920.000000,-0.455566,0.074219,0.889648,3792.000000,-0.249863,0.930786,0.574112,3792.000000,16.949966,-24.150009,-103.650009,3792.000000
37930.000000,-0.462891,0.079102,0.905273,3793.000000,0.112534,0.442505,0.146866,3793.000000,17.549957,-25.500000,-103.800003,3793.000000
37940.000000,-0.447266,0.066895,0.896484,3794.000000,0.905991,0.320435,0.329971,3794.000000,17.549957,-25.650009,-102.900009,3794.000000
37950.000000,-0.458496,0.074219,0.895019,3795.000000,-0.005722,-0.286102,0.085831,3795.000000,17.549957,-25.950012,-102.900009,3795.000000
37960.000000,-0.452637,0.080078,0.888183,3796.000000,0.783920,-0.347137,0.085831,3796.000000,17.999954,-25.950012,-102.900009,3796.000000
37970.000000,-0.443848,0.077637,0.902832,3797.000000,0.417709,-0.164032,0.452042,3797.000000,18.449966,-26.250000,-103.050003,3797.000000
37980.000000,-0.453125,0.070801,0.884765,3798.000000,-0.066757,0.259399,0.391006,3798.000000,18.449966,-24.300003,-101.250000,3798.000000
37990.000000,-0.447266,0.062988,0.881347,3799.000000,-0.677109,0.076294,0.818253,3799.000000,17.999954,-24.300003,-101.250000,3799.000000
38000.000000,-0.450683,0.070312,0.903808,3800.000000,-0.188828,0.198364,0.207901,3800.000000,16.799957,-25.500000,-102.750000,3800.000000
38010.000000,-0.448242,0.073730,0.895508,3801.000000,0.356674,0.381470,0.574112,3801.000000,16.799957,-25.650009,-101.550003,3801.000000
38020.000000,-0.448730,0.071777,0.891601,3802.000000,0.417709,0.442505,0.391006,3802.000000,17.699966,-25.650009,-101.550003,3802.000000
38030.000000,-0.464844,0.076660,0.893066,3803.000000,0.783920,0.381470,0.696182,3803.000000,17.699966,-25.800003,-103.050003,3803.000000
38040.000000,-0.450195,0.063477,0.897949,3804.000000,0.967026,0.259399,-0.093460,3804.000000,17.999954,-25.800003,-103.050003,3804.000000
38050.000000,-0.458008,0.082031,0.889160,3805.000000,0.600815,0.381470,0.146866,3805.000000,19.499954,-26.250000,-102.450012,3805.000000
38060.000000,-0.447754,0.081055,0.895019,3806.000000,0.539780,0.564575,0.329971,3806.000000,19.499954,-26.250000,-102.750000,3806.000000
38070.000000,-0.451660,0.062500,0.886230,3807.000000,-0.310898,1.113892,0.207901,3807.000000,17.249954,-26.250000,-102.750000,3807.000000
38080.000000,-0.444336,0.078125,0.902832,3808.000000,-0.249863,0.259399,0.268936,3808.000000,17.849960,-25.800003,-102.450012,3808.000000
38090.000000,-0.448730,0.073730,0.888672,3809.000000,-0.432968,0.869751,-0.093460,3809.000000,17.999954,-25.650009,-101.850006,3809.000000
38100.000000,-0.451172,0.076660,0.892090,3810.000000,0.478745,0.869751,-0.215530,3810.000000,17.999954,-25.500000,-104.100006,3810.000000
38110.000000,-0.458984,0.070312,0.896972,3811.000000,0.173569,0.747681,0.329971,3811.000000,17.699966,-25.500000,-104.100006,3811.000000
38120.000000,-0.456543,0.069824,0.888183,3812.000000,-0.066757,0.259399,0.146866,3812.000000,16.949966,-25.800003,-103.800003,3812.000000
38130.000000,-0.461914,0.064941,0.885742,3813.000000,0.112534,0.564575,0.391006,3813.000000,16.949966,-24.750000,-103.800003,3813.000000
38140.000000,-0.457031,0.081055,0.886719,3814.000000,-0.066757,0.320435,-0.093460,3814.000000,17.999954,-24.750000,-103.800003,3814.000000
38150.000000,-0.468262,0.076172,0.877441,3815.000000,-0.005722,0.686646,0.268936,3815.000000,17.099960,-26.250000,-103.050003,3815.000000
38160.000000,-0.458496,0.072266,0.895508,3816.000000,-0.127792,0.564575,-0.032425,3816.000000,17.099960,-26.400009,-103.950012,3816.000000
38170.000000,-0.452637,0.071777,0.889648,3817.000000,-0.127792,0.625610,0.329971,3817.000000,16.349960,-26.400009,-103.950012,3817.000000
38180.000000,-0.462402,0.067383,0.894531,3818.000000,0.234604,0.442505,0.085831,3818.000000,17.699966,-23.850006,-101.550003,3818.000000
38190.000000,-0.448242,0.064453,0.892578,3819.000000,0.661850,0.259399,-0.154495,3819.000000,17.699966,-27.300003,-102.000000,3819.000000
38200.000000,-0.456055,0.079102,0.887207,3820.000000,0.539780,0.381470,-0.154495,3820.000000,18.149963,-27.300003,-102.000000,3820.000000
38210.000000,-0.445801,0.070312,0.895508,3821.000000,0.051498,0.442505,0.024796,3821.000000,17.549957,-25.950012,-102.900009,3821.000000
38220.000000,-0.466308,0.070801,0.883301,3822.000000,1.028061,0.625610,0.085831,3822.000000,17.549957,-24.900009,-103.200012,3822.000000
38230.000000,-0.451172,0.072266,0.887695,3823.000000,0.173569,1.113892,-0.154495,3823.000000,16.199966,-24.900009,-103.200012,3823.000000
38240.000000,-0.455078,0.068848,0.889160,3824.000000,-0.371933,0.320435,0.024796,3824.000000,17.549957,-25.050003,-103.800003,3824.000000
38250.000000,-0.446289,0.071777,0.896972,3825.000000,-0.494003,0.930786,0.146866,3825.000000,17.699966,-24.900009,-103.650009,3825.000000
38260.000000,-0.462402,0.080078,0.888183,3826.000000,-0.982285,0.808716,-0.032425,3826.000000,17.699966,-25.500000,-103.800003,3826.000000
38270.000000,-0.466308,0.071289,0.891601,3827.000000,-0.066757,0.442505,0.085831,3827.000000,17.549957,-25.500000,-103.800003,3827.000000
38280.000000,-0.447266,0.071777,0.886719,3828.000000,0.356674,0.198364,0.268936,3828.000000,17.549957,-25.200012,-102.150009,3828.000000
38290.000000,-0.461426,0.067383,0.887207,3829.000000,0.600815,0.442505,0.513077,3829.000000,17.549957,-26.700012,-103.200012,3829.000000
38300.000000,-0.448730,0.069824,0.886230,3830.000000,0.112534,0.381470,0.391006,3830.000000,18.449966,-26.700012,-103.200012,3830.000000
38310.000000,-0.449219,0.063477,0.905273,3831.000000,-0.371933,0.564575,0.635147,3831.000000,17.849960,-24.750000,-101.700012,3831.000000
38320.000000,-0.454590,0.060547,0.897949,3832.000000,0.112534,0.442505,0.146866,3832.000000,16.799957,-25.200012,-104.400009,3832.000000
38330.000000,-0.457031,0.082031,0.904785,3833.000000,-0.066757,0.808716,0.207901,3833.000000,18.449966,-25.200012,-101.550003,3833.000000
38340.000000,-0.453125,0.085937,0.887207,3834.000000,0.051498,0.686646,0.329971,3834.000000,18.449966,-24.300003,-102.750000,3834.000000
38350.000000,-0.450683,0.075684,0.889160,3835.000000,-0.249863,0.381470,0.757217,3835.000000,17.999954,-24.300003,-102.750000,3835.000000
38360.000000,-0.464844,0.068359,0.888183,3836.000000,-0.494003,0.503540,0.635147,3836.000000,17.549957,-26.250000,-104.100006,3836.000000
38370.000000,-0.454101,0.079102,0.888672,3837.000000,-0.249863,0.076294,0.268936,3837.000000,17.549957,-24.900009,-103.200012,3837.000000
38380.000000,-0.464844,0.072266,0.900390,3838.000000,0.295639,0.015259,0.574112,3838.000000,17.849960,-24.900009,-103.200012,3838.000000
38390.000000,-0.450195,0.077637,0.896972,3839.000000,0.234604,0.381470,0.329971,3839.000000,18.749954,-25.950012,-102.900009,3839.000000
38400.000000,-0.464355,0.062988,0.892090,3840.000000,-0.188828,0.625610,0.207901,3840.000000,16.949966,-26.250000,-103.050003,3840.000000
38410.000000,-0.459473,0.078125,0.895019,3841.000000,0.112534,0.625610,0.391006,3841.000000,16.949966,-25.050003,-104.100006,3841.000000
38420.000000,-0.447754,0.075195,0.895019,3842.000000,-0.555038,0.930786,0.329971,3842.000000,17.999954,-25.050003,-104.100006,3842.000000
38430.000000,-0.446289,0.070312,0.892578,3843.000000,-0.799179,0.442505,0.574112,3843.000000,18.149963,-24.750000,-103.500000,3843.000000
38440.000000,-0.446289,0.074219,0.892090,3844.000000,-0.066757,0.747681,0.757217,3844.000000,18.149963,-24.900009,-103.950012,3844.000000
38450.000000,-0.452148,0.075684,0.887207,3845.000000,-0.799179,0.320435,0.329971,3845.000000,17.999954,-24.900009,-103.950012,3845.000000
38460.000000,-0.472656,0.080566,0.894043,3846.000000,0.051498,0.564575,0.268936,3846.000000,17.849960,-25.800003,-104.850006,3846.000000
38470.000000,-0.461426,0.075684,0.879394,3847.000000,0.539780,0.137329,0.268936,3847.000000,17.849960,-25.200012,-101.850006,3847.000000
38480.000000,-0.450683,0.064941,0.883789,3848.000000,-0.249863,0.320435,0.207901,3848.000000,18.599960,-25.200012,-101.850006,3848.000000
38490.000000,-0.461914,0.068848,0.887695,3849.000000,0.051498,0.503540,0.452042,3849.000000,17.849960,-25.650009,-102.150009,3849.000000
38500.000000,-0.456055,0.067383,0.884277,3850.000000,-0.066757,0.808716,-0.154495,3850.000000,17.849960,-24.900009,-102.600006,3850.000000
38510.000000,-0.459473,0.074707,0.895508,3851.000000,0.478745,0.808716,0.146866,3851.000000,18.899963,-24.900009,-102.600006,3851.000000
38520.000000,-0.460937,0.077637,0.884765,3852.000000,0.051498,0.259399,-0.215530,3852.000000,18.149963,-25.650009,-103.200012,3852.000000
38530.000000,-0.457031,0.085937,0.885742,3853.000000,0.295639,0.320435,0.329971,3853.000000,18.149963,-25.950012,-102.150009,3853.000000
38540.000000,-0.467773,0.061035,0.890625,3854.000000,-0.188828,0.503540,-0.276566,3854.000000,19.049957,-25.950012,-102.150009,3854.000000
38550.000000,-0.457519,0.079102,0.892578,3855.000000,0.173569,0.503540,0.207901,3855.000000,18.599960,-24.750000,-103.500000,3855.000000
38560.000000,-0.462891,0.065430,0.893066,3856.000000,0.051498,-0.347137,0.207901,3856.000000,17.699966,-25.950012,-102.900009,3856.000000
38570.000000,-0.461426,0.070312,0.879394,3857.000000,-0.066757,-0.041962,0.513077,3857.000000,17.699966,-24.750000,-102.750000,3857.000000
38580.000000,-0.457031,0.076660,0.891113,3858.000000,-0.249863,0.320435,-0.154495,3858.000000,17.849960,-24.750000,-102.750000,3858.000000
38590.000000,-0.460449,0.064453,0.899414,3859.000000,-0.005722,0.076294,0.268936,3859.000000,16.949966,-24.900009,-102.600006,3859.000000
38600.000000,-0.456055,0.069336,0.889648,3860.000000,-1.165390,0.686646,0.268936,3860.000000,16.949966,-24.000000,-104.550003,3860.000000
38610.000000,-0.453613,0.069336,0.902344,3861.000000,-0.555038,0.381470,0.940323,3861.000000,18.149963,-24.000000,-104.550003,3861.000000
38620.000000,-0.466308,0.091309,0.899414,3862.000000,1.272202,0.930786,0.207901,3862.000000,18.749954,-25.200012,-103.200012,3862.000000
38630.000000,-0.462891,0.070801,0.888672,3863.000000,1.150131,-0.041962,0.024796,3863.000000,17.849960,-25.050003,-101.250000,3863.000000
38640.000000,-0.453613,0.074707,0.893066,3864.000000,0.661850,-0.102997,0.146866,3864.000000,19.649963,-25.200012,-101.850006,3864.000000
38650.000000,-0.458008,0.069824,0.891601,3865.000000,0.661850,-0.347137,-0.032425,3865.000000,19.649963,-25.200012,-102.600006,3865.000000
38660.000000,-0.450683,0.065430,0.884765,3866.000000,-0.066757,-0.225067,-0.276566,3866.000000,17.849960,-25.200012,-102.600006,3866.000000
38670.000000,-0.466308,0.062500,0.879883,3867.000000,0.173569,-0.347137,-0.581741,3867.000000,18.599960,-24.150009,-103.200012,3867.000000
38680.000000,-0.450683,0.064941,0.889160,3868.000000,-0.371933,-0.286102,-0.947952,3868.000000,18.599960,-26.700012,-102.900009,3868.000000
38690.000000,-0.445312,0.075195,0.887695,3869.000000,-0.432968,-0.286102,-0.276566,3869.000000,18.899963,-26.700012,-102.900009,3869.000000
38700.000000,-0.445312,0.085449,0.886230,3870.000000,-0.188828,-0.164032,-0.093460,3870.000000,17.699966,-25.200012,-102.150009,3870.000000
38710.000000,-0.455566,0.069336,0.899414,3871.000000,0.234604,0.015259,-0.398636,3871.000000,18.449966,-25.500000,-103.800003,3871.000000
38720.000000,-0.461426,0.075684,0.886230,3872.000000,0.356674,-0.164032,-0.642776,3872.000000,18.449966,-25.500000,-102.750000,3872.000000
38730.000000,-0.455078,0.075684,0.899902,3873.000000,0.478745,-0.652313,-0.337601,3873.000000,17.999954,-25.500000,-102.750000,3873.000000
38740.000000,-0.454590,0.077637,0.900879,3874.000000,0.661850,-0.286102,0.085831,3874.000000,17.999954,-26.250000,-102.000000,3874.000000
38750.000000,-0.456055,0.075684,0.894531,3875.000000,0.234604,-0.164032,0.329971,3875.000000,17.999954,-25.500000,-104.550003,3875.000000
38760.000000,-0.439453,0.068359,0.885742,3876.000000,-0.005722,-0.774384,0.146866,3876.000000,17.249954,-25.500000,-104.550003,3876.000000
38770.000000,-0.455566,0.083984,0.883789,3877.000000,-0.738144,-0.347137,0.391006,3877.000000,17.849960,-25.800003,-104.100006,3877.000000
38780.000000,-0.455566,0.072754,0.884765,3878.000000,0.234604,-0.530243,-0.215530,3878.000000,17.849960,-24.150009,-103.200012,3878.000000
38790.000000,-0.449707,0.066895,0.886719,3879.000000,0.356674,-0.408173,0.329971,3879.000000,18.749954,-24.150009,-103.200012,3879.000000
38800.000000,-0.460449,0.078125,0.890625,3880.000000,-0.249863,-0.652313,0.268936,3880.000000,16.799957,-25.800003,-103.050003,3880.000000
38810.000000,-0.461426,0.058105,0.890625,3881.000000,-0.188828,-1.506805,-0.032425,3881.000000,16.799957,-24.150009,-100.800003,3881.000000
38820.000000,-0.450683,0.070312,0.904785,3882.000000,0.417709,-0.713348,-0.032425,3882.000000,17.699966,-24.150009,-100.800003,3882.000000
38830.000000,-0.460937,0.055176,0.875000,3883.000000,0.417709,-0.652313,-0.154495,3883.000000,17.849960,-25.500000,-102.750000,3883.000000
38840.000000,-0.452637,0.086914,0.894043,3884.000000,-0.371933,-1.018524,-0.215530,3884.000000,17.849960,-25.200012,-103.950012,3884.000000
38850.000000,-0.444336,0.071289,0.895508,3885.000000,0.539780,-0.530243,-0.459671,3885.000000,18.149963,-25.200012,-103.950012,3885.000000
38860.000000,-0.443359,0.070312,0.880859,3886.000000,0.112534,-0.347137,-0.215530,3886.000000,18.449966,-24.150009,-103.200012,3886.000000
38870.000000,-0.450195,0.064941,0.899414,3887.000000,0.295639,-0.530243,-0.215530,3887.000000,18.899963,-25.500000,-104.550003,3887.000000
38880.000000,-0.447754,0.066406,0.895996,3888.000000,-0.005722,-0.102997,-0.093460,3888.000000,18.899963,-24.900009,-102.900009,3888.000000
38890.000000,-0.467773,0.086426,0.891601,3889.000000,-0.738144,0.259399,0.085831,3889.000000,17.849960,-24.900009,-102.900009,3889.000000
38900.000000,-0.455566,0.075684,0.894043,3890.000000,0.112534,-0.102997,-0.337601,3890.000000,16.949966,-26.700012,-102.150009,3890.000000
38910.000000,-0.449707,0.072754,0.894043,3891.000000,-0.127792,0.564575,0.329971,3891.000000,16.949966,-26.550003,-103.050003,3891.000000
38920.000000,-0.437988,0.066406,0.896484,3892.000000,-0.432968,0.137329,-0.154495,3892.000000,16.199966,-26.550003,-103.050003,3892.000000
38930.000000,-0.448730,0.076660,0.883301,3893.000000,-1.226425,0.686646,-0.215530,3893.000000,16.199966,-24.750000,-103.500000,3893.000000
38940.000000,-0.447754,0.066895,0.885254,3894.000000,-0.371933,-0.041962,-0.459671,3894.000000,16.949966,-24.750000,-103.500000,3894.000000
38950.000000,-0.450195,0.071777,0.905273,3895.000000,-0.005722,-0.164032,-0.093460,3895.000000,16.949966,-27.000000,-103.500000,3895.000000
38960.000000,-0.457031,0.071777,0.899902,3896.000000,-0.005722,0.320435,0.268936,3896.000000,16.949966,-24.300003,-102.000000,3896.000000
38970.000000,-0.440430,0.076172,0.901367,3897.000000,-0.127792,0.015259,-0.276566,3897.000000,17.549957,-24.300003,-102.000000,3897.000000
38980.000000,-0.455566,0.077637,0.878418,3898.000000,-0.371933,-0.102997,-0.337601,3898.000000,17.549957,-24.900009,-101.100006,3898.000000
38990.000000,-0.456055,0.075684,0.894531,3899.000000,-0.371933,0.503540,0.024796,3899.000000,17.549957,-25.650009,-102.600006,3899.000000
39000.000000,-0.458984,0.056152,0.884765,3900.000000,-0.066757,0.442505,-0.337601,3900.000000,17.549957,-25.650009,-102.600006,3900.000000
39010.000000,-0.450683,0.079590,0.891113,3901.000000,0.234604,0.381470,-0.337601,3901.000000,17.699966,-25.200012,-102.900009,3901.000000
39020.000000,-0.455078,0.083496,0.903320,3902.000000,0.051498,0.625610,0.024796,3902.000000,18.899963,-25.500000,-102.450012,3902.000000
39030.000000,-0.467285,0.070312,0.889160,3903.000000,0.112534,0.381470,-0.154495,3903.000000,18.899963,-26.700012,-103.200012,3903.000000
39040.000000,-0.455078,0.080566,0.886230,3904.000000,-0.677109,-0.041962,0.146866,3904.000000,17.699966,-26.700012,-103.200012,3904.000000
39050.000000,-0.446289,0.073730,0.887207,3905.000000,-0.249863,0.381470,-0.032425,3905.000000,15.899963,-25.050003,-101.250000,3905.000000
39060.000000,-0.455566,0.084961,0.884765,3906.000000,-0.677109,0.503540,-0.337601,3906.000000,15.899963,-26.250000,-102.450012,3906.000000
39070.000000,-0.457031,0.078125,0.892578,3907.000000,-0.555038,0.564575,-0.215530,3907.000000,18.749954,-26.250000,-102.450012,3907.000000
39080.000000,-0.455078,0.068359,0.892090,3908.000000,-1.348495,0.381470,-0.032425,3908.000000,17.549957,-27.300003,-102.750000,3908.000000
39090.000000,-0.446289,0.081055,0.892578,3909.000000,-0.127792,0.747681,0.391006,3909.000000,17.549957,-25.200012,-102.900009,3909.000000
39100.000000,-0.452148,0.077148,0.895508,3910.000000,-0.371933,0.442505,0.146866,3910.000000,17.549957,-25.200012,-102.900009,3910.000000
39110.000000,-0.458496,0.081055,0.890136,3911.000000,-0.371933,0.015259,-0.337601,3911.000000,18.449966,-25.200012,-102.600006,3911.000000
39120.000000,-0.456543,0.061523,0.887207,3912.000000,-0.005722,-0.102997,0.146866,3912.000000,18.449966,-25.050003,-100.650009,3912.000000
39130.000000,-0.458496,0.076660,0.895508,3913.000000,-0.860214,-0.102997,0.452042,3913.000000,16.799957,-25.050003,-100.650009,3913.000000
39140.000000,-0.454590,0.075195,0.894531,3914.000000,-0.127792,0.259399,0.452042,3914.000000,17.249954,-26.700012,-101.850006,3914.000000
39150.000000,-0.443848,0.082031,0.880371,3915.000000,-0.738144,-0.102997,0.146866,3915.000000,17.249954,-24.000000,-102.750000,3915.000000
39160.000000,-0.456543,0.078125,0.891601,3916.000000,-0.677109,-0.041962,0.024796,3916.000000,18.149963,-24.000000,-102.750000,3916.000000
39170.000000,-0.454101,0.071289,0.894531,3917.000000,-0.005722,-0.102997,-0.032425,3917.000000,17.099960,-24.450012,-102.150009,3917.000000
39180.000000,-0.444824,0.071289,0.891113,3918.000000,-0.494003,0.259399,-0.093460,3918.000000,17.249954,-23.850006,-102.900009,3918.000000
39190.000000,-0.447266,0.071289,0.898437,3919.000000,-0.066757,0.137329,0.146866,3919.000000,17.249954,-25.500000,-100.950012,3919.000000
39200.000000,-0.437012,0.079102,0.889160,3920.000000,-0.066757,0.015259,0.024796,3920.000000,18.899963,-25.500000,-100.950012,3920.000000
39210.000000,-0.457031,0.065918,0.892090,3921.000000,-0.432968,0.381470,0.574112,3921.000000,17.249954,-25.950012,-102.600006,3921.000000
39220.000000,-0.455078,0.068359,0.893554,3922.000000,-0.310898,0.015259,0.085831,3922.000000,18.899963,-25.050003,-102.750000,3922.000000
39230.000000,-0.453613,0.073242,0.898437,3923.000000,-0.799179,0.076294,0.146866,3923.000000,18.749954,-25.200012,-102.600006,3923.000000
39240.000000,-0.450195,0.066895,0.884765,3924.000000,-0.677109,0.137329,0.024796,3924.000000,18.749954,-25.050003,-101.700012,3924.000000
39250.000000,-0.463867,0.071289,0.883789,3925.000000,-0.616074,0.503540,0.452042,3925.000000,17.699966,-25.050003,-101.700012,3925.000000
39260.000000,-0.452637,0.079590,0.887207,3926.000000,-0.371933,0.137329,0.146866,3926.000000,17.999954,-25.500000,-102.000000,3926.000000
39270.000000,-0.456543,0.065918,0.881836,3927.000000,-0.982285,0.137329,-0.215530,3927.000000,17.999954,-25.800003,-103.050003,3927.000000
39280.000000,-0.455566,0.063477,0.891601,3928.000000,-0.249863,0.442505,0.024796,3928.000000,19.649963,-25.800003,-103.050003,3928.000000
39290.000000,-0.466797,0.074707,0.892578,3929.000000,-0.249863,0.137329,0.085831,3929.000000,17.699966,-25.650009,-104.400009,3929.000000
39300.000000,-0.444824,0.076660,0.888183,3930.000000,-0.310898,0.198364,0.391006,3930.000000,17.699966,-24.300003,-104.100006,3930.000000
39310.000000,-0.460449,0.062988,0.894531,3931.000000,-0.432968,0.198364,-0.093460,3931.000000,17.999954,-24.300003,-104.100006,3931.000000
39320.000000,-0.456055,0.070312,0.890136,3932.000000,-0.432968,0.564575,-0.215530,3932.000000,17.849960,-25.050003,-102.750000,3932.000000
39330.000000,-0.446777,0.079590,0.887695,3933.000000,-0.188828,0.259399,-0.093460,3933.000000,17.999954,-26.400009,-103.200012,3933.000000
39340.000000,-0.443359,0.069336,0.883789,3934.000000,-0.555038,0.320435,0.024796,3934.000000,17.999954,-24.300003,-102.000000,3934.000000
39350.000000,-0.457519,0.092285,0.886719,3935.000000,-0.249863,0.442505,0.146866,3935.000000,17.699966,-24.300003,-102.000000,3935.000000
39360.000000,-0.446777,0.063965,0.915039,3936.000000,0.051498,0.137329,0.391006,3936.000000,19.049957,-25.050003,-103.050003,3936.000000
39370.000000,-0.454101,0.073242,0.895019,3937.000000,-0.494003,0.198364,0.757217,3937.000000,19.049957,-24.300003,-103.050003,3937.000000
39380.000000,-0.445801,0.074707,0.892578,3938.000000,-0.494003,0.015259,0.391006,3938.000000,17.849960,-24.300003,-103.050003,3938.000000
39390.000000,-0.460937,0.070801,0.887695,3939.000000,-0.188828,-0.164032,0.391006,3939.000000,17.099960,-25.200012,-103.200012,3939.000000
39400.000000,-0.442871,0.068359,0.888672,3940.000000,-0.921249,0.320435,0.635147,3940.000000,17.099960,-25.650009,-103.200012,3940.000000
39410.000000,-0.447266,0.071289,0.896972,3941.000000,-0.188828,0.137329,-0.093460,3941.000000,17.849960,-25.650009,-103.200012,3941.000000
39420.000000,-0.453125,0.064453,0.899414,3942.000000,0.234604,0.381470,0.391006,3942.000000,16.949966,-26.700012,-101.850006,3942.000000
39430.000000,-0.459473,0.070312,0.895996,3943.000000,-0.188828,-0.041962,0.268936,3943.000000,16.949966,-25.500000,-102.750000,3943.000000
39440.000000,-0.450683,0.070801,0.892090,3944.000000,-0.677109,-0.225067,0.329971,3944.000000,17.849960,-25.500000,-102.750000,3944.000000
39450.000000,-0.457031,0.083496,0.895996,3945.000000,-0.310898,-0.041962,-0.093460,3945.000000,17.699966,-24.900009,-102.150009,3945.000000
39460.000000,-0.452148,0.078125,0.895019,3946.000000,-0.982285,-0.164032,-0.215530,3946.000000,17.699966,-24.000000,-102.450012,3946.000000
39470.000000,-0.450195,0.079590,0.901367,3947.000000,-0.188828,-0.041962,-0.459671,3947.000000,17.099960,-24.000000,-102.450012,3947.000000
39480.000000,-0.450683,0.060547,0.893066,3948.000000,-0.310898,0.076294,-0.215530,3948.000000,20.249954,-24.150009,-102.600006,3948.000000
39490.000000,-0.448730,0.058594,0.895996,3949.000000,-0.799179,0.320435,0.207901,3949.000000,18.449966,-25.800003,-102.000000,3949.000000
39500.000000,-0.439453,0.060059,0.898437,3950.000000,-1.104355,0.686646,0.452042,3950.000000,18.449966,-24.300003,-102.750000,3950.000000
39510.000000,-0.443848,0.062012,0.890136,3951.000000,-0.555038,0.564575,0.024796,3951.000000,17.549957,-24.300003,-102.750000,3951.000000
39520.000000,-0.459961,0.075684,0.887207,3952.000000,-0.738144,0.564575,0.207901,3952.000000,17.249954,-24.450012,-102.600006,3952.000000
39530.000000,-0.463379,0.069336,0.894043,3953.000000,-0.005722,0.259399,-0.215530,3953.000000,18.749954,-27.000000,-103.800003,3953.000000
39540.000000,-0.454590,0.072754,0.888672,3954.000000,-0.066757,0.320435,0.207901,3954.000000,18.449966,-24.750000,-103.050003,3954.000000
39550.000000,-0.462891,0.074219,0.899414,3955.000000,-0.432968,0.076294,0.268936,3955.000000,18.449966,-25.050003,-102.750000,3955.000000
39560.000000,-0.442383,0.082520,0.889648,3956.000000,-0.860214,-0.225067,0.024796,3956.000000,17.699966,-25.050003,-102.750000,3956.000000
39570.000000,-0.445312,0.072754,0.898437,3957.000000,-0.616074,0.259399,0.085831,3957.000000,17.999954,-25.500000,-103.050003,3957.000000
39580.000000,-0.452148,0.067871,0.896972,3958.000000,-0.555038,0.381470,-0.459671,3958.000000,17.999954,-24.750000,-102.450012,3958.000000
39590.000000,-0.453125,0.066895,0.908203,3959.000000,-0.432968,-0.347137,-0.032425,3959.000000,17.099960,-24.750000,-102.450012,3959.000000
39600.000000,-0.454590,0.066406,0.888672,3960.000000,-0.188828,0.198364,0.268936,3960.000000,18.149963,-25.650009,-101.850006,3960.000000
39610.000000,-0.449219,0.068359,0.892578,3961.000000,-0.494003,-0.041962,-0.032425,3961.000000,18.149963,-25.200012,-102.600006,3961.000000
39620.000000,-0.456543,0.074219,0.894043,3962.000000,-0.066757,-0.102997,-0.154495,3962.000000,17.549957,-25.200012,-102.600006,3962.000000
39630.000000,-0.453613,0.059570,0.895508,3963.000000,-0.249863,-0.713348,0.268936,3963.000000,18.149963,-25.650009,-101.850006,3963.000000
39640.000000,-0.454101,0.079590,0.898926,3964.000000,-0.432968,-0.713348,-0.520706,3964.000000,16.949966,-25.650009,-102.150009,3964.000000
39650.000000,-0.443359,0.068359,0.895508,3965.000000,-0.555038,-0.347137,-0.520706,3965.000000,16.949966,-25.050003,-102.000000,3965.000000
39660.000000,-0.444824,0.067871,0.904297,3966.000000,-0.616074,-0.408173,0.391006,3966.000000,16.949966,-25.050003,-102.000000,3966.000000
39670.000000,-0.437500,0.061523,0.895508,3967.000000,-0.127792,-0.408173,-0.215530,3967.000000,16.799957,-27.000000,-102.450012,3967.000000
39680.000000,-0.441894,0.068359,0.901367,3968.000000,0.356674,0.381470,0.146866,3968.000000,16.799957,-25.200012,-103.200012,3968.000000
39690.000000,-0.443848,0.055176,0.895996,3969.000000,0.173569,0.320435,0.146866,3969.000000,18.449966,-25.200012,-103.200012,3969.000000
39700.000000,-0.433105,0.068848,0.906738,3970.000000,0.295639,-0.408173,-0.154495,3970.000000,18.599960,-25.500000,-102.000000,3970.000000
39710.000000,-0.464844,0.076172,0.899902,3971.000000,-0.371933,-0.164032,-0.337601,3971.000000,18.599960,-24.450012,-102.900009,3971.000000
39720.000000,-0.453125,0.072266,0.894531,3972.000000,-1.104355,0.198364,-0.276566,3972.000000,17.099960,-24.450012,-102.900009,3972.000000
39730.000000,-0.450683,0.084961,0.908691,3973.000000,-0.799179,0.259399,0.085831,3973.000000,18.449966,-25.200012,-103.650009,3973.000000
39740.000000,-0.446289,0.067871,0.885254,3974.000000,-0.066757,0.442505,-0.093460,3974.000000,18.449966,-26.250000,-103.500000,3974.000000
39750.000000,-0.451660,0.067871,0.902344,3975.000000,-0.310898,0.503540,-0.215530,3975.000000,17.699966,-26.250000,-103.500000,3975.000000
39760.000000,-0.456055,0.055176,0.896484,3976.000000,-0.860214,0.198364,-0.154495,3976.000000,16.799957,-26.550003,-102.450012,3976.000000
39770.000000,-0.449707,0.082031,0.891601,3977.000000,-0.188828,0.198364,0.207901,3977.000000,16.799957,-25.950012,-103.950012,3977.000000
39780.000000,-0.462891,0.066895,0.902344,3978.000000,-0.432968,0.259399,0.513077,3978.000000,15.899963,-25.950012,-103.950012,3978.000000
39790.000000,-0.451660,0.081543,0.896484,3979.000000,-0.188828,0.198364,0.024796,3979.000000,17.999954,-24.300003,-103.800003,3979.000000
39800.000000,-0.451172,0.061523,0.889648,3980.000000,-0.371933,0.137329,0.085831,3980.000000,19.049957,-24.750000,-103.050003,3980.000000
39810.000000,-0.454590,0.059082,0.895019,3981.000000,-0.066757,0.137329,-0.093460,3981.000000,19.049957,-25.500000,-102.450012,3981.000000
39820.000000,-0.438965,0.062500,0.896972,3982.000000,-0.371933,0.198364,0.146866,3982.000000,17.699966,-25.500000,-102.450012,3982.000000
39830.000000,-0.452637,0.072754,0.889160,3983.000000,0.112534,-0.164032,0.268936,3983.000000,17.699966,-24.300003,-102.000000,3983.000000
39840.000000,-0.444336,0.074219,0.904297,3984.000000,0.112534,0.198364,-0.154495,3984.000000,17.249954,-24.300003,-102.000000,3984.000000
39850.000000,-0.450683,0.056641,0.893554,3985.000000,-0.677109,0.503540,-0.032425,3985.000000,18.749954,-25.050003,-102.000000,3985.000000
39860.000000,-0.463867,0.071289,0.884277,3986.000000,-0.494003,0.259399,-0.215530,3986.000000,18.749954,-25.050003,-102.750000,3986.000000
39870.000000,-0.454101,0.063965,0.892090,3987.000000,-0.310898,0.259399,0.391006,3987.000000,18.449966,-25.050003,-102.750000,3987.000000
39880.000000,-0.448730,0.065918,0.895508,3988.000000,0.051498,0.503540,0.207901,3988.000000,17.699966,-25.500000,-103.800003,3988.000000
39890.000000,-0.441894,0.052246,0.896972,3989.000000,0.173569,-0.102997,0.207901,3989.000000,17.699966,-23.550003,-103.500000,3989.000000
39900.000000,-0.451660,0.057129,0.895996,3990.000000,-0.310898,0.442505,0.452042,3990.000000,18.749954,-23.550003,-103.500000,3990.000000
39910.000000,-0.446777,0.073730,0.897461,3991.000000,-0.494003,0.198364,0.024796,3991.000000,17.099960,-24.300003,-101.250000,3991.000000
39920.000000,-0.448242,0.069824,0.896972,3992.000000,0.417709,0.442505,0.391006,3992.000000,17.099960,-25.950012,-103.200012,3992.000000
39930.000000,-0.457519,0.062012,0.893066,3993.000000,0.112534,0.198364,0.146866,3993.000000,18.449966,-25.950012,-103.200012,3993.000000
39940.000000,-0.452637,0.065918,0.895019,3994.000000,-0.310898,0.076294,0.146866,3994.000000,17.849960,-25.500000,-103.050003,3994.000000
39950.000000,-0.449219,0.071289,0.886230,3995.000000,-0.432968,0.320435,-0.032425,3995.000000,17.699966,-25.650009,-102.900009,3995.000000
39960.000000,-0.451172,0.061523,0.895019,3996.000000,0.234604,0.442505,-0.337601,3996.000000,17.699966,-25.800003,-102.450012,3996.000000
39970.000000,-0.443848,0.074707,0.905273,3997.000000,-0.616074,0.320435,0.452042,3997.000000,18.149963,-25.800003,-102.450012,3997.000000
39980.000000,-0.465820,0.063477,0.912597,3998.000000,-0.249863,0.564575,0.085831,3998.000000,18.899963,-25.200012,-102.900009,3998.000000
39990.000000,-0.450683,0.071289,0.895996,3999.000000,-0.982285,0.808716,0.207901,3999.000000,18.899963,-24.900009,-102.600006,3999.000000
40000.000000,-0.445801,0.067383,0.889160,4000.000000,-0.677109,0.259399,0.329971,4000.000000,19.649963,-24.900009,-102.600006,4000.000000
40010.000000,-0.458496,0.069336,0.890625,4001.000000,-0.127792,0.381470,0.085831,4001.000000,17.999954,-24.900009,-103.650009,4001.000000
40020.000000,-0.459961,0.066406,0.893554,4002.000000,-0.799179,-0.164032,0.513077,4002.000000,17.999954,-23.550003,-103.050003,4002.000000
40030.000000,-0.455078,0.067383,0.890136,4003.000000,0.051498,0.198364,0.268936,4003.000000,18.149963,-23.550003,-103.050003,4003.000000
40040.000000,-0.460937,0.064453,0.904297,4004.000000,0.173569,0.198364,0.085831,4004.000000,17.849960,-24.150009,-102.150009,4004.000000
40050.000000,-0.451172,0.078613,0.886719,4005.000000,-0.188828,0.503540,0.207901,4005.000000,17.849960,-25.950012,-102.600006,4005.000000
40060.000000,-0.448730,0.063965,0.897949,4006.000000,-0.066757,-0.347137,0.391006,4006.000000,18.599960,-25.950012,-102.600006,4006.000000
40070.000000,-0.466797,0.062012,0.898437,4007.000000,-0.188828,-0.102997,0.024796,4007.000000,16.949966,-26.400009,-101.850006,4007.000000
40080.000000,-0.447754,0.059082,0.899902,4008.000000,-0.555038,-0.286102,0.268936,4008.000000,16.949966,-25.050003,-102.000000,4008.000000
40090.000000,-0.459961,0.065430,0.899414,4009.000000,-0.371933,-0.225067,0.024796,4009.000000,19.349960,-25.050003,-102.000000,4009.000000
40100.000000,-0.440918,0.055176,0.891601,4010.000000,-0.799179,0.198364,0.024796,4010.000000,18.149963,-26.400009,-103.200012,4010.000000
40110.000000,-0.435059,0.063965,0.903320,4011.000000,-0.860214,0.381470,0.268936,4011.000000,17.099960,-25.200012,-101.850006,4011.000000
40120.000000,-0.458984,0.071777,0.903320,4012.000000,-0.310898,0.320435,-0.337601,4012.000000,17.099960,-24.900009,-104.400009,4012.000000
40130.000000,-0.456055,0.073730,0.903808,4013.000000,-0.066757,0.320435,0.329971,4013.000000,19.049957,-24.900009,-104.400009,4013.000000
40140.000000,-0.440918,0.059082,0.887695,4014.000000,-0.127792,0.320435,-0.581741,4014.000000,17.249954,-25.050003,-102.000000,4014.000000
40150.000000,-0.459473,0.062500,0.902344,4015.000000,-0.188828,0.381470,0.146866,4015.000000,17.249954,-24.750000,-102.000000,4015.000000
40160.000000,-0.459961,0.067871,0.888183,4016.000000,0.051498,0.869751,-0.337601,4016.000000,19.049957,-24.750000,-102.000000,4016.000000
40170.000000,-0.457031,0.071777,0.898926,4017.000000,-0.127792,0.625610,-0.520706,4017.000000,17.099960,-25.050003,-102.750000,4017.000000
40180.000000,-0.450195,0.063477,0.895996,4018.000000,0.600815,0.442505,-0.337601,4018.000000,17.099960,-25.200012,-103.650009,4018.000000
40190.000000,-0.438476,0.063477,0.894043,4019.000000,0.112534,0.564575,0.207901,4019.000000,17.849960,-25.200012,-103.650009,4019.000000
40200.000000,-0.441894,0.053711,0.902832,4020.000000,-0.677109,0.564575,0.024796,4020.000000,17.099960,-25.650009,-103.650009,4020.000000
40210.000000,-0.447754,0.063477,0.902344,4021.000000,-0.555038,0.503540,-0.337601,4021.000000,17.099960,-25.650009,-102.600006,4021.000000
40220.000000,-0.446289,0.072754,0.895508,4022.000000,-0.310898,0.015259,0.452042,4022.000000,17.699966,-25.650009,-102.600006,4022.000000
40230.000000,-0.459961,0.060059,0.887695,4023.000000,-0.127792,0.259399,0.024796,4023.000000,18.449966,-25.500000,-103.050003,4023.000000
40240.000000,-0.453125,0.061035,0.899902,4024.000000,0.234604,0.198364,0.268936,4024.000000,18.449966,-25.500000,-102.750000,4024.000000
40250.000000,-0.467285,0.057617,0.902832,4025.000000,-0.005722,-0.408173,0.085831,4025.000000,18.599960,-25.500000,-102.750000,4025.000000
40260.000000,-0.467773,0.074219,0.898926,4026.000000,0.173569,-0.591278,0.268936,4026.000000,18.749954,-24.900009,-101.850006,4026.000000
40270.000000,-0.440918,0.065918,0.897461,4027.000000,0.173569,0.259399,0.024796,4027.000000,16.799957,-26.250000,-101.700012,4027.000000
40280.000000,-0.458008,0.057617,0.895508,4028.000000,-0.066757,0.198364,0.268936,4028.000000,18.449966,-25.950012,-102.900009,4028.000000
40290.000000,-0.441894,0.066895,0.894531,4029.000000,-0.494003,1.052856,0.391006,4029.000000,17.849960,-26.250000,-102.000000,4029.000000
40300.000000,-0.466797,0.069336,0.907226,4030.000000,0.295639,0.198364,0.085831,4030.000000,17.849960,-25.950012,-101.850006,4030.000000
40310.000000,-0.455566,0.070801,0.891113,4031.000000,0.356674,0.015259,0.268936,4031.000000,18.149963,-25.950012,-101.850006,4031.000000
40320.000000,-0.450683,0.074219,0.898437,4032.000000,0.967026,0.015259,0.146866,4032.000000,17.999954,-27.150009,-103.650009,4032.000000
40330.000000,-0.444824,0.054199,0.908691,4033.000000,0.112534,0.137329,0.146866,4033.000000,17.999954,-24.750000,-104.850006,4033.000000
40340.000000,-0.444336,0.069824,0.889160,4034.000000,-0.249863,-0.408173,0.329971,4034.000000,17.849960,-24.750000,-104.850006,4034.000000
40350.000000,-0.459961,0.064453,0.907715,4035.000000,-0.188828,-0.164032,0.268936,4035.000000,17.249954,-25.950012,-102.600006,4035.000000
40360.000000,-0.446289,0.069824,0.888183,4036.000000,-0.249863,-0.469208,0.085831,4036.000000,17.249954,-25.050003,-102.450012,4036.000000
40370.000000,-0.457031,0.075684,0.888183,4037.000000,-0.494003,-0.164032,-0.093460,4037.000000,18.449966,-25.050003,-102.450012,4037.000000
40380.000000,-0.445312,0.061523,0.895019,4038.000000,-0.494003,-0.225067,0.268936,4038.000000,17.549957,-25.500000,-103.050003,4038.000000
40390.000000,-0.451660,0.072754,0.907226,4039.000000,-0.188828,0.137329,-0.215530,4039.000000,17.549957,-24.900009,-103.200012,4039.000000
40400.000000,-0.447266,0.060547,0.894043,4040.000000,-0.310898,0.259399,-0.032425,4040.000000,16.949966,-24.900009,-103.200012,4040.000000
40410.000000,-0.444336,0.079590,0.896484,4041.000000,-0.310898,0.320435,0.146866,4041.000000,17.999954,-26.250000,-104.550003,4041.000000
40420.000000,-0.467285,0.058105,0.897461,4042.000000,0.234604,0.320435,-0.093460,4042.000000,18.749954,-24.300003,-103.800003,4042.000000
40430.000000,-0.454590,0.079102,0.891113,4043.000000,-0.249863,0.015259,0.818253,4043.000000,17.699966,-25.050003,-102.750000,4043.000000
40440.000000,-0.454590,0.060059,0.890625,4044.000000,-0.127792,0.076294,0.207901,4044.000000,17.699966,-25.500000,-103.500000,4044.000000
40450.000000,-0.456543,0.067383,0.894531,4045.000000,0.112534,0.625610,0.635147,4045.000000,17.699966,-25.500000,-102.000000,4045.000000
40460.000000,-0.446289,0.065430,0.893066,4046.000000,0.234604,-0.164032,0.085831,4046.000000,17.999954,-25.500000,-102.000000,4046.000000
40470.000000,-0.473633,0.066895,0.898926,4047.000000,0.295639,-0.347137,0.268936,4047.000000,17.699966,-25.500000,-103.050003,4047.000000
40480.000000,-0.454590,0.063965,0.893554,4048.000000,0.295639,-0.041962,0.391006,4048.000000,17.699966,-23.550003,-102.750000,4048.000000
40490.000000,-0.450195,0.068359,0.905761,4049.000000,-0.127792,0.259399,-0.032425,4049.000000,19.049957,-23.550003,-102.750000,4049.000000
40500.000000,-0.454590,0.067871,0.892090,4050.000000,0.478745,-0.102997,0.879288,4050.000000,18.449966,-25.050003,-102.750000,4050.000000
40510.000000,-0.453613,0.065918,0.893554,4051.000000,0.600815,-0.591278,0.024796,4051.000000,18.449966,-24.750000,-103.800003,4051.000000
40520.000000,-0.448730,0.069336,0.896972,4052.000000,-0.127792,-0.164032,0.024796,4052.000000,18.449966,-24.750000,-103.800003,4052.000000
40530.000000,-0.461914,0.073730,0.897461,4053.000000,-0.127792,0.137329,-0.032425,4053.000000,17.099960,-25.050003,-104.100006,4053.000000
40540.000000,-0.442871,0.076172,0.893066,4054.000000,-0.494003,0.076294,0.574112,4054.000000,17.099960,-24.150009,-102.900009,4054.000000
40550.000000,-0.438476,0.063965,0.901855,4055.000000,0.295639,0.076294,0.513077,4055.000000,16.799957,-24.150009,-102.900009,4055.000000
40560.000000,-0.450683,0.070801,0.891113,4056.000000,0.173569,0.198364,-0.032425,4056.000000,18.149963,-25.200012,-102.900009,4056.000000
40570.000000,-0.447754,0.058594,0.887695,4057.000000,0.600815,0.381470,0.452042,4057.000000,16.949966,-24.900009,-101.850006,4057.000000
40580.000000,-0.460937,0.064453,0.902832,4058.000000,-0.188828,0.381470,0.268936,4058.000000,16.949966,-24.300003,-103.050003,4058.000000
40590.000000,-0.455078,0.069336,0.892578,4059.000000,0.173569,-0.041962,0.207901,4059.000000,16.049957,-24.300003,-103.050003,4059.000000
40600.000000,-0.442383,0.073242,0.901855,4060.000000,0.295639,0.137329,-0.093460,4060.000000,17.249954,-26.400009,-101.100006,4060.000000
40610.000000,-0.455078,0.077148,0.888183,4061.000000,0.600815,0.015259,0.085831,4061.000000,17.249954,-24.750000,-102.750000,4061.000000
40620.000000,-0.454101,0.069336,0.894531,4062.000000,0.112534,0.381470,-0.032425,4062.000000,17.549957,-24.750000,-102.750000,4062.000000
40630.000000,-0.452148,0.065430,0.892578,4063.000000,-0.494003,0.381470,0.024796,4063.000000,19.049957,-25.200012,-103.200012,4063.000000
40640.000000,-0.450195,0.060547,0.892578,4064.000000,-0.005722,0.381470,0.146866,4064.000000,19.049957,-25.500000,-102.450012,4064.000000
40650.000000,-0.467773,0.064941,0.882324,4065.000000,0.417709,0.015259,0.085831,4065.000000,17.249954,-25.500000,-102.450012,4065.000000
40660.000000,-0.446289,0.074707,0.904785,4066.000000,0.783920,-0.041962,-0.276566,4066.000000,16.799957,-26.250000,-103.050003,4066.000000
40670.000000,-0.444336,0.074707,0.900390,4067.000000,0.905991,0.198364,-0.032425,4067.000000,16.799957,-25.650009,-102.150009,4067.000000
40680.000000,-0.447266,0.068359,0.884277,4068.000000,0.600815,0.686646,0.207901,4068.000000,17.999954,-25.650009,-102.150009,4068.000000
40690.000000,-0.457031,0.066406,0.887695,4069.000000,-0.066757,0.503540,0.574112,4069.000000,17.249954,-24.750000,-103.050003,4069.000000
40700.000000,-0.458984,0.071777,0.906250,4070.000000,-0.127792,0.625610,0.391006,4070.000000,17.249954,-25.050003,-103.500000,4070.000000
40710.000000,-0.448242,0.060547,0.898437,4071.000000,0.356674,0.320435,-0.276566,4071.000000,17.849960,-25.050003,-103.500000,4071.000000
40720.000000,-0.431641,0.067871,0.885742,4072.000000,0.295639,0.320435,0.329971,4072.000000,17.999954,-25.950012,-102.900009,4072.000000
40730.000000,-0.441894,0.062988,0.910644,4073.000000,-0.432968,0.076294,0.024796,4073.000000,16.799957,-26.550003,-103.500000,4073.000000
40740.000000,-0.436035,0.060059,0.895019,4074.000000,0.173569,0.808716,0.391006,4074.000000,16.799957,-25.200012,-103.200012,4074.000000
40750.000000,-0.460449,0.070312,0.894531,4075.000000,0.356674,0.747681,-0.276566,4075.000000,17.849960,-25.200012,-103.200012,4075.000000
40760.000000,-0.452148,0.069336,0.897949,4076.000000,-0.005722,0.808716,-0.276566,4076.000000,18.149963,-26.400009,-103.200012,4076.000000
40770.000000,-0.448242,0.079590,0.896484,4077.000000,0.539780,0.198364,-0.215530,4077.000000,18.149963,-24.900009,-103.950012,4077.000000
40780.000000,-0.449219,0.065918,0.905273,4078.000000,-0.066757,0.747681,-0.154495,4078.000000,17.999954,-24.900009,-103.950012,4078.000000
40790.000000,-0.455078,0.068359,0.896972,4079.000000,0.051498,0.503540,-0.032425,4079.000000,17.549957,-26.550003,-102.750000,4079.000000
40800.000000,-0.454101,0.071289,0.895019,4080.000000,0.661850,0.076294,-0.215530,4080.000000,17.549957,-23.850006,-103.950012,4080.000000
40810.000000,-0.452148,0.059570,0.887207,4081.000000,0.173569,0.625610,0.085831,4081.000000,19.499954,-23.850006,-103.950012,4081.000000
40820.000000,-0.443848,0.071777,0.894531,4082.000000,0.356674,0.076294,-0.215530,4082.000000,17.849960,-23.550003,-103.500000,4082.000000
40830.000000,-0.455078,0.066406,0.890136,4083.000000,0.051498,0.015259,0.757217,4083.000000,17.849960,-26.400009,-103.950012,4083.000000
40840.000000,-0.446289,0.073242,0.894531,4084.000000,0.173569,0.259399,0.146866,4084.000000,16.799957,-26.400009,-103.950012,4084.000000
40850.000000,-0.452148,0.060059,0.903808,4085.000000,-0.616074,0.137329,-0.032425,4085.000000,18.449966,-25.650009,-103.200012,4085.000000
40860.000000,-0.442871,0.069824,0.892578,4086.000000,-0.127792,0.381470,0.085831,4086.000000,18.449966,-25.500000,-104.850006,4086.000000
40870.000000,-0.446777,0.058594,0.900879,4087.000000,0.478745,0.259399,0.391006,4087.000000,18.149963,-25.500000,-104.850006,4087.000000
40880.000000,-0.441894,0.059082,0.898437,4088.000000,0.539780,0.503540,0.513077,4088.000000,17.249954,-24.450012,-102.600006,4088.000000
40890.000000,-0.458008,0.064453,0.897949,4089.000000,0.051498,0.381470,0.024796,4089.000000,17.249954,-24.000000,-103.050003,4089.000000
40900.000000,-0.451172,0.064453,0.900390,4090.000000,0.722885,0.381470,0.146866,4090.000000,18.899963,-24.000000,-103.050003,4090.000000
40910.000000,-0.439453,0.073242,0.897949,4091.000000,0.051498,0.076294,0.391006,4091.000000,18.749954,-25.650009,-102.900009,4091.000000
40920.000000,-0.457031,0.076172,0.897461,4092.000000,-0.005722,-0.164032,0.574112,4092.000000,18.749954,-25.050003,-104.100006,4092.000000
40930.000000,-0.444824,0.072754,0.888183,4093.000000,0.173569,0.503540,0.513077,4093.000000,17.249954,-25.050003,-104.100006,4093.000000
40940.000000,-0.441894,0.063477,0.898926,4094.000000,-0.066757,0.076294,-0.215530,4094.000000,16.649963,-24.300003,-102.000000,4094.000000
40950.000000,-0.451660,0.071289,0.891601,4095.000000,0.173569,0.320435,0.879288,4095.000000,16.649963,-24.300003,-102.750000,4095.000000
40960.000000,-0.442871,0.075195,0.886719,4096.000000,-0.066757,0.686646,0.024796,4096.000000,18.449966,-24.300003,-102.750000,4096.000000
40970.000000,-0.456543,0.070801,0.882324,4097.000000,-0.310898,0.808716,0.268936,4097.000000,17.249954,-24.300003,-104.550003,4097.000000
40980.000000,-0.430176,0.076172,0.901367,4098.000000,0.173569,0.503540,0.146866,4098.000000,17.249954,-24.000000,-102.000000,4098.000000
40990.000000,-0.446289,0.067383,0.906250,4099.000000,0.417709,0.320435,0.329971,4099.000000,18.599960,-24.000000,-102.000000,4099.000000
41000.000000,-0.453613,0.076660,0.891601,4100.000000,0.722885,0.320435,-0.154495,4100.000000,18.899963,-25.650009,-100.800003,4100.000000
41010.000000,-0.455566,0.073730,0.893554,4101.000000,0.417709,0.381470,0.085831,4101.000000,18.899963,-22.350006,-101.850006,4101.000000
41020.000000,-0.458008,0.056152,0.894531,4102.000000,0.356674,0.747681,0.452042,4102.000000,17.999954,-22.350006,-101.850006,4102.000000
41030.000000,-0.442871,0.074219,0.894531,4103.000000,0.112534,0.686646,0.207901,4103.000000,18.449966,-25.050003,-103.500000,4103.000000
41040.000000,-0.458496,0.059570,0.895996,4104.000000,0.844955,0.625610,0.207901,4104.000000,17.849960,-25.050003,-102.750000,4104.000000
41050.000000,-0.445312,0.071777,0.898437,4105.000000,0.417709,0.625610,0.635147,4105.000000,17.849960,-24.450012,-102.150009,4105.000000
41060.000000,-0.451172,0.072266,0.901855,4106.000000,-0.066757,0.564575,-0.215530,4106.000000,16.949966,-24.450012,-102.150009,4106.000000
41070.000000,-0.453613,0.062012,0.890625,4107.000000,-0.188828,0.198364,0.085831,4107.000000,17.849960,-25.500000,-103.500000,4107.000000
41080.000000,-0.460449,0.063965,0.898926,4108.000000,0.234604,0.442505,0.452042,4108.000000,17.849960,-26.400009,-102.600006,4108.000000
41090.000000,-0.450195,0.063477,0.898437,4109.000000,-0.188828,0.137329,0.879288,4109.000000,18.449966,-26.400009,-102.600006,4109.000000
41100.000000,-0.457519,0.062988,0.894043,4110.000000,0.234604,0.076294,0.513077,4110.000000,17.549957,-24.750000,-102.450012,4110.000000
41110.000000,-0.454590,0.070801,0.886719,4111.000000,0.539780,0.320435,0.146866,4111.000000,17.549957,-26.700012,-103.650009,4111.000000
41120.000000,-0.453613,0.059082,0.899414,4112.000000,0.112534,0.198364,0.452042,4112.000000,16.949966,-26.700012,-103.650009,4112.000000
41130.000000,-0.465820,0.070801,0.880859,4113.000000,0.173569,0.137329,0.085831,4113.000000,19.049957,-25.800003,-102.750000,4113.000000
41140.000000,-0.451660,0.062500,0.890136,4114.000000,0.417709,0.259399,-0.215530,4114.000000,19.049957,-25.050003,-103.500000,4114.000000
41150.000000,-0.461914,0.060547,0.894043,4115.000000,-0.188828,0.503540,0.024796,4115.000000,17.699966,-25.050003,-103.500000,4115.000000
41160.000000,-0.458008,0.062988,0.897461,4116.000000,-0.310898,0.686646,0.635147,4116.000000,16.799957,-25.050003,-102.450012,4116.000000
41170.000000,-0.444824,0.060547,0.908203,4117.000000,-0.310898,0.442505,0.452042,4117.000000,17.099960,-25.200012,-102.600006,4117.000000
41180.000000,-0.451660,0.082031,0.890136,4118.000000,-0.005722,0.320435,0.024796,4118.000000,18.449966,-25.650009,-103.650009,4118.000000
41190.000000,-0.459961,0.068848,0.886719,4119.000000,-0.066757,0.869751,0.329971,4119.000000,17.849960,-25.800003,-102.750000,4119.000000
41200.000000,-0.459473,0.067871,0.895019,4120.000000,-0.188828,0.503540,-0.093460,4120.000000,17.849960,-25.650009,-103.650009,4120.000000
41210.000000,-0.448242,0.077148,0.897461,4121.000000,-0.371933,0.686646,0.024796,4121.000000,18.899963,-25.650009,-103.650009,4121.000000
41220.000000,-0.457031,0.072266,0.907715,4122.000000,0.234604,0.625610,0.329971,4122.000000,17.099960,-25.200012,-102.600006,4122.000000
41230.000000,-0.448730,0.063477,0.895996,4123.000000,0.051498,-0.225067,-0.032425,4123.000000,17.099960,-24.450012,-102.900009,4123.000000
41240.000000,-0.462891,0.070801,0.890625,4124.000000,-0.127792,0.198364,-0.398636,4124.000000,18.599960,-24.450012,-102.900009,4124.000000
41250.000000,-0.451172,0.075195,0.893554,4125.000000,0.234604,0.503540,-0.154495,4125.000000,17.249954,-26.400009,-102.600006,4125.000000
41260.000000,-0.441894,0.072266,0.905273,4126.000000,0.234604,0.442505,0.452042,4126.000000,17.249954,-24.000000,-102.750000,4126.000000
41270.000000,-0.450195,0.072266,0.898437,4127.000000,0.356674,0.686646,-0.154495,4127.000000,17.099960,-24.000000,-102.750000,4127.000000
41280.000000,-0.452637,0.067383,0.898437,4128.000000,-0.005722,0.381470,-0.154495,4128.000000,18.599960,-25.950012,-102.900009,4128.000000
41290.000000,-0.452148,0.062988,0.890625,4129.000000,0.112534,0.198364,-0.154495,4129.000000,18.599960,-23.850006,-103.200012,4129.000000
41300.000000,-0.461426,0.079102,0.889648,4130.000000,0.905991,0.381470,0.329971,4130.000000,17.549957,-23.850006,-103.200012,4130.000000
41310.000000,-0.455078,0.079102,0.886230,4131.000000,0.783920,0.198364,0.024796,4131.000000,18.749954,-25.200012,-103.650009,4131.000000
41320.000000,-0.453613,0.077148,0.898437,4132.000000,0.600815,0.198364,-0.154495,4132.000000,18.749954,-25.050003,-103.800003,4132.000000
41330.000000,-0.445312,0.070312,0.892578,4133.000000,1.089096,0.503540,0.024796,4133.000000,17.699966,-25.050003,-103.800003,4133.000000
41340.000000,-0.447754,0.061523,0.888672,4134.000000,0.600815,0.015259,0.085831,4134.000000,18.899963,-26.250000,-103.050003,4134.000000
41350.000000,-0.441406,0.066895,0.894043,4135.000000,0.539780,0.320435,-0.032425,4135.000000,17.249954,-25.200012,-103.200012,4135.000000
41360.000000,-0.457519,0.066406,0.889648,4136.000000,-0.188828,0.442505,0.452042,4136.000000,17.249954,-26.250000,-103.800003,4136.000000
41370.000000,-0.441894,0.076172,0.891601,4137.000000,0.234604,0.686646,0.513077,4137.000000,18.149963,-26.250000,-103.800003,4137.000000
41380.000000,-0.450195,0.072266,0.893554,4138.000000,-0.066757,0.808716,0.207901,4138.000000,16.949966,-25.650009,-103.950012,4138.000000
41390.000000,-0.434570,0.060059,0.896484,4139.000000,-0.494003,0.686646,0.329971,4139.000000,16.949966,-26.250000,-103.800003,4139.000000
41400.000000,-0.464844,0.068359,0.898926,4140.000000,-0.127792,0.625610,-0.093460,4140.000000,17.249954,-26.250000,-103.800003,4140.000000
41410.000000,-0.465332,0.065918,0.895996,4141.000000,-0.616074,0.930786,-0.215530,4141.000000,18.599960,-25.050003,-101.250000,4141.000000
41420.000000,-0.447754,0.076660,0.895996,4142.000000,-0.310898,1.113892,-0.215530,4142.000000,18.599960,-25.950012,-101.850006,4142.000000
41430.000000,-0.460937,0.067383,0.889648,4143.000000,0.295639,1.419067,0.146866,4143.000000,18.749954,-25.950012,-101.850006,4143.000000
41440.000000,-0.453125,0.070312,0.897461,4144.000000,0.356674,0.869751,-0.093460,4144.000000,17.999954,-25.050003,-103.050003,4144.000000
41450.000000,-0.456055,0.065918,0.900390,4145.000000,0.478745,0.381470,0.085831,4145.000000,17.999954,-24.300003,-103.050003,4145.000000
41460.000000,-0.457519,0.064453,0.898437,4146.000000,0.112534,0.381470,0.085831,4146.000000,18.599960,-24.300003,-103.050003,4146.000000
41470.000000,-0.455566,0.069336,0.897949,4147.000000,0.661850,0.442505,-0.032425,4147.000000,18.449966,-24.450012,-103.650009,4147.000000
41480.000000,-0.454590,0.073730,0.889160,4148.000000,0.234604,-0.347137,0.513077,4148.000000,17.699966,-24.000000,-102.750000,4148.000000
41490.000000,-0.454101,0.062500,0.890625,4149.000000,0.478745,-0.102997,-0.032425,4149.000000,17.249954,-25.500000,-102.450012,4149.000000
41500.000000,-0.454101,0.072754,0.885742,4150.000000,0.417709,0.015259,0.329971,4150.000000,17.549957,-24.750000,-103.800003,4150.000000
41510.000000,-0.455078,0.069336,0.897461,4151.000000,0.051498,0.137329,0.513077,4151.000000,17.549957,-24.450012,-102.150009,4151.000000
41520.000000,-0.446777,0.076660,0.893554,4152.000000,0.234604,0.076294,0.329971,4152.000000,17.099960,-24.450012,-102.150009,4152.000000
41530.000000,-0.462402,0.069336,0.886719,4153.000000,0.722885,0.198364,0.391006,4153.000000,17.699966,-25.650009,-103.950012,4153.000000
41540.000000,-0.450683,0.063477,0.887695,4154.000000,-0.249863,0.381470,-0.154495,4154.000000,17.699966,-25.050003,-103.500000,4154.000000
41550.000000,-0.444336,0.059570,0.888672,4155.000000,0.234604,0.320435,0.024796,4155.000000,17.549957,-25.050003,-103.500000,4155.000000
41560.000000,-0.467285,0.067871,0.903808,4156.000000,0.539780,0.137329,-0.032425,4156.000000,18.749954,-25.650009,-102.900009,4156.000000
41570.000000,-0.454101,0.080566,0.904785,4157.000000,0.661850,0.076294,0.513077,4157.000000,18.749954,-25.500000,-104.100006,4157.000000
41580.000000,-0.445801,0.063477,0.898926,4158.000000,0.783920,0.930786,0.696182,4158.000000,18.149963,-25.500000,-104.100006,4158.000000
41590.000000,-0.464355,0.071289,0.900390,4159.000000,0.539780,-0.041962,0.085831,4159.000000,16.349960,-25.650009,-103.200012,4159.000000
41600.000000,-0.446777,0.079590,0.895996,4160.000000,0.783920,0.442505,0.024796,4160.000000,16.349960,-24.450012,-102.900009,4160.000000
41610.000000,-0.440430,0.065918,0.888672,4161.000000,-0.066757,0.381470,-0.276566,4161.000000,17.699966,-24.450012,-102.900009,4161.000000
41620.000000,-0.440918,0.074219,0.890625,4162.000000,-0.188828,0.991821,-0.032425,4162.000000,17.699966,-24.000000,-103.500000,4162.000000
41630.000000,-0.461914,0.086426,0.894043,4163.000000,0.051498,0.686646,0.085831,4163.000000,17.699966,-25.050003,-102.000000,4163.000000
41640.000000,-0.449219,0.069336,0.886230,4164.000000,-0.249863,1.174927,-0.215530,4164.000000,15.749954,-25.050003,-102.000000,4164.000000
41650.000000,-0.455078,0.073730,0.892090,4165.000000,0.112534,0.564575,0.452042,4165.000000,17.099960,-24.450012,-102.600006,4165.000000
41660.000000,-0.448730,0.074219,0.908691,4166.000000,0.295639,0.808716,0.146866,4166.000000,18.449966,-25.950012,-102.600006,4166.000000
41670.000000,-0.446289,0.061523,0.893066,4167.000000,0.295639,0.625610,0.146866,4167.000000,18.449966,-25.050003,-103.500000,4167.000000
41680.000000,-0.462402,0.070312,0.897461,4168.000000,1.028061,0.808716,-0.032425,4168.000000,18.149963,-25.050003,-103.500000,4168.000000
41690.000000,-0.447266,0.076172,0.898926,4169.000000,0.783920,0.869751,0.146866,4169.000000,17.549957,-24.900009,-103.200012,4169.000000
41700.000000,-0.453125,0.072266,0.875000,4170.000000,0.417709,0.564575,0.513077,4170.000000,17.549957,-24.450012,-102.600006,4170.000000
41710.000000,-0.452637,0.080566,0.889648,4171.000000,-0.005722,0.686646,-0.032425,4171.000000,17.849960,-24.450012,-102.600006,4171.000000
41720.000000,-0.448242,0.075684,0.893066,4172.000000,0.539780,0.747681,0.146866,4172.000000,18.449966,-26.400009,-103.650009,4172.000000
41730.000000,-0.455566,0.068848,0.895508,4173.000000,-0.188828,1.113892,-0.215530,4173.000000,18.449966,-24.750000,-103.050003,4173.000000
41740.000000,-0.448242,0.065430,0.900390,4174.000000,0.173569,0.930786,0.024796,4174.000000,17.699966,-24.750000,-103.050003,4174.000000
41750.000000,-0.442871,0.071289,0.894043,4175.000000,0.112534,0.686646,-0.337601,4175.000000,17.699966,-25.050003,-103.500000,4175.000000
41760.000000,-0.455566,0.062500,0.899902,4176.000000,0.661850,0.869751,-0.459671,4176.000000,17.699966,-25.800003,-102.750000,4176.000000
41770.000000,-0.450683,0.068848,0.894043,4177.000000,0.234604,0.625610,-0.032425,4177.000000,17.999954,-25.800003,-102.750000,4177.000000
41780.000000,-0.458008,0.079102,0.905273,4178.000000,0.295639,0.869751,0.085831,4178.000000,17.999954,-25.050003,-102.750000,4178.000000
41790.000000,-0.452148,0.061035,0.901367,4179.000000,0.173569,0.930786,0.207901,4179.000000,17.549957,-25.050003,-102.750000,4179.000000
41800.000000,-0.455078,0.063965,0.900390,4180.000000,-0.555038,0.442505,0.146866,4180.000000,18.449966,-24.450012,-101.100006,4180.000000
41810.000000,-0.464355,0.077637,0.896484,4181.000000,-0.066757,0.686646,0.268936,4181.000000,17.099960,-24.750000,-102.450012,4181.000000
41820.000000,-0.451172,0.062500,0.896972,4182.000000,-0.127792,0.625610,0.818253,4182.000000,17.099960,-25.200012,-103.650009,4182.000000
41830.000000,-0.457031,0.071289,0.893554,4183.000000,-0.249863,0.930786,0.146866,4183.000000,17.699966,-25.200012,-103.650009,4183.000000
41840.000000,-0.445312,0.063965,0.884277,4184.000000,-0.066757,0.808716,-0.154495,4184.000000,18.449966,-25.050003,-103.800003,4184.000000
41850.000000,-0.447754,0.060059,0.900879,4185.000000,-0.005722,0.747681,-0.032425,4185.000000,18.449966,-25.500000,-103.050003,4185.000000
41860.000000,-0.447266,0.084961,0.896972,4186.000000,-0.371933,0.564575,0.391006,4186.000000,17.099960,-25.500000,-103.050003,4186.000000
41870.000000,-0.451660,0.082520,0.892090,4187.000000,0.600815,0.381470,-0.154495,4187.000000,17.849960,-24.900009,-102.600006,4187.000000
41880.000000,-0.447266,0.080078,0.896484,4188.000000,0.112534,0.442505,0.268936,4188.000000,17.849960,-24.900009,-103.650009,4188.000000
41890.000000,-0.443848,0.083984,0.903808,4189.000000,-0.555038,0.686646,0.146866,4189.000000,17.699966,-24.900009,-103.650009,4189.000000
41900.000000,-0.447266,0.071777,0.901367,4190.000000,-0.432968,0.686646,-0.093460,4190.000000,19.349960,-23.250000,-104.100006,4190.000000
41910.000000,-0.454101,0.071777,0.894043,4191.000000,0.173569,0.137329,0.268936,4191.000000,19.349960,-25.200012,-102.600006,4191.000000
41920.000000,-0.450195,0.078613,0.889160,4192.000000,0.173569,0.869751,0.452042,4192.000000,18.599960,-25.200012,-102.600006,4192.000000
41930.000000,-0.462891,0.056152,0.900879,4193.000000,-0.310898,0.442505,0.696182,4193.000000,16.799957,-26.400009,-102.900009,4193.000000
41940.000000,-0.460937,0.062988,0.892578,4194.000000,-0.494003,0.625610,0.635147,4194.000000,16.799957,-24.450012,-103.200012,4194.000000
41950.000000,-0.456543,0.070801,0.887207,4195.000000,-0.066757,1.113892,0.635147,4195.000000,18.449966,-24.450012,-103.200012,4195.000000
41960.000000,-0.442871,0.068848,0.887207,4196.000000,0.173569,0.930786,0.757217,4196.000000,17.999954,-24.750000,-103.500000,4196.000000
41970.000000,-0.450683,0.065918,0.892578,4197.000000,0.173569,0.930786,0.391006,4197.000000,18.899963,-26.550003,-103.050003,4197.000000
41980.000000,-0.444824,0.070801,0.901367,4198.000000,0.295639,0.747681,0.391006,4198.000000,18.899963,-25.650009,-102.600006,4198.000000
41990.000000,-0.442871,0.063965,0.887207,4199.000000,-0.188828,0.686646,0.513077,4199.000000,17.549957,-25.650009,-102.600006,4199.000000
42000.000000,-0.452148,0.064941,0.897461,4200.000000,-0.432968,0.564575,-0.032425,4200.000000,16.949966,-25.650009,-104.400009,4200.000000
42010.000000,-0.446777,0.071289,0.913086,4201.000000,-0.066757,0.686646,0.391006,4201.000000,16.949966,-26.550003,-102.750000,4201.000000
42020.000000,-0.452637,0.075195,0.886719,4202.000000,-0.249863,0.747681,0.024796,4202.000000,18.449966,-26.550003,-102.750000,4202.000000
42030.000000,-0.451660,0.060547,0.897461,4203.000000,0.417709,0.747681,-0.093460,4203.000000,18.449966,-25.500000,-102.750000,4203.000000
42040.000000,-0.460937,0.067383,0.897461,4204.000000,0.295639,1.052856,0.391006,4204.000000,18.449966,-25.500000,-103.050003,4204.000000
42050.000000,-0.461914,0.078125,0.887695,4205.000000,0.112534,1.174927,0.329971,4205.000000,19.649963,-25.500000,-103.050003,4205.000000
42060.000000,-0.442383,0.064941,0.886230,4206.000000,0.295639,0.930786,0.024796,4206.000000,16.949966,-25.650009,-102.150009,4206.000000
42070.000000,-0.450195,0.079590,0.901855,4207.000000,0.417709,0.259399,-0.093460,4207.000000,17.099960,-24.300003,-102.750000,4207.000000
42080.000000,-0.468750,0.075684,0.886230,4208.000000,0.173569,0.442505,0.024796,4208.000000,17.999954,-24.900009,-102.900009,4208.000000
42090.000000,-0.451172,0.059570,0.907715,4209.000000,0.112534,0.381470,0.085831,4209.000000,17.999954,-24.000000,-102.000000,4209.000000
42100.000000,-0.451172,0.073730,0.895508,4210.000000,-0.432968,0.259399,0.085831,4210.000000,17.999954,-24.000000,-102.000000,4210.000000
42110.000000,-0.460937,0.063965,0.884765,4211.000000,0.478745,0.137329,0.329971,4211.000000,18.749954,-25.050003,-103.500000,4211.000000
42120.000000,-0.460937,0.063477,0.879883,4212.000000,0.722885,0.259399,-0.154495,4212.000000,17.549957,-25.500000,-103.500000,4212.000000
42130.000000,-0.467285,0.071289,0.890136,4213.000000,-0.066757,0.625610,0.024796,4213.000000,17.549957,-25.650009,-102.150009,4213.000000
42140.000000,-0.459473,0.073242,0.883301,4214.000000,0.234604,0.381470,0.024796,4214.000000,17.849960,-25.650009,-102.150009,4214.000000
42150.000000,-0.451172,0.076660,0.885742,4215.000000,-0.249863,0.686646,0.146866,4215.000000,17.999954,-26.400009,-102.600006,4215.000000
42160.000000,-0.464844,0.074219,0.891113,4216.000000,0.234604,-0.102997,-0.337601,4216.000000,17.999954,-26.250000,-102.750000,4216.000000
42170.000000,-0.448242,0.065430,0.885254,4217.000000,0.112534,0.259399,0.024796,4217.000000,17.099960,-26.250000,-102.750000,4217.000000
42180.000000,-0.452637,0.058105,0.879883,4218.000000,0.112534,-0.041962,0.207901,4218.000000,18.449966,-25.650009,-103.650009,4218.000000
42190.000000,-0.457031,0.076660,0.895508,4219.000000,0.600815,0.320435,0.329971,4219.000000,18.449966,-24.300003,-103.500000,4219.000000
42200.000000,-0.449219,0.071289,0.890625,4220.000000,0.234604,0.137329,-0.154495,4220.000000,16.799957,-24.300003,-103.500000,4220.000000
42210.000000,-0.444824,0.067871,0.877441,4221.000000,0.234604,0.320435,-0.337601,4221.000000,17.099960,-25.650009,-103.200012,4221.000000
42220.000000,-0.452148,0.077637,0.897949,4222.000000,0.234604,0.869751,0.329971,4222.000000,17.099960,-25.200012,-102.900009,4222.000000
42230.000000,-0.445801,0.075195,0.895996,4223.000000,-0.066757,0.381470,-0.032425,4223.000000,17.549957,-25.200012,-102.900009,4223.000000
42240.000000,-0.463379,0.074219,0.902344,4224.000000,0.539780,0.259399,-0.154495,4224.000000,17.549957,-24.450012,-102.900009,4224.000000
42250.000000,-0.452637,0.073730,0.898437,4225.000000,0.783920,-0.164032,0.391006,4225.000000,17.549957,-26.400009,-102.150009,4225.000000
42260.000000,-0.460449,0.074219,0.886719,4226.000000,0.661850,0.625610,0.329971,4226.000000,17.249954,-26.400009,-102.150009,4226.000000
42270.000000,-0.448242,0.076660,0.895019,4227.000000,0.173569,-0.347137,-0.093460,4227.000000,16.799957,-24.750000,-102.750000,4227.000000
42280.000000,-0.452148,0.077637,0.885742,4228.000000,-0.371933,-0.102997,-0.032425,4228.000000,17.699966,-24.450012,-102.600006,4228.000000
42290.000000,-0.441894,0.056641,0.894043,4229.000000,-0.127792,0.442505,0.146866,4229.000000,17.699966,-25.800003,-102.750000,4229.000000
42300.000000,-0.450683,0.073242,0.881347,4230.000000,-0.799179,0.076294,-0.093460,4230.000000,18.599960,-25.800003,-102.750000,4230.000000
42310.000000,-0.457519,0.063477,0.902832,4231.000000,-0.310898,0.259399,0.085831,4231.000000,17.249954,-24.900009,-103.200012,4231.000000
42320.000000,-0.442383,0.074707,0.894043,4232.000000,0.417709,0.259399,-0.215530,4232.000000,17.249954,-24.300003,-102.450012,4232.000000
42330.000000,-0.453613,0.061523,0.899902,4233.000000,-0.310898,0.503540,0.024796,4233.000000,17.549957,-24.300003,-102.450012,4233.000000
42340.000000,-0.458496,0.061035,0.894043,4234.000000,0.478745,0.259399,0.085831,4234.000000,19.499954,-25.650009,-103.200012,4234.000000
42350.000000,-0.463379,0.073242,0.897461,4235.000000,0.356674,0.198364,-0.276566,4235.000000,19.499954,-24.750000,-101.700012,4235.000000
42360.000000,-0.460449,0.072266,0.894043,4236.000000,0.356674,-0.102997,0.207901,4236.000000,16.649963,-24.750000,-101.700012,4236.000000
42370.000000,-0.460449,0.071289,0.893554,4237.000000,-0.249863,0.015259,0.329971,4237.000000,19.049957,-27.000000,-102.750000,4237.000000
42380.000000,-0.464355,0.067871,0.890625,4238.000000,-0.005722,0.076294,0.024796,4238.000000,18.149963,-26.250000,-103.050003,4238.000000
42390.000000,-0.464844,0.063965,0.888183,4239.000000,-0.371933,-0.102997,0.635147,4239.000000,17.699966,-26.700012,-102.900009,4239.000000
42400.000000,-0.457031,0.076660,0.896972,4240.000000,-0.310898,-0.286102,0.391006,4240.000000,17.699966,-25.050003,-103.050003,4240.000000
42410.000000,-0.446777,0.074219,0.882324,4241.000000,0.234604,-0.774384,0.391006,4241.000000,17.549957,-25.050003,-103.050003,4241.000000
42420.000000,-0.447754,0.065430,0.892090,4242.000000,0.051498,-1.018524,0.329971,4242.000000,18.899963,-25.200012,-102.900009,4242.000000
42430.000000,-0.463379,0.071777,0.896972,4243.000000,0.112534,-0.896454,0.329971,4243.000000,17.249954,-25.950012,-103.950012,4243.000000
42440.000000,-0.448730,0.075195,0.894043,4244.000000,0.051498,-0.774384,0.452042,4244.000000,17.249954,-24.300003,-103.500000,4244.000000
42450.000000,-0.453125,0.080566,0.893066,4245.000000,0.722885,-0.347137,-0.154495,4245.000000,16.949966,-24.300003,-103.500000,4245.000000
42460.000000,-0.451172,0.066895,0.887207,4246.000000,0.295639,-0.652313,-0.032425,4246.000000,18.449966,-24.750000,-104.550003,4246.000000
42470.000000,-0.437500,0.071289,0.877929,4247.000000,-0.188828,-0.652313,-0.337601,4247.000000,18.449966,-25.800003,-100.950012,4247.000000
42480.000000,-0.441406,0.079102,0.882324,4248.000000,0.295639,0.381470,-0.459671,4248.000000,17.849960,-25.800003,-100.950012,4248.000000
42490.000000,-0.445312,0.060547,0.897461,4249.000000,0.234604,-0.041962,-0.520706,4249.000000,18.899963,-25.650009,-103.950012,4249.000000
42500.000000,-0.446289,0.078613,0.888183,4250.000000,0.539780,-0.225067,-0.276566,4250.000000,18.899963,-24.900009,-102.600006,4250.000000
42510.000000,-0.463379,0.070801,0.901855,4251.000000,-0.005722,-0.225067,0.146866,4251.000000,18.149963,-24.900009,-102.600006,4251.000000
42520.000000,-0.445801,0.062988,0.896972,4252.000000,-0.066757,0.076294,0.207901,4252.000000,18.449966,-25.650009,-103.650009,4252.000000
42530.000000,-0.454101,0.078613,0.889160,4253.000000,-0.616074,-0.408173,0.574112,4253.000000,18.449966,-25.050003,-102.750000,4253.000000
42540.000000,-0.464844,0.068848,0.890136,4254.000000,-0.555038,-0.041962,-0.032425,4254.000000,17.549957,-25.050003,-102.750000,4254.000000
42550.000000,-0.460937,0.072266,0.889160,4255.000000,-0.432968,0.076294,0.024796,4255.000000,17.999954,-25.950012,-101.550003,4255.000000
42560.000000,-0.451172,0.067383,0.887207,4256.000000,-0.188828,-0.102997,0.574112,4256.000000,17.999954,-25.800003,-101.700012,4256.000000
42570.000000,-0.441406,0.069824,0.888672,4257.000000,-0.982285,-0.469208,-0.215530,4257.000000,17.849960,-25.800003,-101.700012,4257.000000
42580.000000,-0.457031,0.068359,0.887695,4258.000000,0.112534,-0.347137,-0.154495,4258.000000,19.499954,-24.450012,-101.850006,4258.000000
42590.000000,-0.456543,0.068359,0.895996,4259.000000,0.295639,0.076294,0.513077,4259.000000,16.649963,-27.300003,-102.750000,4259.000000
42600.000000,-0.454590,0.061523,0.893554,4260.000000,0.295639,0.076294,0.146866,4260.000000,16.649963,-25.050003,-102.450012,4260.000000
42610.000000,-0.438476,0.068359,0.896972,4261.000000,0.600815,0.198364,-0.154495,4261.000000,19.049957,-25.050003,-102.450012,4261.000000
42620.000000,-0.447266,0.072266,0.888183,4262.000000,-0.127792,0.625610,-0.459671,4262.000000,17.249954,-26.550003,-102.450012,4262.000000
42630.000000,-0.454590,0.064941,0.884765,4263.000000,-0.188828,0.564575,-0.337601,4263.000000,17.249954,-26.250000,-104.100006,4263.000000
42640.000000,-0.465820,0.082031,0.896484,4264.000000,-0.310898,0.320435,-0.093460,4264.000000,17.849960,-26.250000,-104.100006,4264.000000
42650.000000,-0.455566,0.069824,0.887695,4265.000000,-0.127792,0.442505,-0.215530,4265.000000,17.699966,-25.200012,-103.200012,4265.000000
42660.000000,-0.450195,0.069336,0.891113,4266.000000,0.295639,-0.286102,-0.459671,4266.000000,17.699966,-25.050003,-102.750000,4266.000000
42670.000000,-0.441894,0.065430,0.893066,4267.000000,-0.310898,0.198364,-0.520706,4267.000000,17.099960,-25.050003,-102.750000,4267.000000
42680.000000,-0.463379,0.075195,0.882812,4268.000000,-0.066757,0.503540,0.146866,4268.000000,17.099960,-24.900009,-103.200012,4268.000000
42690.000000,-0.467285,0.070312,0.885254,4269.000000,-0.677109,0.503540,0.024796,4269.000000,18.149963,-24.900009,-103.200012,4269.000000
42700.000000,-0.456055,0.070312,0.894531,4270.000000,-0.249863,0.381470,0.268936,4270.000000,17.849960,-26.400009,-103.950012,4270.000000
42710.000000,-0.456055,0.071777,0.897461,4271.000000,-0.738144,0.320435,-0.276566,4271.000000,17.849960,-25.650009,-103.950012,4271.000000
42720.000000,-0.463379,0.067383,0.895996,4272.000000,-0.310898,0.320435,0.085831,4272.000000,17.999954,-25.650009,-103.950012,4272.000000
42730.000000,-0.452148,0.072754,0.896972,4273.000000,-0.432968,0.137329,-0.398636,4273.000000,19.649963,-25.800003,-103.800003,4273.000000
42740.000000,-0.471680,0.076172,0.896484,4274.000000,-0.127792,0.381470,-0.276566,4274.000000,17.849960,-26.400009,-101.850006,4274.000000
42750.000000,-0.454590,0.065918,0.888672,4275.000000,0.051498,0.076294,0.207901,4275.000000,17.849960,-24.900009,-103.200012,4275.000000
42760.000000,-0.449219,0.075684,0.896972,4276.000000,-0.555038,0.564575,0.085831,4276.000000,18.899963,-24.900009,-103.200012,4276.000000
42770.000000,-0.458008,0.063965,0.897461,4277.000000,0.051498,0.503540,-0.093460,4277.000000,17.699966,-25.200012,-103.650009,4277.000000
42780.000000,-0.448242,0.077637,0.897461,4278.000000,-0.371933,0.015259,0.268936,4278.000000,17.699966,-25.050003,-101.700012,4278.000000
42790.000000,-0.453613,0.064453,0.899414,4279.000000,-0.188828,-0.041962,0.085831,4279.000000,17.249954,-25.050003,-101.700012,4279.000000
42800.000000,-0.461426,0.076660,0.892578,4280.000000,-0.677109,-0.347137,-0.459671,4280.000000,17.099960,-27.000000,-103.800003,4280.000000
42810.000000,-0.451172,0.062988,0.907226,4281.000000,-1.470566,0.198364,-0.032425,4281.000000,17.099960,-25.950012,-105.000000,4281.000000
42820.000000,-0.452637,0.077148,0.896972,4282.000000,-0.616074,0.320435,0.085831,4282.000000,19.049957,-25.950012,-105.000000,4282.000000
42830.000000,-0.449219,0.071289,0.899902,4283.000000,-0.982285,-0.469208,0.268936,4283.000000,17.999954,-25.500000,-104.100006,4283.000000
42840.000000,-0.455566,0.071289,0.892578,4284.000000,-0.188828,-0.102997,-0.215530,4284.000000,17.999954,-24.750000,-102.750000,4284.000000
42850.000000,-0.454101,0.070801,0.895508,4285.000000,-0.249863,0.137329,-0.032425,4285.000000,17.549957,-24.750000,-102.750000,4285.000000
42860.000000,-0.469238,0.062988,0.903808,4286.000000,-0.432968,0.320435,0.329971,4286.000000,17.699966,-26.700012,-102.600006,4286.000000
42870.000000,-0.467285,0.065918,0.894531,4287.000000,0.051498,0.198364,-0.337601,4287.000000,17.699966,-25.500000,-103.500000,4287.000000
42880.000000,-0.460449,0.062012,0.895996,4288.000000,0.417709,0.137329,0.329971,4288.000000,19.049957,-25.500000,-103.500000,4288.000000
42890.000000,-0.459961,0.068848,0.884765,4289.000000,-0.005722,0.198364,-0.032425,4289.000000,18.599960,-26.250000,-103.500000,4289.000000
42900.000000,-0.455566,0.070312,0.894043,4290.000000,-0.494003,-0.286102,-0.093460,4290.000000,19.349960,-25.650009,-105.450012,4290.000000
42910.000000,-0.444824,0.077148,0.886230,4291.000000,0.051498,-0.041962,0.329971,4291.000000,19.349960,-25.200012,-102.900009,4291.000000
42920.000000,-0.454590,0.062012,0.882324,4292.000000,-0.066757,0.076294,-0.398636,4292.000000,19.049957,-25.200012,-102.900009,4292.000000
42930.000000,-0.442871,0.065918,0.896972,4293.000000,0.051498,0.198364,0.268936,4293.000000,17.999954,-26.250000,-102.450012,4293.000000
42940.000000,-0.446289,0.062988,0.900879,4294.000000,-0.066757,0.320435,-0.032425,4294.000000,17.999954,-25.800003,-103.800003,4294.000000
42950.000000,-0.453125,0.064453,0.903808,4295.000000,-0.188828,0.198364,0.268936,4295.000000,16.649963,-25.800003,-103.800003,4295.000000
42960.000000,-0.453125,0.074707,0.898437,4296.000000,0.356674,0.076294,-0.459671,4296.000000,18.449966,-24.750000,-102.450012,4296.000000
42970.000000,-0.450683,0.064453,0.896972,4297.000000,-0.005722,0.320435,-0.276566,4297.000000,19.049957,-25.500000,-104.550003,4297.000000
42980.000000,-0.445312,0.075684,0.886719,4298.000000,-0.494003,0.259399,-0.093460,4298.000000,16.949966,-26.250000,-102.750000,4298.000000
42990.000000,-0.454101,0.073730,0.885742,4299.000000,0.539780,-0.347137,-0.032425,4299.000000,16.949966,-24.000000,-102.750000,4299.000000
43000.000000,-0.462891,0.063965,0.886719,4300.000000,0.295639,0.015259,-0.703812,4300.000000,17.249954,-24.000000,-102.750000,4300.000000
43010.000000,-0.459961,0.082031,0.887207,4301.000000,-0.066757,0.259399,-0.093460,4301.000000,17.099960,-25.050003,-102.450012,4301.000000
43020.000000,-0.453125,0.059570,0.895019,4302.000000,-0.066757,0.320435,-0.215530,4302.000000,17.099960,-24.450012,-103.650009,4302.000000
43030.000000,-0.450683,0.058594,0.902344,4303.000000,-0.005722,0.259399,-0.215530,4303.000000,17.099960,-24.450012,-103.650009,4303.000000
43040.000000,-0.455566,0.077148,0.897461,4304.000000,-0.494003,0.564575,-0.337601,4304.000000,17.549957,-24.900009,-103.650009,4304.000000
43050.000000,-0.457031,0.072754,0.885742,4305.000000,-0.066757,-0.102997,-0.032425,4305.000000,18.599960,-25.200012,-103.650009,4305.000000
43060.000000,-0.458984,0.060059,0.894043,4306.000000,-0.371933,0.198364,0.207901,4306.000000,18.599960,-24.450012,-102.150009,4306.000000
43070.000000,-0.467773,0.064941,0.884765,4307.000000,-0.310898,0.747681,0.940323,4307.000000,16.799957,-24.450012,-102.150009,4307.000000
43080.000000,-0.447266,0.068359,0.890625,4308.000000,-0.555038,-0.041962,0.635147,4308.000000,17.549957,-25.650009,-103.650009,4308.000000
43090.000000,-0.459961,0.062500,0.892578,4309.000000,-0.066757,-0.225067,0.268936,4309.000000,17.549957,-24.900009,-102.600006,4309.000000
43100.000000,-0.461914,0.063477,0.889160,4310.000000,0.478745,-0.225067,0.818253,4310.000000,16.949966,-24.900009,-102.600006,4310.000000
43110.000000,-0.457031,0.060547,0.889648,4311.000000,0.478745,0.259399,0.024796,4311.000000,17.549957,-27.000000,-103.500000,4311.000000
43120.000000,-0.447266,0.074707,0.899902,4312.000000,-0.005722,0.015259,0.024796,4312.000000,17.549957,-27.150009,-101.850006,4312.000000
43130.000000,-0.450683,0.062500,0.894043,4313.000000,-0.127792,-0.041962,-0.337601,4313.000000,17.849960,-27.150009,-101.850006,4313.000000
43140.000000,-0.460449,0.062988,0.894531,4314.000000,-0.188828,-0.164032,-0.337601,4314.000000,16.049957,-24.900009,-102.150009,4314.000000
43150.000000,-0.446777,0.080078,0.886719,4315.000000,-0.249863,0.320435,0.085831,4315.000000,16.049957,-24.900009,-103.950012,4315.000000
43160.000000,-0.454101,0.077148,0.892090,4316.000000,-0.799179,-0.164032,-0.703812,4316.000000,17.249954,-24.900009,-103.950012,4316.000000
43170.000000,-0.450195,0.078125,0.903808,4317.000000,-0.249863,0.076294,-0.032425,4317.000000,18.149963,-25.800003,-102.450012,4317.000000
43180.000000,-0.450683,0.066895,0.899414,4318.000000,-0.310898,0.076294,0.574112,4318.000000,18.149963,-26.400009,-103.950012,4318.000000
43190.000000,-0.459961,0.057617,0.895019,4319.000000,-0.494003,0.198364,0.207901,4319.000000,18.149963,-26.400009,-103.950012,4319.000000
43200.000000,-0.446777,0.068848,0.889160,4320.000000,-0.799179,0.198364,0.268936,4320.000000,17.699966,-25.650009,-102.900009,4320.000000
43210.000000,-0.440430,0.067871,0.900390,4321.000000,-0.738144,0.564575,0.329971,4321.000000,17.849960,-27.300003,-103.050003,4321.000000
43220.000000,-0.447754,0.067383,0.901855,4322.000000,-0.494003,0.442505,0.146866,4322.000000,17.849960,-24.150009,-102.600006,4322.000000
43230.000000,-0.448730,0.068848,0.887207,4323.000000,-0.982285,0.686646,-0.154495,4323.000000,16.349960,-24.150009,-102.600006,4323.000000
43240.000000,-0.449219,0.062988,0.905273,4324.000000,-0.982285,0.320435,0.757217,4324.000000,17.849960,-25.200012,-102.600006,4324.000000
43250.000000,-0.457519,0.070312,0.891113,4325.000000,-0.310898,0.259399,0.391006,4325.000000,17.849960,-24.150009,-103.950012,4325.000000
43260.000000,-0.448730,0.064453,0.905273,4326.000000,-0.066757,-0.164032,-0.154495,4326.000000,16.049957,-24.150009,-103.950012,4326.000000
43270.000000,-0.454101,0.083496,0.900879,4327.000000,0.112534,0.198364,0.268936,4327.000000,17.549957,-25.650009,-103.200012,4327.000000
43280.000000,-0.455566,0.071289,0.898926,4328.000000,0.417709,0.198364,0.268936,4328.000000,17.699966,-24.900009,-102.600006,4328.000000
43290.000000,-0.456055,0.073242,0.892578,4329.000000,-0.310898,0.259399,0.391006,4329.000000,17.849960,-25.500000,-100.950012,4329.000000
43300.000000,-0.460449,0.064453,0.893066,4330.000000,-0.860214,0.015259,0.085831,4330.000000,17.849960,-25.650009,-103.200012,4330.000000
43310.000000,-0.454590,0.079102,0.884765,4331.000000,-0.310898,-0.286102,0.329971,4331.000000,18.749954,-25.650009,-103.200012,4331.000000
43320.000000,-0.443359,0.074219,0.893554,4332.000000,0.295639,-0.347137,-0.215530,4332.000000,19.349960,-24.000000,-103.050003,4332.000000
43330.000000,-0.450195,0.064941,0.894043,4333.000000,-0.066757,-0.408173,0.268936,4333.000000,19.349960,-24.450012,-102.900009,4333.000000
43340.000000,-0.454101,0.064941,0.886719,4334.000000,-0.310898,-0.408173,0.146866,4334.000000,18.899963,-24.450012,-102.900009,4334.000000
43350.000000,-0.452148,0.075195,0.896972,4335.000000,-0.066757,-0.041962,0.329971,4335.000000,17.699966,-24.450012,-102.600006,4335.000000
43360.000000,-0.451172,0.075684,0.899414,4336.000000,-0.310898,-0.041962,0.391006,4336.000000,18.899963,-24.750000,-103.500000,4336.000000
43370.000000,-0.451172,0.053711,0.895508,4337.000000,-0.188828,0.076294,0.207901,4337.000000,18.899963,-23.850006,-104.400009,4337.000000
43380.000000,-0.457519,0.075195,0.890136,4338.000000,0.539780,-0.286102,0.268936,4338.000000,19.499954,-23.850006,-104.400009,4338.000000
43390.000000,-0.444824,0.068359,0.902832,4339.000000,-0.005722,0.625610,0.024796,4339.000000,18.899963,-26.550003,-102.750000,4339.000000
43400.000000,-0.451660,0.070312,0.892578,4340.000000,-0.249863,-0.164032,0.329971,4340.000000,18.899963,-25.650009,-103.200012,4340.000000
43410.000000,-0.445312,0.074219,0.885254,4341.000000,0.051498,0.381470,0.146866,4341.000000,18.899963,-25.650009,-103.200012,4341.000000
43420.000000,-0.460937,0.074219,0.892090,4342.000000,-0.921249,0.198364,0.085831,4342.000000,17.999954,-25.950012,-102.900009,4342.000000
43430.000000,-0.451660,0.064453,0.884277,4343.000000,-0.432968,0.503540,0.146866,4343.000000,17.999954,-24.750000,-100.950012,4343.000000
43440.000000,-0.455566,0.053711,0.893066,4344.000000,-1.165390,-0.225067,0.268936,4344.000000,17.999954,-24.750000,-100.950012,4344.000000
43450.000000,-0.451172,0.072754,0.899414,4345.000000,-1.287460,-0.102997,0.085831,4345.000000,18.599960,-24.750000,-102.750000,4345.000000
43460.000000,-0.449707,0.063477,0.905761,4346.000000,-1.043320,0.564575,-0.093460,4346.000000,18.599960,-24.150009,-102.900009,4346.000000
43470.000000,-0.449219,0.066895,0.894531,4347.000000,0.173569,-0.041962,-0.215530,4347.000000,19.649963,-24.150009,-102.900009,4347.000000
43480.000000,-0.452148,0.072266,0.890136,4348.000000,0.356674,0.076294,0.024796,4348.000000,18.149963,-25.950012,-102.600006,4348.000000
43490.000000,-0.457519,0.068359,0.890136,4349.000000,0.051498,0.076294,-0.276566,4349.000000,18.149963,-25.650009,-102.900009,4349.000000
43500.000000,-0.449707,0.068359,0.894531,4350.000000,0.173569,0.503540,-0.032425,4350.000000,17.249954,-25.650009,-102.900009,4350.000000
43510.000000,-0.443848,0.055176,0.897949,4351.000000,-0.005722,-0.164032,-0.093460,4351.000000,17.699966,-24.750000,-103.050003,4351.000000
43520.000000,-0.445312,0.074707,0.889648,4352.000000,0.112534,0.320435,-0.215530,4352.000000,17.699966,-25.500000,-103.050003,4352.000000
43530.000000,-0.436035,0.072266,0.887695,4353.000000,-0.371933,-0.164032,-0.276566,4353.000000,17.699966,-25.500000,-102.750000,4353.000000
43540.000000,-0.434570,0.067383,0.902344,4354.000000,0.051498,-0.041962,-0.032425,4354.000000,18.599960,-25.500000,-102.750000,4354.000000
43550.000000,-0.450195,0.068848,0.906250,4355.000000,-0.188828,0.320435,-0.032425,4355.000000,16.949966,-24.450012,-102.150009,4355.000000
43560.000000,-0.443359,0.074219,0.897949,4356.000000,-0.677109,0.381470,-0.154495,4356.000000,16.949966,-27.000000,-102.450012,4356.000000
43570.000000,-0.439941,0.062012,0.893066,4357.000000,-0.494003,0.198364,0.085831,4357.000000,19.499954,-27.000000,-102.450012,4357.000000
43580.000000,-0.453613,0.076172,0.894531,4358.000000,-0.371933,0.137329,-0.032425,4358.000000,19.499954,-25.500000,-101.700012,4358.000000
43590.000000,-0.436523,0.079590,0.898437,4359.000000,-0.738144,0.381470,-0.093460,4359.000000,18.749954,-25.500000,-101.700012,4359.000000
43600.000000,-0.454590,0.061035,0.897461,4360.000000,-0.005722,0.808716,-0.459671,4360.000000,17.249954,-25.500000,-102.750000,4360.000000
43610.000000,-0.447754,0.067383,0.885254,4361.000000,0.112534,0.320435,-0.093460,4361.000000,17.249954,-25.050003,-100.950012,4361.000000
43620.000000,-0.448730,0.060059,0.903320,4362.000000,-0.005722,0.381470,0.146866,4362.000000,19.349960,-25.050003,-100.950012,4362.000000
43630.000000,-0.451172,0.058105,0.902344,4363.000000,0.295639,0.076294,0.452042,4363.000000,17.099960,-25.950012,-103.650009,4363.000000
43640.000000,-0.443359,0.062500,0.892578,4364.000000,-0.127792,0.015259,0.207901,4364.000000,17.099960,-24.150009,-103.650009,4364.000000
43650.000000,-0.459961,0.056641,0.902344,4365.000000,-0.616074,0.320435,0.085831,4365.000000,18.599960,-24.150009,-103.650009,4365.000000
43660.000000,-0.447266,0.067871,0.900879,4366.000000,-0.127792,0.198364,0.329971,4366.000000,17.699966,-25.650009,-103.650009,4366.000000
43670.000000,-0.458984,0.064453,0.889648,4367.000000,-0.738144,0.198364,0.329971,4367.000000,18.749954,-24.300003,-103.800003,4367.000000
43680.000000,-0.449707,0.060059,0.899902,4368.000000,-0.982285,0.198364,0.146866,4368.000000,18.749954,-25.800003,-103.050003,4368.000000
43690.000000,-0.453125,0.052246,0.892090,4369.000000,-0.371933,0.198364,0.085831,4369.000000,17.849960,-25.800003,-103.050003,4369.000000
43700.000000,-0.450683,0.076172,0.895019,4370.000000,0.356674,0.442505,0.268936,4370.000000,17.549957,-25.650009,-103.650009,4370.000000
43710.000000,-0.448730,0.053223,0.888672,4371.000000,0.234604,0.381470,-0.154495,4371.000000,17.549957,-25.650009,-103.650009,4371.000000
43720.000000,-0.443359,0.072266,0.892090,4372.000000,-0.005722,0.381470,-0.154495,4372.000000,18.599960,-25.650009,-103.650009,4372.000000
43730.000000,-0.450683,0.078613,0.903808,4373.000000,-0.127792,0.564575,-0.154495,4373.000000,18.599960,-23.850006,-102.150009,4373.000000
43740.000000,-0.449707,0.061035,0.898926,4374.000000,0.234604,0.015259,0.024796,4374.000000,18.599960,-24.900009,-102.600006,4374.000000
43750.000000,-0.455078,0.072754,0.884765,4375.000000,-0.249863,0.137329,0.268936,4375.000000,17.699966,-24.900009,-102.600006,4375.000000
43760.000000,-0.452148,0.068359,0.906738,4376.000000,-0.799179,0.564575,-0.032425,4376.000000,16.949966,-25.050003,-102.750000,4376.000000
43770.000000,-0.454590,0.074707,0.902344,4377.000000,-0.371933,-0.225067,0.329971,4377.000000,16.949966,-25.050003,-103.050003,4377.000000
43780.000000,-0.461914,0.066406,0.895508,4378.000000,-0.188828,0.198364,0.391006,4378.000000,17.249954,-25.050003,-103.050003,4378.000000
43790.000000,-0.459473,0.059570,0.903320,4379.000000,-0.127792,0.442505,0.146866,4379.000000,18.749954,-24.300003,-103.800003,4379.000000
43800.000000,-0.445801,0.059082,0.910156,4380.000000,0.295639,0.625610,0.329971,4380.000000,18.749954,-24.750000,-103.050003,4380.000000
43810.000000,-0.441406,0.062988,0.887207,4381.000000,-0.066757,0.259399,-0.093460,4381.000000,17.699966,-24.750000,-103.050003,4381.000000
43820.000000,-0.458984,0.081055,0.887207,4382.000000,-0.188828,-0.286102,-0.093460,4382.000000,19.499954,-26.250000,-103.500000,4382.000000
43830.000000,-0.449707,0.065918,0.897461,4383.000000,-0.005722,0.381470,-0.276566,4383.000000,18.599960,-25.800003,-103.050003,4383.000000
43840.000000,-0.444824,0.071777,0.896972,4384.000000,0.051498,0.076294,-0.398636,4384.000000,18.599960,-24.450012,-101.850006,4384.000000
43850.000000,-0.459961,0.064941,0.892090,4385.000000,-0.310898,0.137329,0.146866,4385.000000,18.449966,-24.450012,-101.850006,4385.000000
43860.000000,-0.447266,0.049316,0.897949,4386.000000,0.051498,0.442505,0.085831,4386.000000,17.549957,-26.250000,-102.450012,4386.000000
43870.000000,-0.448242,0.061035,0.896972,4387.000000,-0.310898,0.137329,0.085831,4387.000000,17.549957,-24.900009,-103.200012,4387.000000
43880.000000,-0.449707,0.065430,0.900390,4388.000000,-0.555038,0.320435,0.268936,4388.000000,19.049957,-24.900009,-103.200012,4388.000000
43890.000000,-0.444824,0.070312,0.902344,4389.000000,-0.127792,0.137329,0.207901,4389.000000,19.049957,-25.800003,-102.450012,4389.000000
43900.000000,-0.458984,0.069824,0.900879,4390.000000,0.295639,-0.041962,-0.276566,4390.000000,16.649963,-25.800003,-102.450012,4390.000000
43910.000000,-0.453125,0.066895,0.882324,4391.000000,-0.249863,-0.164032,-0.032425,4391.000000,17.849960,-25.500000,-102.750000,4391.000000
43920.000000,-0.452148,0.067383,0.891113,4392.000000,0.051498,0.015259,0.085831,4392.000000,17.849960,-24.150009,-102.150009,4392.000000
43930.000000,-0.449219,0.056641,0.890136,4393.000000,0.478745,-0.225067,-0.093460,4393.000000,19.349960,-24.150009,-102.150009,4393.000000
43940.000000,-0.455566,0.064941,0.893554,4394.000000,0.295639,-0.347137,-0.032425,4394.000000,17.849960,-24.150009,-102.900009,4394.000000
43950.000000,-0.443359,0.065430,0.895508,4395.000000,0.478745,0.198364,0.513077,4395.000000,17.849960,-25.950012,-103.200012,4395.000000
43960.000000,-0.444336,0.076172,0.898926,4396.000000,0.905991,0.076294,-0.581741,4396.000000,17.849960,-25.950012,-103.200012,4396.000000
43970.000000,-0.459473,0.069336,0.898926,4397.000000,0.478745,-0.041962,0.146866,4397.000000,18.599960,-24.900009,-103.200012,4397.000000
43980.000000,-0.448242,0.069824,0.899414,4398.000000,0.356674,0.381470,-0.581741,4398.000000,17.849960,-24.900009,-103.950012,4398.000000
43990.000000,-0.456543,0.073242,0.900879,4399.000000,0.173569,0.259399,-0.215530,4399.000000,17.849960,-24.900009,-104.700012,4399.000000
44000.000000,-0.459961,0.067383,0.899414,4400.000000,-0.860214,0.747681,-0.215530,4400.000000,17.549957,-24.900009,-104.700012,4400.000000
44010.000000,-0.433105,0.063477,0.899414,4401.000000,-2.202988,-0.041962,-0.093460,4401.000000,17.549957,-24.900009,-104.400009,4401.000000
44020.000000,-0.452148,0.063965,0.898437,4402.000000,0.112534,0.564575,0.513077,4402.000000,17.549957,-24.150009,-103.200012,4402.000000
44030.000000,-0.450195,0.046387,0.876465,4403.000000,-1.653671,0.320435,-0.520706,4403.000000,16.649963,-24.150009,-103.200012,4403.000000
44040.000000,-0.448730,0.066406,0.885254,4404.000000,0.295639,0.808716,0.024796,4404.000000,17.099960,-24.750000,-103.800003,4404.000000
44050.000000,-0.458984,0.063965,0.889160,4405.000000,-0.799179,0.320435,-0.276566,4405.000000,17.099960,-25.200012,-102.600006,4405.000000
44060.000000,-0.455078,0.062012,0.888183,4406.000000,-1.348495,0.259399,0.574112,4406.000000,17.999954,-25.200012,-102.600006,4406.000000
44070.000000,-0.454590,0.066895,0.886230,4407.000000,-0.310898,0.442505,0.635147,4407.000000,16.649963,-26.250000,-102.750000,4407.000000
44080.000000,-0.459473,0.064941,0.906250,4408.000000,-0.432968,0.564575,0.940323,4408.000000,16.649963,-25.500000,-102.450012,4408.000000
44090.000000,-0.454101,0.070312,0.902344,4409.000000,0.722885,0.442505,0.146866,4409.000000,17.999954,-25.500000,-102.450012,4409.000000
44100.000000,-0.465332,0.064453,0.903320,4410.000000,-0.860214,0.320435,-0.215530,4410.000000,17.249954,-23.250000,-102.000000,4410.000000
44110.000000,-0.457031,0.064941,0.900390,4411.000000,1.211166,0.564575,0.146866,4411.000000,17.249954,-24.000000,-102.750000,4411.000000
44120.000000,-0.453613,0.076660,0.879883,4412.000000,-0.555038,-0.225067,0.391006,4412.000000,19.049957,-24.000000,-102.750000,4412.000000
44130.000000,-0.438476,0.062012,0.890625,4413.000000,0.234604,0.625610,-0.154495,4413.000000,17.549957,-26.250000,-102.000000,4413.000000
44140.000000,-0.446777,0.064941,0.877929,4414.000000,-0.616074,-0.347137,1.062393,4414.000000,17.999954,-24.900009,-100.800003,4414.000000
44150.000000,-0.447266,0.060059,0.887207,4415.000000,-0.677109,-0.041962,0.574112,4415.000000,17.999954,-24.750000,-102.450012,4415.000000
44160.000000,-0.437500,0.058105,0.883301,4416.000000,-0.799179,0.747681,0.024796,4416.000000,17.999954,-24.750000,-102.450012,4416.000000
44170.000000,-0.454590,0.068848,0.900879,4417.000000,0.173569,0.869751,0.207901,4417.000000,17.549957,-25.050003,-103.500000,4417.000000
44180.000000,-0.451660,0.058594,0.883301,4418.000000,0.173569,0.930786,0.024796,4418.000000,17.999954,-23.850006,-100.800003,4418.000000
44190.000000,-0.449219,0.064941,0.896972,4419.000000,0.844955,1.235962,-0.276566,4419.000000,18.149963,-24.300003,-102.000000,4419.000000
44200.000000,-0.455566,0.061523,0.896972,4420.000000,1.089096,0.991821,0.207901,4420.000000,18.149963,-24.450012,-102.600006,4420.000000
44210.000000,-0.450195,0.059570,0.885742,4421.000000,1.272202,0.869751,0.513077,4421.000000,17.999954,-24.450012,-102.600006,4421.000000
44220.000000,-0.464355,0.067871,0.894531,4422.000000,0.905991,1.113892,-0.276566,4422.000000,18.899963,-25.500000,-102.750000,4422.000000
44230.000000,-0.457031,0.062012,0.901855,4423.000000,0.478745,0.381470,0.024796,4423.000000,18.899963,-25.950012,-103.200012,4423.000000
44240.000000,-0.454590,0.064941,0.897949,4424.000000,0.905991,0.198364,0.085831,4424.000000,16.949966,-25.950012,-103.200012,4424.000000
44250.000000,-0.452148,0.069824,0.888183,4425.000000,0.417709,0.198364,0.696182,4425.000000,18.449966,-24.750000,-103.500000,4425.000000
44260.000000,-0.448730,0.079102,0.896972,4426.000000,0.478745,0.198364,-0.215530,4426.000000,18.449966,-24.300003,-102.450012,4426.000000
44270.000000,-0.457031,0.069824,0.894531,4427.000000,0.356674,0.320435,0.207901,4427.000000,17.699966,-24.300003,-102.450012,4427.000000
44280.000000,-0.452148,0.069824,0.884277,4428.000000,0.661850,-0.347137,0.329971,4428.000000,18.599960,-24.300003,-103.500000,4428.000000
44290.000000,-0.454101,0.059082,0.898926,4429.000000,0.417709,-0.286102,0.207901,4429.000000,18.749954,-24.900009,-103.650009,4429.000000
44300.000000,-0.447266,0.071777,0.898437,4430.000000,0.905991,-0.286102,0.146866,4430.000000,18.749954,-25.050003,-102.750000,4430.000000
44310.000000,-0.437012,0.062988,0.886230,4431.000000,0.539780,-0.102997,0.024796,4431.000000,17.549957,-25.050003,-102.750000,4431.000000
44320.000000,-0.441894,0.059082,0.892090,4432.000000,0.173569,0.137329,-0.032425,4432.000000,18.449966,-25.200012,-103.950012,4432.000000
44330.000000,-0.459473,0.071289,0.889160,4433.000000,0.722885,0.259399,-0.032425,4433.000000,18.449966,-26.550003,-103.500000,4433.000000
44340.000000,-0.448730,0.061035,0.886719,4434.000000,0.722885,0.564575,-0.032425,4434.000000,17.849960,-26.550003,-103.500000,4434.000000
44350.000000,-0.448730,0.074707,0.895996,4435.000000,0.478745,0.442505,0.085831,4435.000000,17.699966,-24.900009,-102.600006,4435.000000
44360.000000,-0.448242,0.062988,0.888183,4436.000000,0.478745,1.113892,0.207901,4436.000000,17.699966,-25.800003,-102.450012,4436.000000
44370.000000,-0.460937,0.062500,0.901367,4437.000000,0.417709,0.625610,-0.764847,4437.000000,17.849960,-25.800003,-102.450012,4437.000000
44380.000000,-0.450683,0.066895,0.893066,4438.000000,0.661850,1.296997,0.207901,4438.000000,17.849960,-24.900009,-103.650009,4438.000000
44390.000000,-0.448242,0.066406,0.900390,4439.000000,0.356674,0.564575,-0.459671,4439.000000,17.849960,-25.950012,-103.200012,4439.000000
44400.000000,-0.461914,0.072266,0.905273,4440.000000,0.844955,0.198364,-0.337601,4440.000000,18.149963,-25.950012,-103.200012,4440.000000
44410.000000,-0.452148,0.070312,0.892578,4441.000000,0.722885,0.381470,0.024796,4441.000000,17.849960,-23.400009,-103.950012,4441.000000
44420.000000,-0.456543,0.060547,0.885742,4442.000000,0.661850,0.320435,-0.154495,4442.000000,17.849960,-24.900009,-102.150009,4442.000000
44430.000000,-0.455566,0.078125,0.886719,4443.000000,0.783920,0.869751,0.146866,4443.000000,18.149963,-24.900009,-102.150009,4443.000000
44440.000000,-0.457031,0.065430,0.888672,4444.000000,0.844955,0.564575,-0.520706,4444.000000,17.549957,-23.850006,-102.900009,4444.000000
44450.000000,-0.437988,0.075684,0.882324,4445.000000,0.783920,0.320435,0.329971,4445.000000,17.549957,-23.850006,-103.950012,4445.000000
44460.000000,-0.444824,0.078613,0.885254,4446.000000,0.295639,0.747681,-0.032425,4446.000000,17.549957,-24.900009,-102.150009,4446.000000
44470.000000,-0.453613,0.067871,0.889160,4447.000000,1.211166,1.358032,-0.337601,4447.000000,17.999954,-24.900009,-102.150009,4447.000000
44480.000000,-0.458496,0.062500,0.894043,4448.000000,0.905991,1.419067,0.085831,4448.000000,17.999954,-24.300003,-101.700012,4448.000000
44490.000000,-0.458008,0.055664,0.891601,4449.000000,1.211166,0.808716,0.268936,4449.000000,17.249954,-24.300003,-101.700012,4449.000000
44500.000000,-0.456543,0.065430,0.900879,4450.000000,1.028061,1.846313,-0.520706,4450.000000,18.149963,-25.050003,-104.550003,4450.000000
44510.000000,-0.451660,0.064453,0.899902,4451.000000,1.089096,1.235962,-0.459671,4451.000000,18.149963,-25.650009,-102.900009,4451.000000
44520.000000,-0.458008,0.066406,0.889160,4452.000000,1.455307,1.296997,-0.398636,4452.000000,17.699966,-25.650009,-102.900009,4452.000000
44530.000000,-0.458984,0.069824,0.895508,4453.000000,0.356674,1.174927,-0.642776,4453.000000,16.199966,-25.500000,-104.550003,4453.000000
44540.000000,-0.449219,0.075684,0.899902,4454.000000,0.661850,1.052856,-0.459671,4454.000000,16.199966,-24.750000,-103.800003,4454.000000
44550.000000,-0.448730,0.064453,0.904785,4455.000000,0.722885,0.564575,0.024796,4455.000000,17.549957,-24.750000,-103.800003,4455.000000
44560.000000,-0.449219,0.069824,0.878418,4456.000000,0.783920,0.686646,0.024796,4456.000000,17.699966,-24.150009,-103.200012,4456.000000
44570.000000,-0.449219,0.055176,0.880859,4457.000000,0.295639,1.174927,0.085831,4457.000000,17.699966,-25.500000,-102.450012,4457.000000
44580.000000,-0.445312,0.084961,0.881347,4458.000000,0.661850,1.296997,0.085831,4458.000000,16.799957,-25.500000,-102.450012,4458.000000
44590.000000,-0.460937,0.076172,0.898926,4459.000000,0.844955,0.747681,0.268936,4459.000000,17.999954,-25.200012,-103.200012,4459.000000
44600.000000,-0.447266,0.079590,0.896972,4460.000000,1.089096,1.113892,-0.276566,4460.000000,18.149963,-26.250000,-103.500000,4460.000000
44610.000000,-0.454101,0.072754,0.896484,4461.000000,1.089096,1.052856,0.207901,4461.000000,18.149963,-24.150009,-101.850006,4461.000000
44620.000000,-0.446289,0.076172,0.895019,4462.000000,0.967026,0.869751,0.268936,4462.000000,16.799957,-24.150009,-101.850006,4462.000000
44630.000000,-0.443359,0.069336,0.889648,4463.000000,0.967026,1.358032,-0.093460,4463.000000,18.599960,-24.900009,-103.950012,4463.000000
44640.000000,-0.445312,0.060059,0.886230,4464.000000,1.699448,1.174927,0.207901,4464.000000,18.599960,-25.200012,-103.200012,4464.000000
44650.000000,-0.460449,0.071777,0.894043,4465.000000,1.150131,1.235962,0.391006,4465.000000,17.999954,-25.200012,-103.200012,4465.000000
44660.000000,-0.446777,0.073242,0.886719,4466.000000,0.844955,0.869751,0.146866,4466.000000,17.999954,-24.000000,-103.500000,4466.000000
44670.000000,-0.462402,0.072266,0.893066,4467.000000,1.638412,1.541138,0.085831,4467.000000,17.999954,-27.000000,-102.450012,4467.000000
44680.000000,-0.455078,0.062012,0.893554,4468.000000,1.760483,1.724243,0.452042,4468.000000,17.999954,-27.000000,-102.450012,4468.000000
44690.000000,-0.458496,0.063477,0.887695,4469.000000,2.065659,0.930786,-0.032425,4469.000000,17.999954,-25.050003,-102.750000,4469.000000
44700.000000,-0.445801,0.061523,0.890625,4470.000000,1.516342,1.602173,-0.581741,4470.000000,17.999954,-24.750000,-102.750000,4470.000000
44710.000000,-0.452637,0.083496,0.885254,4471.000000,1.089096,1.419067,-0.032425,4471.000000,17.999954,-24.750000,-102.750000,4471.000000
44720.000000,-0.462891,0.072266,0.889160,4472.000000,1.394272,1.113892,0.207901,4472.000000,17.549957,-25.500000,-102.750000,4472.000000
44730.000000,-0.462402,0.073242,0.885742,4473.000000,0.905991,1.052856,0.024796,4473.000000,17.549957,-24.150009,-103.200012,4473.000000
44740.000000,-0.458008,0.076660,0.889648,4474.000000,1.211166,1.235962,0.207901,4474.000000,17.549957,-24.150009,-103.200012,4474.000000
44750.000000,-0.462891,0.072266,0.890136,4475.000000,1.150131,1.480103,0.635147,4475.000000,16.649963,-24.900009,-103.650009,4475.000000
44760.000000,-0.439941,0.072266,0.899902,4476.000000,1.943588,1.419067,0.329971,4476.000000,17.999954,-25.050003,-104.100006,4476.000000
44770.000000,-0.455566,0.058594,0.895508,4477.000000,1.089096,1.480103,-0.032425,4477.000000,17.999954,-24.000000,-103.500000,4477.000000
44780.000000,-0.446777,0.057617,0.893066,4478.000000,2.126694,1.785278,0.085831,4478.000000,17.099960,-24.000000,-103.500000,4478.000000
44790.000000,-0.448242,0.065918,0.897461,4479.000000,2.126694,1.846313,0.574112,4479.000000,17.849960,-26.400009,-102.900009,4479.000000
44800.000000,-0.465820,0.070312,0.895996,4480.000000,1.760483,1.968384,0.207901,4480.000000,17.849960,-26.700012,-102.150009,4480.000000
44810.000000,-0.438476,0.080566,0.889160,4481.000000,1.943588,1.846313,-0.032425,4481.000000,17.849960,-26.700012,-102.150009,4481.000000
44820.000000,-0.470215,0.077148,0.886230,4482.000000,2.492905,1.907349,0.268936,4482.000000,18.149963,-25.200012,-103.200012,4482.000000
44830.000000,-0.454590,0.081543,0.886230,4483.000000,3.164291,2.395630,0.085831,4483.000000,18.149963,-25.650009,-103.200012,4483.000000
44840.000000,-0.462891,0.070312,0.883789,4484.000000,2.431870,1.907349,0.146866,4484.000000,18.599960,-25.650009,-103.200012,4484.000000
44850.000000,-0.448242,0.069824,0.878906,4485.000000,-0.066757,3.005981,-1.253128,4485.000000,18.449966,-26.400009,-102.900009,4485.000000
44860.000000,-0.491211,0.106934,0.897949,4486.000000,2.737045,6.362915,-1.680374,4486.000000,18.449966,-24.300003,-102.750000,4486.000000
44870.000000,-0.451660,0.031250,0.883789,4487.000000,3.530502,2.456665,-0.581741,4487.000000,17.549957,-24.300003,-102.750000,4487.000000
44880.000000,-0.483887,0.075684,0.872070,4488.000000,4.384995,1.663208,0.207901,4488.000000,18.149963,-24.450012,-103.950012,4488.000000
44890.000000,-0.466797,0.072754,0.899902,4489.000000,3.835678,1.174927,-0.032425,4489.000000,18.149963,-24.150009,-102.900009,4489.000000
44900.000000,-0.458984,0.083496,0.874511,4490.000000,2.614975,1.663208,-0.398636,4490.000000,18.449966,-24.150009,-102.900009,4490.000000
44910.000000,-0.455566,0.073730,0.880859,4491.000000,2.065659,2.090454,-0.215530,4491.000000,18.149963,-25.050003,-103.050003,4491.000000
44920.000000,-0.450195,0.069336,0.894043,4492.000000,1.211166,3.067017,-0.093460,4492.000000,17.549957,-26.700012,-102.900009,4492.000000
44930.000000,-0.465332,0.081055,0.887695,4493.000000,1.760483,0.808716,-0.093460,4493.000000,16.799957,-25.200012,-103.200012,4493.000000
44940.000000,-0.459473,0.074219,0.887695,4494.000000,1.638412,1.296997,-0.398636,4494.000000,16.199966,-25.200012,-103.950012,4494.000000
44950.000000,-0.452148,0.077148,0.893066,4495.000000,1.760483,1.174927,-0.276566,4495.000000,16.199966,-24.750000,-102.450012,4495.000000
44960.000000,-0.444336,0.068848,0.885254,4496.000000,2.370834,1.785278,0.085831,4496.000000,16.949966,-24.750000,-102.450012,4496.000000
44970.000000,-0.443359,0.071777,0.896484,4497.000000,2.737045,1.663208,0.513077,4497.000000,18.149963,-26.250000,-103.500000,4497.000000
44980.000000,-0.463379,0.080566,0.882324,4498.000000,2.370834,2.273560,0.574112,4498.000000,18.149963,-23.850006,-102.900009,4498.000000
44990.000000,-0.479492,0.076172,0.893066,4499.000000,1.394272,2.456665,-0.032425,4499.000000,19.349960,-23.850006,-102.900009,4499.000000
45000.000000,-0.467285,0.083008,0.886230,4500.000000,0.783920,2.578735,-0.276566,4500.000000,18.899963,-26.400009,-103.950012,4500.000000
45010.000000,-0.454101,0.067871,0.887695,4501.000000,0.844955,2.883911,-1.070023,4501.000000,18.899963,-25.950012,-102.600006,4501.000000
45020.000000,-0.464844,0.092285,0.877441,4502.000000,0.539780,2.822876,-0.093460,4502.000000,19.799957,-25.950012,-102.600006,4502.000000
45030.000000,-0.469238,0.086914,0.894043,4503.000000,1.394272,3.860474,-0.947952,4503.000000,18.749954,-25.500000,-104.550003,4503.000000
45040.000000,-0.461426,0.094238,0.902832,4504.000000,1.028061,3.494263,-0.764847,4504.000000,18.749954,-26.550003,-102.450012,4504.000000
45050.000000,-0.478516,0.085937,0.899414,4505.000000,1.089096,3.555298,-0.886917,4505.000000,18.749954,-26.550003,-102.450012,4505.000000
45060.000000,-0.474121,0.080566,0.880859,4506.000000,2.004623,2.761841,0.146866,4506.000000,19.649963,-27.000000,-102.750000,4506.000000
45070.000000,-0.479980,0.075684,0.888183,4507.000000,0.905991,2.578735,-0.459671,4507.000000,18.599960,-25.650009,-102.150009,4507.000000
45080.000000,-0.483398,0.076172,0.879883,4508.000000,1.150131,1.846313,-0.764847,4508.000000,18.599960,-25.950012,-103.950012,4508.000000
45090.000000,-0.462891,0.087891,0.880859,4509.000000,0.478745,2.334595,-0.520706,4509.000000,18.149963,-25.950012,-103.950012,4509.000000
45100.000000,-0.466797,0.067383,0.865234,4510.000000,-0.066757,2.334595,-0.581741,4510.000000,19.349960,-25.950012,-103.950012,4510.000000
45110.000000,-0.448730,0.079590,0.891601,4511.000000,0.417709,2.029419,-0.337601,4511.000000,19.349960,-27.450012,-103.950012,4511.000000
45120.000000,-0.464355,0.085449,0.899414,4512.000000,-0.066757,2.212524,-0.398636,4512.000000,17.999954,-27.450012,-103.950012,4512.000000
45130.000000,-0.472656,0.074707,0.879883,4513.000000,0.112534,2.212524,0.207901,4513.000000,16.949966,-25.050003,-105.150009,4513.000000
45140.000000,-0.479980,0.081543,0.889160,4514.000000,-0.616074,2.456665,0.146866,4514.000000,16.949966,-26.550003,-103.800003,4514.000000
45150.000000,-0.476074,0.076172,0.886230,4515.000000,-0.371933,1.419067,0.085831,4515.000000,19.949966,-26.550003,-103.800003,4515.000000
45160.000000,-0.469238,0.079590,0.869629,4516.000000,0.051498,2.090454,-0.276566,4516.000000,19.649963,-24.900009,-102.900009,4516.000000
45170.000000,-0.472168,0.078613,0.886719,4517.000000,1.150131,1.907349,0.085831,4517.000000,19.649963,-25.950012,-103.650009,4517.000000
45180.000000,-0.476562,0.066895,0.892578,4518.000000,0.600815,1.480103,-0.215530,4518.000000,20.249954,-25.950012,-103.650009,4518.000000
45190.000000,-0.474609,0.086914,0.876465,4519.000000,1.150131,1.846313,0.329971,4519.000000,19.499954,-25.500000,-104.850006,4519.000000
45200.000000,-0.462402,0.078613,0.889648,4520.000000,0.661850,1.907349,0.207901,4520.000000,19.499954,-25.500000,-103.800003,4520.000000
45210.000000,-0.463867,0.080078,0.885254,4521.000000,0.234604,1.602173,0.574112,4521.000000,16.349960,-25.500000,-103.800003,4521.000000
45220.000000,-0.474609,0.075195,0.881836,4522.000000,-1.043320,1.174927,0.024796,4522.000000,19.349960,-25.200012,-103.200012,4522.000000
45230.000000,-0.481933,0.079590,0.890136,4523.000000,-0.921249,2.090454,-1.375198,4523.000000,19.349960,-26.700012,-103.200012,4523.000000
45240.000000,-0.466308,0.106445,0.877441,4524.000000,-0.799179,0.381470,0.696182,4524.000000,17.849960,-26.700012,-103.200012,4524.000000
45250.000000,-0.473144,0.064453,0.874511,4525.000000,-0.249863,0.808716,0.513077,4525.000000,19.049957,-25.950012,-102.600006,4525.000000
45260.000000,-0.462891,0.074219,0.892090,4526.000000,-0.310898,0.442505,0.513077,4526.000000,19.049957,-25.500000,-104.100006,4526.000000
45270.000000,-0.467285,0.082031,0.883789,4527.000000,0.722885,0.808716,0.085831,4527.000000,18.449966,-25.500000,-104.100006,4527.000000
45280.000000,-0.466797,0.081543,0.875488,4528.000000,0.600815,0.381470,-0.398636,4528.000000,17.849960,-26.550003,-104.100006,4528.000000
45290.000000,-0.486328,0.077637,0.896484,4529.000000,0.661850,0.442505,-0.520706,4529.000000,17.849960,-25.200012,-102.900009,4529.000000
45300.000000,-0.478027,0.083984,0.875488,4530.000000,1.150131,0.442505,-0.337601,4530.000000,18.149963,-25.200012,-102.900009,4530.000000
45310.000000,-0.468750,0.070801,0.881347,4531.000000,0.295639,-0.347137,0.146866,4531.000000,17.249954,-24.450012,-102.900009,4531.000000
45320.000000,-0.474609,0.081055,0.894043,4532.000000,0.234604,0.259399,0.024796,4532.000000,17.249954,-25.800003,-102.750000,4532.000000
45330.000000,-0.474121,0.073730,0.871094,4533.000000,-0.310898,-0.835419,0.452042,4533.000000,18.749954,-25.800003,-102.750000,4533.000000
45340.000000,-0.478027,0.084473,0.877929,4534.000000,-0.799179,-0.530243,0.207901,4534.000000,16.949966,-26.250000,-104.550003,4534.000000
45350.000000,-0.478516,0.080566,0.878418,4535.000000,-0.616074,-0.652313,-1.192093,4535.000000,16.949966,-26.250000,-103.050003,4535.000000
45360.000000,-0.481445,0.082520,0.866699,4536.000000,-0.494003,-1.140594,-0.398636,4536.000000,18.599960,-26.250000,-103.050003,4536.000000
45370.000000,-0.482422,0.087402,0.872070,4537.000000,-0.371933,-1.323700,-0.520706,4537.000000,19.649963,-27.150009,-103.200012,4537.000000
45380.000000,-0.477539,0.072754,0.871094,4538.000000,-0.799179,-1.567841,-0.947952,4538.000000,19.049957,-26.400009,-104.700012,4538.000000
45390.000000,-0.461914,0.074707,0.874511,4539.000000,-0.127792,-1.384735,-0.886917,4539.000000,19.049957,-24.750000,-103.500000,4539.000000
45400.000000,-0.471191,0.087402,0.879883,4540.000000,-1.348495,-1.873016,-0.459671,4540.000000,17.999954,-24.750000,-103.500000,4540.000000
45410.000000,-0.470215,0.094727,0.894531,4541.000000,-0.860214,-1.873016,-1.131058,4541.000000,18.899963,-25.500000,-103.500000,4541.000000
45420.000000,-0.465332,0.076172,0.879883,4542.000000,-1.104355,-0.957489,-0.825882,4542.000000,18.899963,-24.900009,-103.200012,4542.000000
45430.000000,-0.485840,0.078613,0.875976,4543.000000,-0.738144,-1.445770,-0.520706,4543.000000,16.649963,-24.900009,-103.200012,4543.000000
45440.000000,-0.478027,0.074707,0.885742,4544.000000,-1.592636,-1.445770,-0.642776,4544.000000,18.749954,-24.750000,-104.550003,4544.000000
45450.000000,-0.480469,0.088867,0.884277,4545.000000,-1.287460,-0.957489,-0.093460,4545.000000,18.749954,-27.300003,-103.800003,4545.000000
45460.000000,-0.477539,0.084473,0.888183,4546.000000,-1.043320,-1.262665,0.085831,4546.000000,18.599960,-27.300003,-103.800003,4546.000000
45470.000000,-0.463379,0.078613,0.895996,4547.000000,-0.738144,-1.384735,0.024796,4547.000000,18.899963,-25.200012,-102.150009,4547.000000
45480.000000,-0.473633,0.087402,0.883301,4548.000000,-0.799179,-0.713348,-0.032425,4548.000000,18.899963,-25.650009,-102.600006,4548.000000
45490.000000,-0.480469,0.079102,0.883301,4549.000000,-1.104355,-0.591278,-1.619339,4549.000000,17.849960,-25.650009,-102.600006,4549.000000
45500.000000,-0.466797,0.070801,0.888183,4550.000000,-1.226425,-1.811981,-0.215530,4550.000000,17.999954,-25.650009,-103.200012,4550.000000
45510.000000,-0.465332,0.069824,0.882812,4551.000000,-2.202988,-1.873016,-0.093460,4551.000000,17.999954,-27.000000,-103.050003,4551.000000
45520.000000,-0.461426,0.068848,0.877929,4552.000000,-1.897812,-1.934052,-0.093460,4552.000000,16.949966,-27.000000,-103.050003,4552.000000
45530.000000,-0.459473,0.081055,0.885254,4553.000000,-1.531601,-2.117157,-0.337601,4553.000000,18.749954,-25.800003,-101.700012,4553.000000
45540.000000,-0.458984,0.067383,0.893554,4554.000000,-2.202988,-1.811981,-0.276566,4554.000000,18.749954,-26.550003,-102.450012,4554.000000
45550.000000,-0.446289,0.073730,0.895996,4555.000000,-1.653671,-1.567841,-0.215530,4555.000000,18.149963,-26.550003,-102.450012,4555.000000
45560.000000,-0.457031,0.077637,0.891113,4556.000000,-2.202988,-1.384735,-0.581741,4556.000000,17.849960,-25.650009,-102.150009,4556.000000
45570.000000,-0.458008,0.071777,0.897461,4557.000000,-2.813339,-0.652313,0.329971,4557.000000,17.849960,-24.900009,-104.700012,4557.000000
45580.000000,-0.458008,0.080566,0.894043,4558.000000,-3.789902,-0.469208,0.085831,4558.000000,18.149963,-24.900009,-104.700012,4558.000000
45590.000000,-0.468262,0.063965,0.897949,4559.000000,-3.789902,-0.347137,0.635147,4559.000000,18.899963,-24.150009,-103.650009,4559.000000
45600.000000,-0.478027,0.083008,0.890625,4560.000000,-3.606796,0.381470,-0.032425,4560.000000,18.899963,-25.950012,-102.600006,4560.000000
45610.000000,-0.473633,0.063965,0.882812,4561.000000,-3.606796,0.015259,0.207901,4561.000000,19.049957,-25.950012,-102.600006,4561.000000
45620.000000,-0.490234,0.070801,0.895019,4562.000000,-3.179550,-0.041962,-0.459671,4562.000000,17.549957,-24.300003,-102.450012,4562.000000
45630.000000,-0.488281,0.080566,0.895019,4563.000000,-3.301620,-0.102997,-0.215530,4563.000000,17.549957,-26.700012,-103.200012,4563.000000
45640.000000,-0.477051,0.064941,0.890625,4564.000000,-2.202988,-0.286102,-0.520706,4564.000000,17.699966,-26.700012,-103.200012,4564.000000
45650.000000,-0.471680,0.070801,0.886719,4565.000000,-1.165390,-0.286102,-0.825882,4565.000000,18.149963,-24.750000,-103.050003,4565.000000
45660.000000,-0.476562,0.066895,0.891601,4566.000000,-0.860214,-0.408173,-0.093460,4566.000000,18.149963,-25.650009,-103.200012,4566.000000
45670.000000,-0.468262,0.055664,0.891113,4567.000000,-0.799179,-0.652313,-0.642776,4567.000000,17.699966,-25.650009,-103.200012,4567.000000
45680.000000,-0.464355,0.083496,0.881836,4568.000000,-3.484726,-1.201630,-0.276566,4568.000000,17.549957,-25.050003,-103.500000,4568.000000
45690.000000,-0.477051,0.080078,0.883301,4569.000000,-1.287460,-5.168915,-4.487991,4569.000000,17.849960,-24.150009,-103.950012,4569.000000
45700.000000,-0.480957,0.068359,0.862793,4570.000000,0.539780,-1.201630,0.329971,4570.000000,17.849960,-26.400009,-103.200012,4570.000000
45710.000000,-0.463379,0.083496,0.900390,4571.000000,-2.141953,-1.934052,0.085831,4571.000000,17.699966,-26.400009,-103.200012,4571.000000
45720.000000,-0.478027,0.055664,0.890136,4572.000000,-1.592636,-1.445770,0.146866,4572.000000,18.149963,-24.000000,-103.500000,4572.000000
45730.000000,-0.467285,0.081543,0.864258,4573.000000,-2.264023,-2.483368,0.085831,4573.000000,18.149963,-25.200012,-104.700012,4573.000000
45740.000000,-0.468750,0.077148,0.889648,4574.000000,-2.264023,-2.727509,0.329971,4574.000000,19.049957,-25.200012,-104.700012,4574.000000
45750.000000,-0.457519,0.073242,0.898437,4575.000000,-1.836777,-2.422333,0.574112,4575.000000,18.749954,-25.800003,-104.550003,4575.000000
45760.000000,-0.467773,0.078613,0.880371,4576.000000,-1.348495,-2.605438,0.513077,4576.000000,18.749954,-25.800003,-103.050003,4576.000000
45770.000000,-0.447266,0.061523,0.904785,4577.000000,-2.080917,-1.873016,0.513077,4577.000000,19.049957,-25.800003,-103.050003,4577.000000
45780.000000,-0.437012,0.070312,0.906250,4578.000000,-1.958847,-2.361298,0.513077,4578.000000,18.599960,-26.550003,-103.050003,4578.000000
45790.000000,-0.452148,0.070801,0.893554,4579.000000,-1.531601,-1.506805,0.696182,4579.000000,18.599960,-25.650009,-102.900009,4579.000000
45800.000000,-0.472168,0.065430,0.912109,4580.000000,-1.836777,-0.774384,0.024796,4580.000000,18.749954,-25.650009,-102.900009,4580.000000
45810.000000,-0.476562,0.069336,0.867187,4581.000000,-0.982285,-1.262665,-0.459671,4581.000000,17.099960,-24.300003,-102.450012,4581.000000
45820.000000,-0.438965,0.063965,0.899414,4582.000000,-1.348495,-1.201630,-0.703812,4582.000000,18.599960,-25.650009,-103.950012,4582.000000
45830.000000,-0.465332,0.069336,0.891113,4583.000000,-0.982285,-1.567841,-0.886917,4583.000000,18.149963,-25.200012,-102.900009,4583.000000
45840.000000,-0.463379,0.075684,0.893066,4584.000000,-0.738144,-1.689911,-0.337601,4584.000000,18.449966,-25.950012,-104.400009,4584.000000
45850.000000,-0.473633,0.076172,0.893066,4585.000000,-1.470566,-1.689911,-0.337601,4585.000000,18.449966,-22.800003,-102.000000,4585.000000
45860.000000,-0.459961,0.060059,0.879883,4586.000000,-1.104355,-1.995087,-0.886917,4586.000000,19.499954,-22.800003,-102.000000,4586.000000
45870.000000,-0.456055,0.058105,0.908691,4587.000000,-1.287460,-1.323700,-0.337601,4587.000000,18.449966,-25.050003,-102.750000,4587.000000
45880.000000,-0.441894,0.054687,0.891113,4588.000000,-1.653671,-1.384735,-0.703812,4588.000000,18.449966,-25.800003,-102.000000,4588.000000
45890.000000,-0.453613,0.079102,0.884765,4589.000000,-0.738144,-2.544403,-2.595901,4589.000000,17.849960,-25.800003,-102.000000,4589.000000
45900.000000,-0.462402,0.056152,0.885742,4590.000000,-0.249863,-0.774384,-0.886917,4590.000000,18.599960,-25.650009,-102.900009,4590.000000
45910.000000,-0.470703,0.062012,0.887695,4591.000000,-0.371933,-0.896454,-0.642776,4591.000000,18.599960,-24.900009,-102.900009,4591.000000
45920.000000,-0.459961,0.067871,0.876953,4592.000000,-3.423691,-0.896454,-1.375198,4592.000000,17.999954,-24.900009,-102.900009,4592.000000
45930.000000,-0.471191,0.074219,0.893066,4593.000000,-1.531601,-5.046844,-12.910843,4593.000000,18.449966,-25.800003,-103.500000,4593.000000
45940.000000,-0.437012,0.044922,0.907226,4594.000000,0.844955,0.137329,-2.107620,4594.000000,18.449966,-27.000000,-101.250000,4594.000000
45950.000000,-0.460937,0.096680,0.891113,4595.000000,-1.409531,-1.445770,-0.947952,4595.000000,17.099960,-27.000000,-101.250000,4595.000000
45960.000000,-0.457519,0.067383,0.895508,4596.000000,-1.592636,-0.713348,-0.886917,4596.000000,17.549957,-25.950012,-102.600006,4596.000000
45970.000000,-0.462891,0.056641,0.902832,4597.000000,-1.287460,-0.835419,-2.534866,4597.000000,17.549957,-25.650009,-102.600006,4597.000000
45980.000000,-0.453125,0.056152,0.894043,4598.000000,-1.836777,-0.591278,-1.985550,4598.000000,17.099960,-25.650009,-102.600006,4598.000000
45990.000000,-0.479004,0.080078,0.885254,4599.000000,-3.484726,0.320435,-0.520706,4599.000000,17.699966,-25.200012,-103.650009,4599.000000
46000.000000,-0.461426,0.058105,0.878906,4600.000000,-2.325058,-2.239227,-3.389359,4600.000000,18.599960,-24.300003,-103.500000,4600.000000
46010.000000,-0.456055,0.048340,0.889160,4601.000000,-0.310898,-0.774384,-2.901077,4601.000000,18.599960,-25.950012,-104.400009,4601.000000
46020.000000,-0.448242,0.072266,0.898437,4602.000000,0.417709,-1.934052,-0.276566,4602.000000,18.149963,-25.950012,-104.400009,4602.000000
46030.000000,-0.456543,0.068848,0.900879,4603.000000,0.295639,-1.628876,-0.703812,4603.000000,17.549957,-27.150009,-103.950012,4603.000000
46040.000000,-0.446289,0.059082,0.900390,4604.000000,0.478745,-1.628876,-0.459671,4604.000000,17.549957,-26.400009,-103.200012,4604.000000
46050.000000,-0.463867,0.050293,0.891113,4605.000000,-0.982285,-1.750946,-1.741409,4605.000000,18.899963,-26.400009,-103.200012,4605.000000
46060.000000,-0.440430,0.041504,0.897949,4606.000000,-0.921249,-2.239227,-3.145218,4606.000000,18.149963,-24.900009,-101.850006,4606.000000
46070.000000,-0.463379,0.062988,0.899414,4607.000000,-1.165390,-0.713348,-2.229691,4607.000000,18.149963,-25.200012,-103.950012,4607.000000
46080.000000,-0.450195,0.054687,0.887695,4608.000000,-1.531601,-1.323700,-1.375198,4608.000000,18.449966,-25.200012,-103.950012,4608.000000
46090.000000,-0.452637,0.047363,0.890625,4609.000000,-0.982285,-0.774384,-2.656937,4609.000000,17.849960,-24.750000,-103.800003,4609.000000
46100.000000,-0.448730,0.062012,0.899902,4610.000000,-0.677109,-0.591278,-2.412796,4610.000000,17.849960,-27.150009,-102.600006,4610.000000
46110.000000,-0.461914,0.045898,0.904297,4611.000000,-2.386093,-1.262665,-3.450394,4611.000000,18.599960,-27.150009,-102.600006,4611.000000
46120.000000,-0.452148,0.056152,0.891113,4612.000000,-3.667831,-0.835419,-4.671097,4612.000000,17.999954,-25.200012,-103.650009,4612.000000
46130.000000,-0.446289,0.054687,0.900390,4613.000000,-2.508163,-0.774384,-4.854202,4613.000000,17.549957,-25.500000,-103.050003,4613.000000
46140.000000,-0.440430,0.059570,0.886230,4614.000000,-0.982285,-0.225067,-1.802444,4614.000000,18.899963,-27.150009,-102.600006,4614.000000
46150.000000,-0.450195,0.074219,0.899902,4615.000000,-0.738144,-0.652313,-0.032425,4615.000000,18.449966,-25.950012,-103.200012,4615.000000
46160.000000,-0.448730,0.052734,0.888672,4616.000000,-0.066757,-0.102997,-0.093460,4616.000000,18.449966,-26.250000,-102.450012,4616.000000
46170.000000,-0.451660,0.049316,0.894043,4617.000000,-0.310898,-0.347137,0.085831,4617.000000,18.449966,-26.250000,-102.450012,4617.000000
46180.000000,-0.451660,0.048340,0.895019,4618.000000,0.112534,-0.225067,-0.276566,4618.000000,19.349960,-24.300003,-103.050003,4618.000000
46190.000000,-0.458984,0.054687,0.895019,4619.000000,0.051498,-0.408173,-0.825882,4619.000000,19.349960,-25.200012,-100.800003,4619.000000
46200.000000,-0.440430,0.042480,0.896484,4620.000000,-0.921249,-0.469208,-0.459671,4620.000000,18.899963,-25.200012,-100.800003,4620.000000
46210.000000,-0.464355,0.051270,0.898437,4621.000000,-0.921249,-1.079559,-3.145218,4621.000000,17.549957,-25.950012,-103.650009,4621.000000
46220.000000,-0.459473,0.036621,0.897949,4622.000000,-0.677109,-1.262665,-2.962112,4622.000000,17.549957,-25.200012,-102.900009,4622.000000
46230.000000,-0.456543,0.061523,0.887695,4623.000000,-0.738144,-1.018524,-1.680374,4623.000000,18.149963,-25.200012,-102.900009,4623.000000
46240.000000,-0.444336,0.056641,0.893066,4624.000000,-0.188828,-1.201630,-2.534866,4624.000000,18.149963,-24.900009,-102.600006,4624.000000
46250.000000,-0.457031,0.064941,0.895019,4625.000000,-0.555038,-1.018524,-1.619339,4625.000000,18.149963,-24.450012,-102.150009,4625.000000
46260.000000,-0.449707,0.063477,0.892090,4626.000000,-0.860214,-0.347137,-0.337601,4626.000000,17.549957,-24.450012,-102.150009,4626.000000
46270.000000,-0.442871,0.045898,0.905761,4627.000000,-0.188828,-1.018524,-0.947952,4627.000000,17.999954,-25.200012,-101.550003,4627.000000
46280.000000,-0.451172,0.053223,0.898926,4628.000000,-0.371933,-1.018524,-0.459671,4628.000000,17.999954,-25.500000,-104.100006,4628.000000
46290.000000,-0.456543,0.051270,0.885742,4629.000000,-0.127792,-1.262665,-0.947952,4629.000000,19.049957,-25.500000,-104.100006,4629.000000
46300.000000,-0.448242,0.039551,0.902832,4630.000000,-0.555038,-1.445770,-1.436234,4630.000000,17.099960,-24.300003,-100.950012,4630.000000
46310.000000,-0.458984,0.053223,0.895508,4631.000000,0.356674,-0.286102,-1.192093,4631.000000,19.499954,-23.400009,-102.150009,4631.000000
46320.000000,-0.440430,0.060059,0.898437,4632.000000,0.356674,-0.652313,-1.436234,4632.000000,19.499954,-26.250000,-103.500000,4632.000000
46330.000000,-0.439453,0.055176,0.905761,4633.000000,0.600815,-0.041962,-0.825882,4633.000000,17.249954,-26.250000,-103.500000,4633.000000
46340.000000,-0.440918,0.053223,0.892578,4634.000000,0.844955,-0.530243,-0.398636,4634.000000,18.749954,-25.500000,-103.050003,4634.000000
46350.000000,-0.446777,0.056152,0.904785,4635.000000,0.478745,0.137329,-0.703812,4635.000000,18.749954,-25.050003,-102.450012,4635.000000
46360.000000,-0.450683,0.056641,0.899414,4636.000000,0.967026,0.503540,-0.642776,4636.000000,18.899963,-25.050003,-102.450012,4636.000000
46370.000000,-0.439941,0.052246,0.892090,4637.000000,0.417709,0.137329,-0.764847,4637.000000,17.699966,-23.850006,-103.200012,4637.000000
46380.000000,-0.444824,0.051270,0.900390,4638.000000,0.173569,0.808716,-0.581741,4638.000000,17.699966,-26.550003,-100.950012,4638.000000
46390.000000,-0.439453,0.042480,0.890136,4639.000000,0.112534,1.541138,-0.154495,4639.000000,18.149963,-26.550003,-100.950012,4639.000000
46400.000000,-0.438476,0.061035,0.887207,4640.000000,0.295639,0.747681,-0.276566,4640.000000,17.999954,-25.950012,-102.900009,4640.000000
46410.000000,-0.456055,0.057617,0.885254,4641.000000,0.600815,0.869751,-0.215530,4641.000000,17.999954,-26.250000,-102.750000,4641.000000
46420.000000,-0.451172,0.056641,0.895508,4642.000000,0.478745,0.930786,-0.154495,4642.000000,18.599960,-26.250000,-102.750000,4642.000000
46430.000000,-0.453613,0.050781,0.891113,4643.000000,0.722885,0.930786,-0.581741,4643.000000,18.599960,-24.900009,-102.600006,4643.000000
46440.000000,-0.441406,0.051270,0.908203,4644.000000,0.722885,0.442505,0.207901,4644.000000,18.149963,-24.900009,-102.600006,4644.000000
46450.000000,-0.444824,0.042969,0.895019,4645.000000,0.051498,1.968384,0.085831,4645.000000,17.249954,-25.950012,-102.150009,4645.000000
46460.000000,-0.438476,0.057617,0.887695,4646.000000,-0.188828,1.358032,0.391006,4646.000000,18.599960,-24.300003,-101.700012,4646.000000
46470.000000,-0.453125,0.051758,0.904785,4647.000000,0.539780,0.930786,-0.276566,4647.000000,18.599960,-25.650009,-103.950012,4647.000000
46480.000000,-0.452148,0.046875,0.885742,4648.000000,0.783920,0.869751,0.085831,4648.000000,19.049957,-25.650009,-103.950012,4648.000000
46490.000000,-0.448242,0.053711,0.902344,4649.000000,-0.249863,0.625610,0.085831,4649.000000,19.499954,-25.050003,-105.150009,4649.000000
46500.000000,-0.446777,0.044922,0.891113,4650.000000,0.173569,1.052856,-0.337601,4650.000000,19.499954,-25.050003,-102.000000,4650.000000
46510.000000,-0.439453,0.046875,0.901855,4651.000000,-0.494003,-0.957489,-0.337601,4651.000000,19.349960,-25.050003,-102.000000,4651.000000
46520.000000,-0.450683,0.063477,0.880859,4652.000000,-0.127792,1.541138,0.452042,4652.000000,17.849960,-25.650009,-103.200012,4652.000000
46530.000000,-0.451172,0.048828,0.898926,4653.000000,-0.555038,0.869751,0.513077,4653.000000,17.849960,-25.200012,-103.650009,4653.000000
46540.000000,-0.449219,0.041992,0.887695,4654.000000,-0.799179,0.747681,0.635147,4654.000000,18.749954,-25.200012,-103.650009,4654.000000
46550.000000,-0.444824,0.048828,0.894531,4655.000000,0.539780,0.747681,0.085831,4655.000000,17.699966,-24.300003,-103.050003,4655.000000
46560.000000,-0.455078,0.049805,0.904297,4656.000000,-0.127792,-0.469208,-0.154495,4656.000000,17.699966,-25.050003,-99.900009,4656.000000
46570.000000,-0.451660,0.051270,0.892090,4657.000000,0.478745,1.113892,0.574112,4657.000000,20.249954,-25.050003,-99.900009,4657.000000
46580.000000,-0.454101,0.044922,0.898437,4658.000000,-0.310898,0.747681,0.146866,4658.000000,18.899963,-25.500000,-102.750000,4658.000000
46590.000000,-0.446777,0.033691,0.903320,4659.000000,-0.494003,0.686646,0.085831,4659.000000,18.899963,-24.150009,-104.700012,4659.000000
46600.000000,-0.452637,0.051270,0.904297,4660.000000,-0.127792,0.991821,-0.276566,4660.000000,17.999954,-24.150009,-104.700012,4660.000000
46610.000000,-0.455078,0.052246,0.890625,4661.000000,-0.310898,1.052856,0.085831,4661.000000,18.449966,-25.800003,-102.450012,4661.000000
46620.000000,-0.448730,0.051270,0.895996,4662.000000,-0.127792,0.503540,-0.154495,4662.000000,19.349960,-25.050003,-102.750000,4662.000000
46630.000000,-0.445312,0.054687,0.902344,4663.000000,-0.432968,0.625610,0.329971,4663.000000,19.349960,-25.650009,-104.400009,4663.000000
46640.000000,-0.459961,0.052246,0.907226,4664.000000,-0.616074,0.808716,0.268936,4664.000000,18.449966,-25.650009,-104.400009,4664.000000
46650.000000,-0.463867,0.047852,0.886719,4665.000000,-0.066757,1.480103,0.329971,4665.000000,18.899963,-25.050003,-102.000000,4665.000000
46660.000000,-0.442871,0.046875,0.895996,4666.000000,-0.005722,1.602173,0.146866,4666.000000,18.899963,-25.200012,-104.400009,4666.000000
46670.000000,-0.447266,0.058105,0.887207,4667.000000,0.234604,1.235962,0.146866,4667.000000,17.249954,-25.200012,-104.400009,4667.000000
46680.000000,-0.452148,0.046875,0.886719,4668.000000,1.455307,1.358032,0.513077,4668.000000,17.549957,-26.250000,-102.750000,4668.000000
46690.000000,-0.442871,0.057129,0.883301,4669.000000,1.089096,1.541138,0.085831,4669.000000,17.549957,-25.200012,-103.950012,4669.000000
46700.000000,-0.456543,0.045898,0.896484,4670.000000,1.455307,0.930786,-0.093460,4670.000000,19.049957,-25.200012,-103.950012,4670.000000
46710.000000,-0.444824,0.050781,0.895508,4671.000000,1.272202,0.991821,0.207901,4671.000000,18.599960,-25.050003,-101.700012,4671.000000
46720.000000,-0.448730,0.051270,0.894531,4672.000000,1.089096,1.663208,0.085831,4672.000000,18.449966,-23.400009,-102.600006,4672.000000
46730.000000,-0.458984,0.054199,0.897949,4673.000000,1.333237,1.541138,0.574112,4673.000000,17.549957,-25.050003,-102.450012,4673.000000
46740.000000,-0.454590,0.056641,0.901367,4674.000000,1.943588,1.724243,0.146866,4674.000000,17.549957,-25.200012,-102.900009,4674.000000
46750.000000,-0.451172,0.060059,0.896972,4675.000000,2.370834,1.113892,0.146866,4675.000000,19.049957,-25.200012,-102.900009,4675.000000
46760.000000,-0.455078,0.057129,0.892090,4676.000000,2.492905,1.663208,0.452042,4676.000000,18.449966,-24.750000,-102.750000,4676.000000
46770.000000,-0.454590,0.056152,0.896484,4677.000000,2.431870,1.541138,-0.093460,4677.000000,19.949966,-25.500000,-102.750000,4677.000000
46780.000000,-0.456055,0.043945,0.890136,4678.000000,1.455307,1.846313,0.268936,4678.000000,19.949966,-25.950012,-102.600006,4678.000000
46790.000000,-0.462402,0.047852,0.892090,4679.000000,2.248764,1.541138,-0.093460,4679.000000,18.599960,-25.950012,-102.600006,4679.000000
46800.000000,-0.459961,0.055176,0.894043,4680.000000,1.760483,1.296997,0.329971,4680.000000,17.549957,-25.200012,-103.200012,4680.000000
46810.000000,-0.461914,0.042480,0.886230,4681.000000,1.333237,1.235962,-0.154495,4681.000000,17.549957,-25.200012,-102.900009,4681.000000
46820.000000,-0.462402,0.056641,0.894043,4682.000000,2.309799,1.052856,0.207901,4682.000000,17.549957,-25.200012,-102.900009,4682.000000
46830.000000,-0.454590,0.057617,0.897949,4683.000000,2.370834,1.358032,-0.032425,4683.000000,18.599960,-25.650009,-102.150009,4683.000000
46840.000000,-0.446777,0.054687,0.903320,4684.000000,1.943588,1.846313,0.513077,4684.000000,18.599960,-25.650009,-102.900009,4684.000000
46850.000000,-0.450195,0.058594,0.896484,4685.000000,1.943588,1.724243,0.268936,4685.000000,17.099960,-25.650009,-102.900009,4685.000000
46860.000000,-0.468262,0.064941,0.896484,4686.000000,1.211166,1.663208,0.818253,4686.000000,18.899963,-26.700012,-103.650009,4686.000000
46870.000000,-0.485351,0.056641,0.894531,4687.000000,1.028061,1.480103,0.146866,4687.000000,18.899963,-24.150009,-103.650009,4687.000000
46880.000000,-0.466797,0.068359,0.887695,4688.000000,1.028061,1.968384,0.207901,4688.000000,19.499954,-24.150009,-103.650009,4688.000000
46890.000000,-0.471680,0.063477,0.890136,4689.000000,0.661850,1.846313,0.391006,4689.000000,18.899963,-25.500000,-102.450012,4689.000000
46900.000000,-0.462891,0.060547,0.892090,4690.000000,0.234604,1.907349,0.452042,4690.000000,18.899963,-24.450012,-101.850006,4690.000000
46910.000000,-0.472168,0.062500,0.900390,4691.000000,0.234604,1.358032,0.329971,4691.000000,18.899963,-24.450012,-101.850006,4691.000000
46920.000000,-0.451172,0.046387,0.891601,4692.000000,0.295639,1.724243,1.184464,4692.000000,18.749954,-25.650009,-103.200012,4692.000000
46930.000000,-0.467773,0.056152,0.900879,4693.000000,0.112534,1.602173,1.123428,4693.000000,17.249954,-25.050003,-103.500000,4693.000000
46940.000000,-0.457031,0.056152,0.902832,4694.000000,0.356674,1.480103,0.940323,4694.000000,17.249954,-25.050003,-101.250000,4694.000000
46950.000000,-0.456055,0.062012,0.883301,4695.000000,0.905991,1.113892,1.428604,4695.000000,17.849960,-25.050003,-101.250000,4695.000000
46960.000000,-0.465820,0.062988,0.903320,4696.000000,1.211166,1.541138,1.428604,4696.000000,18.749954,-26.400009,-103.650009,4696.000000
46970.000000,-0.466797,0.052734,0.886230,4697.000000,2.065659,1.846313,1.428604,4697.000000,18.749954,-27.000000,-104.100006,4697.000000
46980.000000,-0.463867,0.048828,0.888672,4698.000000,1.333237,0.991821,1.001358,4698.000000,18.149963,-27.000000,-104.100006,4698.000000
46990.000000,-0.471191,0.052734,0.876465,4699.000000,1.699448,1.541138,1.123428,4699.000000,17.699966,-25.200012,-103.950012,4699.000000
47000.000000,-0.459473,0.061035,0.882324,4700.000000,0.722885,1.052856,0.940323,4700.000000,17.699966,-25.050003,-102.000000,4700.000000
47010.000000,-0.466308,0.066895,0.887695,4701.000000,0.722885,0.991821,0.818253,4701.000000,18.599960,-25.050003,-102.000000,4701.000000
47020.000000,-0.456543,0.058105,0.884277,4702.000000,0.722885,0.747681,0.757217,4702.000000,19.799957,-25.950012,-103.950012,4702.000000
47030.000000,-0.453613,0.074707,0.899902,4703.000000,-0.066757,1.785278,0.879288,4703.000000,17.699966,-24.300003,-102.750000,4703.000000
47040.000000,-0.458984,0.065430,0.898437,4704.000000,-0.371933,1.296997,0.574112,4704.000000,17.999954,-25.500000,-103.050003,4704.000000
47050.000000,-0.444824,0.067871,0.890136,4705.000000,0.173569,1.846313,0.085831,4705.000000,17.999954,-24.000000,-102.750000,4705.000000
47060.000000,-0.465332,0.060059,0.902832,4706.000000,0.356674,1.663208,1.001358,4706.000000,17.699966,-24.000000,-102.750000,4706.000000
47070.000000,-0.452148,0.063965,0.884765,4707.000000,-0.249863,1.113892,0.146866,4707.000000,16.799957,-25.800003,-101.250000,4707.000000
47080.000000,-0.447754,0.060547,0.891113,4708.000000,0.051498,1.907349,-0.032425,4708.000000,17.549957,-25.200012,-102.600006,4708.000000
47090.000000,-0.458496,0.051758,0.893554,4709.000000,-0.432968,1.846313,-0.215530,4709.000000,17.549957,-23.850006,-102.900009,4709.000000
47100.000000,-0.457031,0.052734,0.888672,4710.000000,-0.310898,0.808716,0.391006,4710.000000,18.899963,-23.850006,-102.900009,4710.000000
47110.000000,-0.468750,0.061035,0.872558,4711.000000,-0.677109,1.052856,0.268936,4711.000000,19.349960,-26.400009,-105.000000,4711.000000
47120.000000,-0.465820,0.058594,0.897949,4712.000000,-1.287460,1.602173,0.757217,4712.000000,19.349960,-25.650009,-102.900009,4712.000000
47130.000000,-0.466308,0.053711,0.890625,4713.000000,-0.310898,1.846313,0.757217,4713.000000,18.899963,-25.650009,-102.900009,4713.000000
47140.000000,-0.462402,0.062012,0.902832,4714.000000,-0.432968,1.724243,0.329971,4714.000000,18.899963,-25.200012,-102.600006,4714.000000
47150.000000,-0.466308,0.064453,0.890625,4715.000000,-0.127792,0.869751,0.024796,4715.000000,18.899963,-26.700012,-102.900009,4715.000000
47160.000000,-0.464355,0.059082,0.886230,4716.000000,0.417709,1.724243,0.452042,4716.000000,17.549957,-26.700012,-102.900009,4716.000000
47170.000000,-0.466308,0.058594,0.894043,4717.000000,0.722885,1.419067,0.329971,4717.000000,18.899963,-27.450012,-101.100006,4717.000000
47180.000000,-0.467773,0.062500,0.893066,4718.000000,1.211166,2.151489,0.879288,4718.000000,18.899963,-25.650009,-103.950012,4718.000000
47190.000000,-0.461914,0.057617,0.892578,4719.000000,0.539780,1.358032,0.391006,4719.000000,17.699966,-25.650009,-103.950012,4719.000000
47200.000000,-0.472656,0.061523,0.896484,4720.000000,0.722885,1.846313,0.268936,4720.000000,17.699966,-24.300003,-103.050003,4720.000000
47210.000000,-0.462891,0.058594,0.881347,4721.000000,1.089096,1.968384,0.268936,4721.000000,17.699966,-25.800003,-101.250000,4721.000000
47220.000000,-0.462402,0.068359,0.886719,4722.000000,0.356674,2.456665,0.146866,4722.000000,18.749954,-25.800003,-101.250000,4722.000000
47230.000000,-0.451660,0.059570,0.889160,4723.000000,0.295639,2.334595,0.696182,4723.000000,18.899963,-25.500000,-102.450012,4723.000000
47240.000000,-0.460937,0.072266,0.890136,4724.000000,-0.005722,2.151489,0.146866,4724.000000,17.549957,-25.200012,-103.200012,4724.000000
47250.000000,-0.468262,0.048828,0.886230,4725.000000,1.028061,2.639771,0.024796,4725.000000,17.549957,-25.950012,-103.650009,4725.000000
47260.000000,-0.472168,0.053223,0.905761,4726.000000,0.905991,2.334595,0.329971,4726.000000,18.449966,-25.950012,-103.650009,4726.000000
47270.000000,-0.474121,0.060059,0.887207,4727.000000,0.783920,2.334595,0.635147,4727.000000,18.599960,-25.800003,-103.500000,4727.000000
47280.000000,-0.471191,0.057129,0.893066,4728.000000,0.967026,2.700806,-0.215530,4728.000000,18.599960,-25.950012,-102.900009,4728.000000
47290.000000,-0.501465,0.055176,0.884277,4729.000000,1.272202,4.776001,0.391006,4729.000000,19.649963,-25.950012,-102.900009,4729.000000
47300.000000,-0.453125,0.019043,0.898926,4730.000000,0.783920,1.174927,-0.520706,4730.000000,17.699966,-24.900009,-103.650009,4730.000000
47310.000000,-0.479004,0.066895,0.867187,4731.000000,0.722885,1.541138,0.574112,4731.000000,17.699966,-25.500000,-102.750000,4731.000000
47320.000000,-0.458984,0.057617,0.888183,4732.000000,0.173569,2.090454,0.207901,4732.000000,19.349960,-25.500000,-102.750000,4732.000000
47330.000000,-0.470703,0.062500,0.886719,4733.000000,0.173569,1.419067,0.391006,4733.000000,19.349960,-24.150009,-103.200012,4733.000000
47340.000000,-0.466797,0.057129,0.884277,4734.000000,0.478745,1.358032,0.452042,4734.000000,17.999954,-24.150009,-103.200012,4734.000000
47350.000000,-0.479980,0.056641,0.889648,4735.000000,1.028061,2.456665,0.391006,4735.000000,17.699966,-25.800003,-104.100006,4735.000000
47360.000000,-0.467773,0.065918,0.895996,4736.000000,0.905991,2.395630,1.245499,4736.000000,17.699966,-24.300003,-104.100006,4736.000000
47370.000000,-0.461914,0.065918,0.890625,4737.000000,0.783920,2.029419,0.635147,4737.000000,17.699966,-24.300003,-104.100006,4737.000000
47380.000000,-0.470215,0.056152,0.880859,4738.000000,0.234604,3.677368,-2.779007,4738.000000,17.849960,-25.800003,-102.450012,4738.000000
47390.000000,-0.474609,0.094238,0.907226,4739.000000,-0.494003,0.625610,0.452042,4739.000000,18.599960,-25.950012,-103.200012,4739.000000
47400.000000,-0.473144,0.056641,0.880859,4740.000000,0.539780,1.846313,1.184464,4740.000000,18.599960,-25.200012,-103.200012,4740.000000
47410.000000,-0.472168,0.076660,0.879883,4741.000000,0.844955,2.395630,1.001358,4741.000000,17.849960,-25.200012,-103.200012,4741.000000
47420.000000,-0.475098,0.070801,0.887695,4742.000000,1.028061,1.907349,0.757217,4742.000000,19.049957,-26.400009,-104.400009,4742.000000
47430.000000,-0.487793,0.068359,0.891601,4743.000000,1.272202,1.968384,0.146866,4743.000000,19.049957,-25.500000,-104.100006,4743.000000
47440.000000,-0.462891,0.079590,0.887207,4744.000000,1.516342,2.029419,0.513077,4744.000000,19.049957,-25.500000,-104.100006,4744.000000
47450.000000,-0.479492,0.078125,0.883789,4745.000000,1.455307,2.090454,0.024796,4745.000000,19.949966,-25.800003,-103.050003,4745.000000
47460.000000,-0.474609,0.075684,0.887695,4746.000000,1.211166,2.273560,0.452042,4746.000000,19.949966,-24.900009,-102.600006,4746.000000
47470.000000,-0.456543,0.064941,0.889160,4747.000000,1.577377,2.761841,-0.154495,4747.000000,17.099960,-24.900009,-102.600006,4747.000000
47480.000000,-0.483887,0.077637,0.894531,4748.000000,1.455307,2.578735,0.329971,4748.000000,18.599960,-24.450012,-102.900009,4748.000000
47490.000000,-0.473144,0.041504,0.888672,4749.000000,1.150131,2.151489,0.207901,4749.000000,18.599960,-26.700012,-103.200012,4749.000000
47500.000000,-0.479004,0.072266,0.882324,4750.000000,1.821518,1.907349,-0.032425,4750.000000,19.949966,-26.700012,-103.200012,4750.000000
47510.000000,-0.471191,0.066895,0.879394,4751.000000,1.455307,1.846313,-0.093460,4751.000000,18.149963,-27.450012,-102.600006,4751.000000
47520.000000,-0.469726,0.071289,0.883789,4752.000000,1.638412,2.090454,-0.459671,4752.000000,18.149963,-25.950012,-103.950012,4752.000000
47530.000000,-0.478516,0.067383,0.893066,4753.000000,2.309799,1.663208,-0.276566,4753.000000,18.149963,-25.950012,-103.950012,4753.000000
47540.000000,-0.480469,0.067383,0.886719,4754.000000,2.126694,2.151489,-0.520706,4754.000000,19.499954,-26.700012,-103.650009,4754.000000
47550.000000,-0.460937,0.058105,0.887695,4755.000000,1.333237,1.602173,-0.581741,4755.000000,17.549957,-24.000000,-103.800003,4755.000000
47560.000000,-0.476562,0.066895,0.895996,4756.000000,1.882553,1.541138,-1.070023,4756.000000,17.549957,-26.400009,-102.600006,4756.000000
47570.000000,-0.472656,0.057617,0.888183,4757.000000,1.882553,2.517700,-0.886917,4757.000000,17.699966,-26.400009,-102.600006,4757.000000
47580.000000,-0.470703,0.059082,0.878418,4758.000000,1.638412,3.738403,-0.032425,4758.000000,19.049957,-24.750000,-104.550003,4758.000000
47590.000000,-0.471191,0.060059,0.898437,4759.000000,2.309799,2.578735,-0.276566,4759.000000,19.049957,-26.250000,-102.000000,4759.000000
47600.000000,-0.483398,0.058594,0.888672,4760.000000,2.309799,2.151489,-0.215530,4760.000000,19.799957,-26.250000,-102.000000,4760.000000
47610.000000,-0.477051,0.059082,0.881347,4761.000000,2.309799,2.273560,-0.093460,4761.000000,16.799957,-25.800003,-103.800003,4761.000000
47620.000000,-0.488769,0.053223,0.881347,4762.000000,-0.066757,1.174927,-0.154495,4762.000000,17.999954,-26.700012,-105.450012,4762.000000
47630.000000,-0.456055,0.062500,0.902344,4763.000000,1.150131,0.808716,-0.764847,4763.000000,18.149963,-25.050003,-101.700012,4763.000000
47640.000000,-0.471191,0.072266,0.880859,4764.000000,0.051498,0.991821,-0.032425,4764.000000,18.149963,-25.950012,-103.200012,4764.000000
47650.000000,-0.477539,0.069336,0.876465,4765.000000,0.417709,4.043579,-1.924515,4765.000000,19.349960,-25.950012,-103.200012,4765.000000
47660.000000,-0.471191,0.077148,0.913086,4766.000000,-0.310898,0.564575,-0.459671,4766.000000,18.599960,-23.850006,-104.700012,4766.000000
47670.000000,-0.469238,0.047363,0.870117,4767.000000,0.417709,1.480103,0.024796,4767.000000,18.599960,-24.900009,-103.950012,4767.000000
47680.000000,-0.464355,0.086914,0.885254,4768.000000,1.455307,0.625610,0.085831,4768.000000,18.749954,-24.900009,-103.950012,4768.000000
47690.000000,-0.488769,0.062988,0.878418,4769.000000,1.211166,1.602173,0.207901,4769.000000,18.899963,-26.550003,-103.800003,4769.000000
47700.000000,-0.476074,0.079102,0.890136,4770.000000,-0.249863,0.747681,0.757217,4770.000000,18.149963,-25.950012,-104.400009,4770.000000
47710.000000,-0.499023,0.063965,0.868652,4771.000000,0.905991,0.808716,0.391006,4771.000000,18.149963,-25.950012,-103.650009,4771.000000
47720.000000,-0.479980,0.067383,0.879883,4772.000000,0.722885,0.198364,0.635147,4772.000000,18.749954,-25.950012,-103.650009,4772.000000
47730.000000,-0.470703,0.069336,0.889648,4773.000000,-0.310898,0.747681,0.879288,4773.000000,18.599960,-26.550003,-103.500000,4773.000000
47740.000000,-0.493164,0.069824,0.878418,4774.000000,0.967026,1.174927,0.391006,4774.000000,18.599960,-25.950012,-102.600006,4774.000000
47750.000000,-0.437500,0.067383,0.872070,4775.000000,0.722885,3.189087,-3.328323,4775.000000,19.049957,-25.950012,-102.600006,4775.000000
47760.000000,-0.484863,0.138184,0.908691,4776.000000,0.661850,2.151489,-0.276566,4776.000000,17.249954,-26.250000,-104.550003,4776.000000
47770.000000,-0.487305,0.007812,0.882812,4777.000000,1.333237,1.296997,0.757217,4777.000000,17.249954,-26.250000,-103.500000,4777.000000
47780.000000,-0.481445,0.087402,0.852051,4778.000000,2.859116,1.419067,0.696182,4778.000000,19.649963,-26.250000,-103.500000,4778.000000
47790.000000,-0.481445,0.063965,0.877441,4779.000000,1.760483,1.541138,0.268936,4779.000000,18.749954,-27.150009,-102.150009,4779.000000
47800.000000,-0.480957,0.083984,0.879883,4780.000000,1.577377,0.808716,0.696182,4780.000000,18.749954,-25.800003,-103.050003,4780.000000
47810.000000,-0.482910,0.076660,0.876465,4781.000000,2.004623,0.320435,0.329971,4781.000000,18.149963,-25.800003,-103.050003,4781.000000
47820.000000,-0.477539,0.064453,0.878418,4782.000000,1.577377,-0.041962,-0.276566,4782.000000,18.149963,-25.650009,-104.400009,4782.000000
47830.000000,-0.475586,0.069824,0.878906,4783.000000,0.600815,0.015259,0.085831,4783.000000,18.149963,-26.400009,-103.950012,4783.000000
47840.000000,-0.461426,0.081543,0.893066,4784.000000,2.492905,0.015259,0.574112,4784.000000,19.799957,-26.400009,-103.950012,4784.000000
47850.000000,-0.484375,0.066406,0.879394,4785.000000,2.065659,0.625610,0.085831,4785.000000,17.849960,-26.550003,-103.500000,4785.000000
47860.000000,-0.474121,0.066895,0.894043,4786.000000,1.638412,0.930786,0.146866,4786.000000,17.999954,-26.700012,-103.950012,4786.000000
47870.000000,-0.461426,0.074707,0.877929,4787.000000,1.821518,0.808716,0.329971,4787.000000,17.999954,-26.550003,-103.050003,4787.000000
47880.000000,-0.490723,0.070312,0.880371,4788.000000,1.882553,1.235962,0.329971,4788.000000,19.349960,-26.550003,-103.050003,4788.000000
47890.000000,-0.476562,0.072266,0.875976,4789.000000,0.905991,1.052856,0.146866,4789.000000,20.249954,-25.950012,-103.650009,4789.000000
47900.000000,-0.485840,0.063965,0.883301,4790.000000,0.722885,1.296997,-0.154495,4790.000000,20.249954,-26.250000,-103.050003,4790.000000
47910.000000,-0.476074,0.066406,0.871582,4791.000000,0.234604,0.503540,-0.337601,4791.000000,19.349960,-26.250000,-103.050003,4791.000000
47920.000000,-0.453613,0.064453,0.871582,4792.000000,-0.494003,1.296997,0.024796,4792.000000,19.799957,-26.400009,-103.650009,4792.000000
47930.000000,-0.479004,0.076660,0.879883,4793.000000,-0.738144,0.137329,-0.215530,4793.000000,18.749954,-26.250000,-104.850006,4793.000000
47940.000000,-0.465332,0.085937,0.864258,4794.000000,-0.921249,-0.041962,-0.093460,4794.000000,18.149963,-25.050003,-104.550003,4794.000000
47950.000000,-0.482910,0.071777,0.868652,4795.000000,-1.104355,0.076294,-0.276566,4795.000000,18.149963,-25.650009,-103.950012,4795.000000
47960.000000,-0.472656,0.071777,0.876465,4796.000000,-1.531601,-0.347137,-0.032425,4796.000000,18.899963,-25.650009,-103.950012,4796.000000
47970.000000,-0.486816,0.076172,0.885254,4797.000000,-1.043320,-0.591278,0.146866,4797.000000,19.049957,-26.700012,-104.400009,4797.000000
47980.000000,-0.488281,0.069336,0.872558,4798.000000,-0.982285,-0.896454,-0.398636,4798.000000,19.049957,-26.550003,-102.750000,4798.000000
47990.000000,-0.481445,0.069336,0.861328,4799.000000,-2.019882,-1.628876,0.085831,4799.000000,18.749954,-26.550003,-102.750000,4799.000000
48000.000000,-0.484375,0.068848,0.859375,4800.000000,-1.409531,-1.506805,-0.459671,4800.000000,18.449966,-25.800003,-103.500000,4800.000000
48010.000000,-0.485351,0.066406,0.881836,4801.000000,-1.775742,-1.811981,-1.131058,4801.000000,18.899963,-25.800003,-102.000000,4801.000000
48020.000000,-0.490234,0.072266,0.867187,4802.000000,-1.775742,-1.750946,-1.131058,4802.000000,18.899963,-26.700012,-103.650009,4802.000000
48030.000000,-0.491699,0.075195,0.878906,4803.000000,-0.860214,-1.445770,-0.703812,4803.000000,18.749954,-26.700012,-103.650009,4803.000000
48040.000000,-0.490234,0.061523,0.884765,4804.000000,-1.775742,-2.422333,-0.886917,4804.000000,19.349960,-26.250000,-103.500000,4804.000000
48050.000000,-0.475098,0.063965,0.893066,4805.000000,-0.310898,-2.117157,-1.192093,4805.000000,19.349960,-25.650009,-103.950012,4805.000000
48060.000000,-0.476074,0.062988,0.897461,4806.000000,0.234604,-3.032684,0.146866,4806.000000,17.699966,-25.650009,-103.950012,4806.000000
48070.000000,-0.479980,0.065430,0.888183,4807.000000,0.905991,-3.093719,0.696182,4807.000000,17.999954,-25.500000,-103.800003,4807.000000
48080.000000,-0.492187,0.067871,0.885254,4808.000000,0.905991,-2.910614,0.879288,4808.000000,17.999954,-25.500000,-103.500000,4808.000000
48090.000000,-0.475586,0.062988,0.891601,4809.000000,0.295639,-2.849579,-0.032425,4809.000000,17.849960,-25.500000,-103.500000,4809.000000
48100.000000,-0.463379,0.068359,0.881347,4810.000000,0.173569,-2.727509,0.329971,4810.000000,17.699966,-25.950012,-103.950012,4810.000000
48110.000000,-0.455078,0.057129,0.891601,4811.000000,-0.616074,-2.056122,-0.886917,4811.000000,17.699966,-25.800003,-104.850006,4811.000000
48120.000000,-0.459473,0.058594,0.878906,4812.000000,-1.775742,-1.873016,-0.398636,4812.000000,19.049957,-25.800003,-104.850006,4812.000000
48130.000000,-0.484375,0.057129,0.867187,4813.000000,-2.386093,-1.689911,-0.215530,4813.000000,18.449966,-26.550003,-104.100006,4813.000000
48140.000000,-0.460449,0.069336,0.871582,4814.000000,-3.362656,-1.323700,-0.703812,4814.000000,18.449966,-25.500000,-104.100006,4814.000000
48150.000000,-0.455566,0.066895,0.880371,4815.000000,-2.630234,-1.323700,-1.253128,4815.000000,17.849960,-25.500000,-104.100006,4815.000000
48160.000000,-0.456543,0.064941,0.881836,4816.000000,-2.264023,-1.445770,-0.886917,4816.000000,17.849960,-27.150009,-103.200012,4816.000000
48170.000000,-0.464355,0.065918,0.891113,4817.000000,-0.738144,-1.140594,-0.764847,4817.000000,18.449966,-26.700012,-102.900009,4817.000000
48180.000000,-0.458496,0.056152,0.905761,4818.000000,-0.188828,-0.591278,-0.520706,4818.000000,18.449966,-27.750000,-103.500000,4818.000000
48190.000000,-0.452148,0.055664,0.904297,4819.000000,-0.616074,-0.591278,-0.886917,4819.000000,19.499954,-27.750000,-103.500000,4819.000000
48200.000000,-0.460449,0.051758,0.904297,4820.000000,0.234604,-0.347137,-0.581741,4820.000000,18.899963,-26.550003,-102.000000,4820.000000
48210.000000,-0.466797,0.049805,0.884277,4821.000000,-0.249863,-0.164032,-0.581741,4821.000000,18.899963,-25.200012,-102.900009,4821.000000
48220.000000,-0.473633,0.071777,0.888183,4822.000000,-1.836777,0.137329,-0.520706,4822.000000,19.649963,-25.200012,-102.900009,4822.000000
48230.000000,-0.479980,0.069824,0.873535,4823.000000,-2.019882,1.174927,-0.764847,4823.000000,19.649963,-25.950012,-102.600006,4823.000000
48240.000000,-0.486328,0.065430,0.864258,4824.000000,-2.264023,1.235962,-0.947952,4824.000000,19.499954,-25.950012,-102.600006,4824.000000
48250.000000,-0.479492,0.078613,0.860840,4825.000000,-2.080917,1.235962,-0.825882,4825.000000,17.999954,-26.250000,-103.050003,4825.000000
48260.000000,-0.487793,0.063965,0.885742,4826.000000,-1.409531,0.930786,-0.764847,4826.000000,17.999954,-26.550003,-103.500000,4826.000000
48270.000000,-0.473633,0.058105,0.882812,4827.000000,-1.653671,0.930786,-0.520706,4827.000000,19.499954,-26.550003,-103.500000,4827.000000
48280.000000,-0.480469,0.071777,0.895508,4828.000000,-0.799179,0.381470,-0.398636,4828.000000,18.449966,-25.500000,-103.050003,4828.000000
48290.000000,-0.480957,0.072754,0.884765,4829.000000,-0.066757,0.137329,-0.154495,4829.000000,18.449966,-27.300003,-102.000000,4829.000000
48300.000000,-0.475586,0.059082,0.882324,4830.000000,0.539780,-0.164032,-0.337601,4830.000000,19.049957,-27.300003,-102.000000,4830.000000
48310.000000,-0.473144,0.056641,0.884277,4831.000000,0.112534,0.137329,-0.154495,4831.000000,17.999954,-24.750000,-103.500000,4831.000000
48320.000000,-0.479004,0.059082,0.881347,4832.000000,0.051498,0.320435,-0.398636,4832.000000,19.949966,-26.550003,-103.800003,4832.000000
48330.000000,-0.480957,0.062500,0.878906,4833.000000,-0.127792,0.198364,-0.215530,4833.000000,19.949966,-26.400009,-103.650009,4833.000000
48340.000000,-0.467285,0.073242,0.881836,4834.000000,-0.188828,-0.164032,-0.886917,4834.000000,16.799957,-26.400009,-103.650009,4834.000000
48350.000000,-0.472168,0.067871,0.884277,4835.000000,-0.616074,0.320435,-0.398636,4835.000000,19.349960,-25.650009,-104.400009,4835.000000
48360.000000,-0.475586,0.067383,0.881836,4836.000000,-1.470566,0.015259,0.391006,4836.000000,19.349960,-25.950012,-103.650009,4836.000000
48370.000000,-0.470215,0.076660,0.874023,4837.000000,-0.371933,-0.347137,-0.276566,4837.000000,18.149963,-25.950012,-103.650009,4837.000000
48380.000000,-0.464355,0.067871,0.895508,4838.000000,-0.921249,-1.323700,0.085831,4838.000000,18.149963,-26.400009,-102.600006,4838.000000
48390.000000,-0.462402,0.071777,0.881347,4839.000000,-1.409531,-1.506805,-0.276566,4839.000000,18.149963,-25.950012,-103.650009,4839.000000
48400.000000,-0.481933,0.060547,0.877441,4840.000000,-1.653671,-1.079559,0.329971,4840.000000,18.749954,-25.950012,-103.650009,4840.000000
48410.000000,-0.478516,0.048828,0.889160,4841.000000,-0.982285,-1.567841,-0.032425,4841.000000,19.799957,-26.550003,-104.100006,4841.000000
48420.000000,-0.461914,0.062012,0.895508,4842.000000,-1.165390,-1.384735,0.085831,4842.000000,19.799957,-26.250000,-104.100006,4842.000000
48430.000000,-0.472168,0.061035,0.887207,4843.000000,-0.982285,-0.896454,0.452042,4843.000000,18.599960,-26.250000,-104.100006,4843.000000
48440.000000,-0.466797,0.053223,0.889648,4844.000000,-1.165390,-0.286102,-0.032425,4844.000000,17.849960,-23.850006,-102.600006,4844.000000
48450.000000,-0.468750,0.062012,0.883301,4845.000000,-1.958847,-0.469208,-0.581741,4845.000000,17.849960,-25.650009,-102.900009,4845.000000
48460.000000,-0.471191,0.067383,0.882324,4846.000000,-1.836777,-0.286102,-0.398636,4846.000000,17.999954,-25.650009,-102.900009,4846.000000
48470.000000,-0.468262,0.049805,0.881836,4847.000000,-1.409531,0.198364,-0.215530,4847.000000,19.799957,-25.800003,-103.800003,4847.000000
48480.000000,-0.478516,0.067871,0.876953,4848.000000,-1.409531,-0.347137,0.146866,4848.000000,19.349960,-26.550003,-104.100006,4848.000000
48490.000000,-0.469726,0.060547,0.885254,4849.000000,-1.409531,-0.530243,-0.154495,4849.000000,19.349960,-25.950012,-102.150009,4849.000000
48500.000000,-0.475098,0.067871,0.889648,4850.000000,-1.470566,-0.957489,0.207901,4850.000000,18.599960,-25.950012,-102.150009,4850.000000
48510.000000,-0.464355,0.061523,0.887207,4851.000000,-1.226425,-0.591278,0.268936,4851.000000,17.699966,-24.900009,-102.900009,4851.000000
48520.000000,-0.477539,0.057617,0.891113,4852.000000,-0.555038,-0.774384,-0.032425,4852.000000,18.899963,-24.000000,-102.450012,4852.000000
48530.000000,-0.478027,0.050293,0.888672,4853.000000,-0.249863,-0.408173,-0.276566,4853.000000,17.999954,-24.900009,-103.200012,4853.000000
48540.000000,-0.477539,0.060059,0.896484,4854.000000,-0.127792,-0.530243,0.329971,4854.000000,17.999954,-25.800003,-104.100006,4854.000000
48550.000000,-0.472656,0.065918,0.888672,4855.000000,-0.127792,-0.774384,0.268936,4855.000000,19.349960,-25.800003,-104.100006,4855.000000
48560.000000,-0.478516,0.056641,0.890625,4856.000000,-0.555038,-0.774384,-0.215530,4856.000000,18.449966,-24.900009,-101.550003,4856.000000
48570.000000,-0.477051,0.059570,0.877929,4857.000000,-1.409531,-0.835419,-0.093460,4857.000000,18.449966,-27.300003,-102.750000,4857.000000
48580.000000,-0.471680,0.069824,0.878418,4858.000000,-0.799179,-0.530243,-0.215530,4858.000000,17.249954,-27.300003,-102.750000,4858.000000
48590.000000,-0.473144,0.076660,0.881836,4859.000000,-0.982285,-0.347137,-0.276566,4859.000000,18.749954,-26.550003,-102.450012,4859.000000
48600.000000,-0.470215,0.045898,0.883789,4860.000000,-0.310898,-0.286102,-0.520706,4860.000000,18.749954,-25.800003,-102.000000,4860.000000
48610.000000,-0.461914,0.054199,0.879394,4861.000000,-0.921249,-0.713348,-0.581741,4861.000000,18.449966,-25.800003,-102.000000,4861.000000
48620.000000,-0.480469,0.057129,0.875488,4862.000000,-1.104355,-0.591278,-0.276566,4862.000000,18.149963,-25.500000,-102.000000,4862.000000
48630.000000,-0.464844,0.066895,0.879394,4863.000000,-0.188828,-0.225067,-0.276566,4863.000000,18.599960,-25.650009,-101.850006,4863.000000
48640.000000,-0.458984,0.056152,0.892578,4864.000000,0.112534,-0.530243,0.024796,4864.000000,18.599960,-26.400009,-102.900009,4864.000000
48650.000000,-0.474609,0.061523,0.892578,4865.000000,0.173569,-0.408173,-0.459671,4865.000000,18.449966,-26.400009,-102.900009,4865.000000
48660.000000,-0.469238,0.058594,0.885742,4866.000000,1.333237,-0.591278,-1.070023,4866.000000,19.349960,-25.800003,-102.750000,4866.000000
48670.000000,-0.451660,0.058105,0.866699,4867.000000,0.722885,-0.835419,-0.520706,4867.000000,19.349960,-25.650009,-104.400009,4867.000000
48680.000000,-0.482422,0.042969,0.895996,4868.000000,0.478745,-0.469208,-0.703812,4868.000000,19.349960,-25.650009,-104.400009,4868.000000
48690.000000,-0.472168,0.052734,0.899414,4869.000000,0.600815,-0.591278,-0.703812,4869.000000,19.649963,-24.900009,-102.900009,4869.000000
48700.000000,-0.476074,0.063477,0.889648,4870.000000,-0.371933,0.015259,-0.093460,4870.000000,19.649963,-27.150009,-104.400009,4870.000000
48710.000000,-0.476562,0.055176,0.898926,4871.000000,-0.860214,-0.591278,-0.093460,4871.000000,18.449966,-27.150009,-104.400009,4871.000000
48720.000000,-0.469238,0.069824,0.879883,4872.000000,-2.019882,-0.957489,0.146866,4872.000000,18.899963,-26.550003,-103.050003,4872.000000
48730.000000,-0.484375,0.063477,0.873535,4873.000000,-1.653671,-1.079559,0.024796,4873.000000,18.899963,-25.200012,-103.200012,4873.000000
48740.000000,-0.461426,0.058105,0.883301,4874.000000,-2.202988,-1.079559,-0.032425,4874.000000,17.849960,-25.200012,-103.200012,4874.000000
48750.000000,-0.482422,0.068848,0.878906,4875.000000,-1.714706,-1.018524,0.329971,4875.000000,19.949966,-25.950012,-103.200012,4875.000000
48760.000000,-0.474121,0.053711,0.885254,4876.000000,-0.371933,-0.896454,-0.215530,4876.000000,19.949966,-25.200012,-103.650009,4876.000000
48770.000000,-0.445801,0.058594,0.892578,4877.000000,-0.494003,-1.140594,-0.703812,4877.000000,18.149963,-25.200012,-103.650009,4877.000000
48780.000000,-0.460937,0.064941,0.891601,4878.000000,-0.005722,-1.201630,-0.947952,4878.000000,17.999954,-26.400009,-103.200012,4878.000000
48790.000000,-0.464844,0.050781,0.897949,4879.000000,0.661850,-0.896454,-0.886917,4879.000000,18.749954,-24.300003,-102.450012,4879.000000
48800.000000,-0.475586,0.051758,0.904297,4880.000000,0.417709,-0.591278,-0.642776,4880.000000,18.749954,-25.050003,-102.750000,4880.000000
48810.000000,-0.477051,0.054199,0.894043,4881.000000,0.295639,-1.201630,-0.764847,4881.000000,18.599960,-25.050003,-102.750000,4881.000000
48820.000000,-0.467285,0.063477,0.883789,4882.000000,-0.371933,-0.713348,-0.154495,4882.000000,17.699966,-25.650009,-104.700012,4882.000000
48830.000000,-0.474609,0.070801,0.883301,4883.000000,-0.371933,-0.591278,-0.337601,4883.000000,18.149963,-26.250000,-102.450012,4883.000000
48840.000000,-0.475586,0.054687,0.872070,4884.000000,-0.432968,-0.652313,0.391006,4884.000000,20.249954,-24.450012,-102.600006,4884.000000
48850.000000,-0.460449,0.049805,0.885254,4885.000000,-0.799179,-0.408173,-0.154495,4885.000000,20.249954,-26.250000,-103.500000,4885.000000
48860.000000,-0.451172,0.049805,0.871094,4886.000000,-0.555038,-0.347137,0.146866,4886.000000,19.349960,-26.250000,-103.500000,4886.000000
48870.000000,-0.462402,0.063965,0.892090,4887.000000,-0.371933,-0.469208,-0.093460,4887.000000,18.449966,-25.650009,-102.600006,4887.000000
48880.000000,-0.474609,0.071777,0.903320,4888.000000,-0.494003,-0.469208,-0.398636,4888.000000,18.449966,-25.500000,-102.750000,4888.000000
48890.000000,-0.468262,0.045898,0.892090,4889.000000,0.234604,-0.774384,-0.703812,4889.000000,18.899963,-25.500000,-102.750000,4889.000000
48900.000000,-0.462402,0.051758,0.888672,4890.000000,0.478745,-0.591278,-0.886917,4890.000000,18.449966,-25.950012,-102.900009,4890.000000
48910.000000,-0.464844,0.057617,0.891601,4891.000000,0.051498,-0.530243,-0.337601,4891.000000,18.449966,-24.750000,-103.500000,4891.000000
48920.000000,-0.458984,0.059570,0.899902,4892.000000,-0.677109,-0.102997,-0.215530,4892.000000,19.649963,-24.750000,-103.500000,4892.000000
48930.000000,-0.458984,0.039062,0.883301,4893.000000,-0.066757,-0.286102,-0.032425,4893.000000,17.249954,-26.400009,-102.600006,4893.000000
48940.000000,-0.465820,0.047852,0.896972,4894.000000,-0.982285,-0.164032,0.268936,4894.000000,16.349960,-24.300003,-103.050003,4894.000000
48950.000000,-0.468262,0.062500,0.898437,4895.000000,-0.616074,-0.041962,-0.154495,4895.000000,16.349960,-26.400009,-102.900009,4895.000000
48960.000000,-0.457031,0.066895,0.881836,4896.000000,-1.592636,-0.286102,0.207901,4896.000000,18.899963,-26.400009,-102.900009,4896.000000
48970.000000,-0.454590,0.041992,0.890136,4897.000000,-0.371933,-0.591278,0.146866,4897.000000,19.499954,-25.200012,-102.150009,4897.000000
48980.000000,-0.465820,0.067383,0.885742,4898.000000,-0.677109,-0.713348,-0.520706,4898.000000,19.499954,-24.750000,-102.450012,4898.000000
48990.000000,-0.470703,0.055176,0.884277,4899.000000,-0.310898,-0.469208,-0.459671,4899.000000,19.049957,-24.750000,-102.450012,4899.000000
49000.000000,-0.472656,0.068359,0.878906,4900.000000,-0.921249,-0.164032,0.391006,4900.000000,18.749954,-23.250000,-103.500000,4900.000000
49010.000000,-0.476562,0.053223,0.891113,4901.000000,-0.066757,-0.347137,-0.154495,4901.000000,18.749954,-24.000000,-103.800003,4901.000000
49020.000000,-0.461426,0.054199,0.878418,4902.000000,-0.127792,-0.591278,0.452042,4902.000000,18.749954,-24.000000,-103.800003,4902.000000
49030.000000,-0.466308,0.046875,0.892578,4903.000000,0.417709,-0.102997,-0.276566,4903.000000,18.149963,-24.300003,-102.450012,4903.000000
49040.000000,-0.449707,0.057129,0.902344,4904.000000,-0.310898,-0.347137,0.085831,4904.000000,18.149963,-26.400009,-102.900009,4904.000000
49050.000000,-0.459473,0.065430,0.896484,4905.000000,0.173569,0.076294,0.207901,4905.000000,18.749954,-26.400009,-102.900009,4905.000000
49060.000000,-0.459473,0.068848,0.886230,4906.000000,0.051498,0.259399,0.024796,4906.000000,19.349960,-26.250000,-102.450012,4906.000000
49070.000000,-0.465820,0.045898,0.892578,4907.000000,-0.371933,0.686646,-0.398636,4907.000000,19.349960,-24.900009,-102.150009,4907.000000
49080.000000,-0.465332,0.058594,0.878418,4908.000000,-0.188828,0.442505,-0.032425,4908.000000,18.149963,-24.900009,-102.150009,4908.000000
49090.000000,-0.463867,0.053223,0.892090,4909.000000,-0.188828,0.381470,0.452042,4909.000000,17.549957,-26.700012,-102.900009,4909.000000
49100.000000,-0.450195,0.062012,0.886230,4910.000000,-0.432968,0.625610,-0.093460,4910.000000,17.999954,-25.200012,-102.900009,4910.000000
49110.000000,-0.473633,0.056641,0.889160,4911.000000,-0.127792,0.198364,-0.154495,4911.000000,17.999954,-25.500000,-103.800003,4911.000000
49120.000000,-0.473144,0.045410,0.892578,4912.000000,0.051498,0.137329,-0.276566,4912.000000,19.499954,-25.500000,-103.800003,4912.000000
49130.000000,-0.472168,0.055664,0.896972,4913.000000,0.051498,-0.225067,-0.276566,4913.000000,19.499954,-25.500000,-102.000000,4913.000000
49140.000000,-0.478516,0.051270,0.896972,4914.000000,0.112534,-0.591278,0.024796,4914.000000,19.499954,-25.500000,-102.000000,4914.000000
49150.000000,-0.461426,0.059570,0.888672,4915.000000,-0.249863,-0.530243,0.085831,4915.000000,18.749954,-25.050003,-102.750000,4915.000000
49160.000000,-0.464844,0.067383,0.897949,4916.000000,-0.555038,-0.286102,0.085831,4916.000000,18.749954,-24.750000,-102.000000,4916.000000
49170.000000,-0.468262,0.049316,0.899902,4917.000000,-0.310898,0.320435,0.391006,4917.000000,19.799957,-24.750000,-102.000000,4917.000000
49180.000000,-0.464844,0.049316,0.890625,4918.000000,-0.555038,0.625610,-0.215530,4918.000000,19.949966,-26.250000,-102.750000,4918.000000
49190.000000,-0.465820,0.049316,0.895996,4919.000000,-0.616074,0.991821,0.207901,4919.000000,19.949966,-25.200012,-101.850006,4919.000000
49200.000000,-0.477539,0.046875,0.884765,4920.000000,-0.371933,0.564575,-0.032425,4920.000000,18.749954,-25.200012,-101.850006,4920.000000
49210.000000,-0.471680,0.060547,0.882812,4921.000000,-0.249863,0.381470,-0.032425,4921.000000,19.799957,-25.500000,-103.050003,4921.000000
49220.000000,-0.455078,0.050293,0.886230,4922.000000,0.051498,0.320435,0.513077,4922.000000,19.799957,-26.550003,-102.450012,4922.000000
49230.000000,-0.471191,0.062012,0.881347,4923.000000,0.600815,0.503540,-0.215530,4923.000000,18.749954,-26.550003,-102.450012,4923.000000
49240.000000,-0.458496,0.045898,0.884277,4924.000000,0.112534,-0.408173,-0.398636,4924.000000,19.349960,-26.250000,-103.800003,4924.000000
49250.000000,-0.466797,0.060547,0.897461,4925.000000,-0.127792,-0.225067,-0.459671,4925.000000,18.599960,-24.450012,-102.900009,4925.000000
49260.000000,-0.463379,0.052246,0.897949,4926.000000,-0.738144,0.076294,-0.581741,4926.000000,18.599960,-26.700012,-102.600006,4926.000000
49270.000000,-0.459961,0.059570,0.890136,4927.000000,-0.982285,-0.164032,-0.215530,4927.000000,19.949966,-26.700012,-102.600006,4927.000000
49280.000000,-0.461426,0.054199,0.902832,4928.000000,-0.921249,0.381470,-0.764847,4928.000000,18.449966,-23.850006,-101.850006,4928.000000
49290.000000,-0.442383,0.046875,0.884765,4929.000000,-0.677109,0.808716,-0.032425,4929.000000,18.449966,-26.250000,-103.500000,4929.000000
49300.000000,-0.462891,0.057617,0.892578,4930.000000,-0.799179,1.052856,0.268936,4930.000000,17.549957,-26.250000,-103.500000,4930.000000
49310.000000,-0.471680,0.031738,0.893066,4931.000000,-0.310898,0.503540,0.085831,4931.000000,18.449966,-26.700012,-103.950012,4931.000000
49320.000000,-0.459961,0.065918,0.881836,4932.000000,-0.432968,1.358032,0.268936,4932.000000,18.449966,-26.250000,-103.500000,4932.000000
49330.000000,-0.464355,0.056641,0.890625,4933.000000,-0.066757,0.625610,-0.398636,4933.000000,17.849960,-26.250000,-103.500000,4933.000000
49340.000000,-0.467773,0.049805,0.893066,4934.000000,-0.310898,0.015259,-0.154495,4934.000000,18.749954,-26.400009,-101.850006,4934.000000
49350.000000,-0.466308,0.057617,0.886230,4935.000000,-0.249863,1.052856,-0.276566,4935.000000,18.749954,-26.550003,-101.250000,4935.000000
49360.000000,-0.466308,0.043457,0.897461,4936.000000,-0.249863,0.137329,-0.520706,4936.000000,18.599960,-26.550003,-101.250000,4936.000000
49370.000000,-0.470703,0.054687,0.890136,4937.000000,-0.921249,0.137329,-0.093460,4937.000000,17.699966,-25.650009,-102.150009,4937.000000
49380.000000,-0.474121,0.044434,0.895508,4938.000000,-0.555038,-0.225067,0.085831,4938.000000,17.699966,-25.050003,-103.050003,4938.000000
49390.000000,-0.478516,0.065430,0.893066,4939.000000,-0.616074,-0.225067,0.452042,4939.000000,19.499954,-25.050003,-103.050003,4939.000000
49400.000000,-0.463379,0.042480,0.886719,4940.000000,-0.677109,-0.286102,0.391006,4940.000000,18.899963,-25.050003,-102.750000,4940.000000
49410.000000,-0.459473,0.055664,0.880859,4941.000000,-0.188828,0.015259,0.146866,4941.000000,18.749954,-25.650009,-103.650009,4941.000000
49420.000000,-0.466797,0.049316,0.874511,4942.000000,0.356674,0.198364,0.085831,4942.000000,18.749954,-24.300003,-101.700012,4942.000000
49430.000000,-0.467285,0.056641,0.875000,4943.000000,0.417709,-0.286102,-0.032425,4943.000000,19.499954,-24.300003,-101.700012,4943.000000
49440.000000,-0.472168,0.057129,0.883789,4944.000000,0.539780,-0.469208,0.452042,4944.000000,18.149963,-26.250000,-102.450012,4944.000000
49450.000000,-0.465332,0.054687,0.890625,4945.000000,0.173569,-0.225067,-0.032425,4945.000000,18.149963,-25.200012,-102.600006,4945.000000
49460.000000,-0.454590,0.066406,0.893066,4946.000000,-0.249863,-0.347137,-0.398636,4946.000000,18.149963,-25.200012,-102.600006,4946.000000
49470.000000,-0.461426,0.050781,0.894531,4947.000000,-0.432968,0.259399,-0.093460,4947.000000,19.799957,-25.650009,-102.600006,4947.000000
49480.000000,-0.456543,0.044922,0.883789,4948.000000,-0.616074,0.137329,-0.337601,4948.000000,19.799957,-25.500000,-102.450012,4948.000000
49490.000000,-0.465820,0.064453,0.893554,4949.000000,-0.494003,0.747681,0.207901,4949.000000,18.149963,-25.500000,-102.450012,4949.000000
49500.000000,-0.458008,0.050293,0.893066,4950.000000,-0.494003,-0.225067,0.452042,4950.000000,18.149963,-25.950012,-103.200012,4950.000000
49510.000000,-0.465820,0.060059,0.888672,4951.000000,0.234604,0.198364,0.207901,4951.000000,18.149963,-24.900009,-103.650009,4951.000000
49520.000000,-0.461914,0.048340,0.885742,4952.000000,0.173569,-0.286102,0.391006,4952.000000,19.499954,-24.900009,-103.650009,4952.000000
49530.000000,-0.464355,0.058594,0.883789,4953.000000,0.600815,-0.347137,-0.215530,4953.000000,18.149963,-24.000000,-102.750000,4953.000000
49540.000000,-0.465332,0.040527,0.891113,4954.000000,0.417709,-0.347137,-0.276566,4954.000000,18.149963,-25.200012,-101.850006,4954.000000
49550.000000,-0.471680,0.060059,0.893554,4955.000000,-0.005722,-0.530243,-0.276566,4955.000000,18.899963,-25.200012,-101.850006,4955.000000
49560.000000,-0.457031,0.038574,0.878418,4956.000000,-0.494003,-0.164032,0.268936,4956.000000,19.499954,-25.950012,-103.200012,4956.000000
49570.000000,-0.457519,0.051758,0.889648,4957.000000,-0.677109,0.015259,0.146866,4957.000000,18.599960,-25.050003,-101.700012,4957.000000
49580.000000,-0.463867,0.055664,0.884765,4958.000000,-0.249863,0.259399,0.329971,4958.000000,16.049957,-24.450012,-103.950012,4958.000000
49590.000000,-0.461914,0.054687,0.884277,4959.000000,-0.555038,0.503540,-0.032425,4959.000000,19.049957,-24.150009,-102.900009,4959.000000
49600.000000,-0.464844,0.045410,0.899902,4960.000000,1.028061,1.052856,0.879288,4960.000000,19.049957,-25.800003,-102.000000,4960.000000
49610.000000,-0.474609,0.055176,0.889648,4961.000000,0.967026,0.137329,-0.215530,4961.000000,18.599960,-25.800003,-102.000000,4961.000000
49620.000000,-0.470703,0.056641,0.902344,4962.000000,1.028061,-0.408173,0.268936,4962.000000,17.999954,-25.650009,-102.900009,4962.000000
49630.000000,-0.448242,0.051758,0.897461,4963.000000,0.600815,0.137329,-0.032425,4963.000000,17.999954,-24.750000,-103.800003,4963.000000
49640.000000,-0.464355,0.062012,0.903320,4964.000000,-0.066757,-0.225067,0.452042,4964.000000,18.599960,-24.750000,-103.800003,4964.000000
49650.000000,-0.459961,0.053223,0.888672,4965.000000,0.173569,0.137329,-0.093460,4965.000000,19.049957,-27.150009,-102.600006,4965.000000
49660.000000,-0.458496,0.048828,0.886719,4966.000000,-0.982285,0.320435,0.513077,4966.000000,19.049957,-25.500000,-102.450012,4966.000000
49670.000000,-0.472168,0.039551,0.891601,4967.000000,-0.310898,0.930786,0.146866,4967.000000,18.749954,-25.500000,-102.450012,4967.000000
49680.000000,-0.473633,0.064453,0.869629,4968.000000,-0.127792,1.174927,0.391006,4968.000000,18.149963,-25.050003,-102.750000,4968.000000
49690.000000,-0.469238,0.064453,0.874023,4969.000000,-0.555038,0.625610,-0.093460,4969.000000,18.149963,-25.200012,-103.650009,4969.000000
49700.000000,-0.464355,0.056641,0.899414,4970.000000,-0.432968,1.174927,0.329971,4970.000000,19.049957,-25.200012,-103.650009,4970.000000
49710.000000,-0.460449,0.052246,0.888672,4971.000000,0.478745,0.320435,0.329971,4971.000000,18.899963,-26.250000,-103.500000,4971.000000
49720.000000,-0.453613,0.052734,0.899902,4972.000000,0.173569,0.686646,0.391006,4972.000000,20.399963,-25.200012,-102.900009,4972.000000
49730.000000,-0.464355,0.046875,0.899902,4973.000000,0.417709,0.381470,0.635147,4973.000000,20.399963,-25.950012,-102.900009,4973.000000
49740.000000,-0.458496,0.056641,0.894531,4974.000000,0.051498,0.320435,0.329971,4974.000000,18.149963,-25.950012,-102.900009,4974.000000
49750.000000,-0.452148,0.053711,0.888183,4975.000000,-0.249863,-0.102997,0.329971,4975.000000,17.249954,-25.200012,-102.900009,4975.000000
49760.000000,-0.458984,0.052246,0.888672,4976.000000,-0.494003,0.686646,0.085831,4976.000000,17.249954,-26.250000,-103.500000,4976.000000
49770.000000,-0.463379,0.054687,0.889648,4977.000000,-0.432968,1.296997,0.574112,4977.000000,18.599960,-26.250000,-103.500000,4977.000000
49780.000000,-0.474121,0.045410,0.893066,4978.000000,-0.310898,0.686646,0.452042,4978.000000,19.949966,-25.650009,-102.600006,4978.000000
49790.000000,-0.459473,0.045410,0.883789,4979.000000,0.112534,1.174927,-0.093460,4979.000000,19.949966,-25.200012,-103.950012,4979.000000
49800.000000,-0.471191,0.049805,0.882812,4980.000000,0.661850,1.235962,0.146866,4980.000000,18.599960,-25.200012,-103.950012,4980.000000
49810.000000,-0.459961,0.069336,0.901367,4981.000000,1.028061,1.541138,-0.154495,4981.000000,18.449966,-25.650009,-101.850006,4981.000000
49820.000000,-0.453613,0.051758,0.894043,4982.000000,1.699448,1.419067,-0.398636,4982.000000,18.449966,-24.300003,-103.500000,4982.000000
49830.000000,-0.467773,0.056152,0.905273,4983.000000,1.516342,0.991821,-0.093460,4983.000000,17.849960,-24.300003,-103.500000,4983.000000
49840.000000,-0.469726,0.048340,0.887695,4984.000000,1.516342,0.991821,-0.215530,4984.000000,17.999954,-25.950012,-102.600006,4984.000000
49850.000000,-0.454590,0.056641,0.901367,4985.000000,2.004623,0.381470,0.513077,4985.000000,17.999954,-25.050003,-103.050003,4985.000000
49860.000000,-0.467285,0.047363,0.884765,4986.000000,1.882553,-0.530243,0.329971,4986.000000,18.899963,-25.050003,-103.050003,4986.000000
49870.000000,-0.463379,0.061035,0.882324,4987.000000,0.722885,0.137329,0.452042,4987.000000,19.499954,-25.200012,-101.850006,4987.000000
49880.000000,-0.456055,0.054199,0.883301,4988.000000,0.417709,0.686646,0.329971,4988.000000,19.499954,-25.500000,-102.000000,4988.000000
49890.000000,-0.460449,0.047852,0.894043,4989.000000,-0.127792,1.296997,0.024796,4989.000000,17.699966,-25.500000,-102.000000,4989.000000
49900.000000,-0.454101,0.051758,0.891113,4990.000000,0.112534,1.419067,0.146866,4990.000000,17.699966,-26.550003,-104.850006,4990.000000
49910.000000,-0.466308,0.048340,0.887207,4991.000000,0.722885,0.747681,0.452042,4991.000000,17.699966,-26.550003,-102.000000,4991.000000
49920.000000,-0.474609,0.063965,0.905761,4992.000000,1.028061,1.235962,0.391006,4992.000000,18.149963,-26.550003,-102.000000,4992.000000
49930.000000,-0.473633,0.058105,0.896972,4993.000000,1.394272,1.602173,0.513077,4993.000000,16.799957,-25.200012,-104.700012,4993.000000
49940.000000,-0.463867,0.051270,0.890625,4994.000000,2.248764,1.174927,0.452042,4994.000000,16.799957,-26.400009,-103.200012,4994.000000
49950.000000,-0.460449,0.048828,0.887207,4995.000000,0.967026,1.052856,0.757217,4995.000000,18.899963,-26.400009,-103.200012,4995.000000
49960.000000,-0.465820,0.051758,0.886719,4996.000000,1.760483,1.541138,0.513077,4996.000000,18.749954,-25.950012,-102.600006,4996.000000
49970.000000,-0.466797,0.050293,0.877929,4997.000000,1.516342,1.602173,0.146866,4997.000000,18.749954,-25.050003,-103.800003,4997.000000
49980.000000,-0.473144,0.048340,0.880371,4998.000000,0.417709,1.174927,0.085831,4998.000000,17.999954,-25.050003,-103.800003,4998.000000
49990.000000,-0.474121,0.063477,0.887695,4999.000000,0.539780,1.480103,0.085831,4999.000000,17.849960,-25.500000,-103.500000,4999.000000
50000.000000,-0.464844,0.065918,0.882812,5000.000000,0.356674,1.174927,0.329971,5000.000000,17.849960,-26.400009,-103.650009,5000.000000
50010.000000,-0.460937,0.053711,0.891601,5001.000000,0.722885,0.503540,0.085831,5001.000000,19.349960,-26.400009,-103.650009,5001.000000
50020.000000,-0.467773,0.055176,0.887695,5002.000000,1.089096,0.686646,0.085831,5002.000000,18.149963,-26.400009,-104.400009,5002.000000
50030.000000,-0.468750,0.059570,0.891601,5003.000000,1.089096,0.808716,0.329971,5003.000000,17.999954,-24.450012,-103.200012,5003.000000
50040.000000,-0.464355,0.055176,0.892090,5004.000000,0.967026,0.503540,0.146866,5004.000000,17.999954,-26.550003,-102.000000,5004.000000
50050.000000,-0.462891,0.055664,0.885742,5005.000000,0.905991,0.137329,0.757217,5005.000000,17.249954,-26.550003,-102.000000,5005.000000
50060.000000,-0.461426,0.062988,0.878418,5006.000000,0.600815,0.625610,0.513077,5006.000000,19.799957,-25.800003,-104.100006,5006.000000
50070.000000,-0.477539,0.051270,0.880371,5007.000000,0.295639,0.564575,0.207901,5007.000000,19.799957,-25.800003,-102.450012,5007.000000
50080.000000,-0.467773,0.049805,0.892578,5008.000000,-0.432968,0.381470,0.329971,5008.000000,18.899963,-25.800003,-102.450012,5008.000000
50090.000000,-0.460937,0.062012,0.888672,5009.000000,-0.555038,0.808716,-0.215530,5009.000000,19.349960,-25.950012,-102.150009,5009.000000
50100.000000,-0.469726,0.052734,0.880371,5010.000000,-0.127792,0.747681,-0.337601,5010.000000,19.349960,-25.200012,-102.900009,5010.000000
50110.000000,-0.471191,0.047852,0.881836,5011.000000,-0.249863,0.808716,0.391006,5011.000000,17.549957,-25.200012,-102.900009,5011.000000
50120.000000,-0.469238,0.066895,0.892578,5012.000000,0.722885,0.869751,-0.032425,5012.000000,19.049957,-26.700012,-101.850006,5012.000000
50130.000000,-0.465820,0.059570,0.882812,5013.000000,0.905991,0.747681,0.268936,5013.000000,19.049957,-25.800003,-103.500000,5013.000000
50140.000000,-0.467285,0.047363,0.900390,5014.000000,0.173569,1.052856,0.329971,5014.000000,18.449966,-25.800003,-103.500000,5014.000000
50150.000000,-0.463867,0.043945,0.894531,5015.000000,0.905991,1.235962,0.085831,5015.000000,17.999954,-26.250000,-102.450012,5015.000000
50160.000000,-0.477051,0.047363,0.894531,5016.000000,1.211166,0.442505,0.329971,5016.000000,17.999954,-25.800003,-102.000000,5016.000000
50170.000000,-0.466797,0.054199,0.886719,5017.000000,0.112534,1.358032,0.757217,5017.000000,18.899963,-25.800003,-102.000000,5017.000000
50180.000000,-0.472656,0.052246,0.875000,5018.000000,0.783920,0.686646,-0.459671,5018.000000,18.449966,-25.650009,-103.200012,5018.000000
50190.000000,-0.462891,0.045410,0.879394,5019.000000,-0.188828,0.930786,-0.337601,5019.000000,18.449966,-26.550003,-103.500000,5019.000000
50200.000000,-0.456543,0.060547,0.875488,5020.000000,-0.005722,1.174927,-0.337601,5020.000000,19.049957,-26.550003,-103.500000,5020.000000
50210.000000,-0.455566,0.064453,0.881347,5021.000000,0.356674,1.052856,-0.337601,5021.000000,18.449966,-26.250000,-104.100006,5021.000000
50220.000000,-0.461426,0.056152,0.900879,5022.000000,-0.005722,1.113892,0.146866,5022.000000,18.449966,-26.250000,-103.500000,5022.000000
50230.000000,-0.461914,0.074219,0.886230,5023.000000,0.967026,1.785278,0.146866,5023.000000,20.249954,-26.250000,-103.500000,5023.000000
50240.000000,-0.459473,0.057129,0.892578,5024.000000,0.967026,0.808716,0.574112,5024.000000,18.449966,-25.500000,-104.100006,5024.000000
50250.000000,-0.475098,0.065918,0.891113,5025.000000,1.150131,1.113892,-0.093460,5025.000000,18.449966,-26.250000,-104.550003,5025.000000
50260.000000,-0.475098,0.064941,0.888672,5026.000000,0.783920,0.747681,0.268936,5026.000000,19.049957,-26.250000,-104.550003,5026.000000
50270.000000,-0.453125,0.064941,0.892090,5027.000000,0.295639,0.686646,0.391006,5027.000000,18.599960,-25.800003,-103.500000,5027.000000
50280.000000,-0.476562,0.059082,0.885254,5028.000000,0.417709,1.541138,0.024796,5028.000000,18.599960,-25.200012,-102.600006,5028.000000
50290.000000,-0.470703,0.057617,0.884277,5029.000000,0.844955,1.113892,0.024796,5029.000000,19.349960,-25.200012,-102.600006,5029.000000
50300.000000,-0.469238,0.063965,0.872558,5030.000000,0.295639,0.930786,-0.459671,5030.000000,18.599960,-24.900009,-102.900009,5030.000000
50310.000000,-0.488281,0.048828,0.872070,5031.000000,1.028061,1.174927,-0.276566,5031.000000,18.599960,-23.850006,-103.950012,5031.000000
50320.000000,-0.469726,0.057617,0.884277,5032.000000,0.722885,1.358032,0.818253,5032.000000,17.999954,-23.850006,-103.950012,5032.000000
50330.000000,-0.461914,0.057617,0.890136,5033.000000,0.356674,1.052856,-0.093460,5033.000000,17.699966,-25.800003,-103.050003,5033.000000
50340.000000,-0.464355,0.067383,0.895019,5034.000000,1.028061,1.358032,-0.154495,5034.000000,17.549957,-24.750000,-102.750000,5034.000000
50350.000000,-0.459473,0.062988,0.892090,5035.000000,0.783920,0.869751,0.146866,5035.000000,17.549957,-26.700012,-103.950012,5035.000000
50360.000000,-0.471191,0.059082,0.879883,5036.000000,0.539780,1.235962,0.024796,5036.000000,18.749954,-26.700012,-103.950012,5036.000000
50370.000000,-0.455078,0.064453,0.883789,5037.000000,0.905991,1.541138,-0.581741,5037.000000,18.749954,-25.800003,-104.850006,5037.000000
50380.000000,-0.473144,0.062012,0.895019,5038.000000,0.417709,1.907349,-0.093460,5038.000000,18.149963,-25.800003,-104.850006,5038.000000
50390.000000,-0.465820,0.047852,0.882812,5039.000000,0.783920,1.419067,-0.825882,5039.000000,18.599960,-27.450012,-102.900009,5039.000000
50400.000000,-0.475098,0.059570,0.882812,5040.000000,0.844955,1.724243,-0.276566,5040.000000,18.599960,-25.950012,-102.900009,5040.000000
50410.000000,-0.479980,0.059570,0.892578,5041.000000,1.455307,1.113892,-0.398636,5041.000000,18.899963,-25.950012,-102.900009,5041.000000
50420.000000,-0.473633,0.047363,0.890136,5042.000000,1.211166,0.625610,-0.886917,5042.000000,18.149963,-25.950012,-102.600006,5042.000000
50430.000000,-0.475098,0.057129,0.890625,5043.000000,0.356674,0.442505,-0.459671,5043.000000,18.149963,-25.650009,-102.150009,5043.000000
50440.000000,-0.469726,0.070312,0.879883,5044.000000,1.089096,0.381470,0.085831,5044.000000,18.899963,-25.650009,-102.150009,5044.000000
50450.000000,-0.478516,0.069336,0.888183,5045.000000,1.394272,-0.041962,-0.337601,5045.000000,17.249954,-27.150009,-101.850006,5045.000000
50460.000000,-0.453125,0.062988,0.902832,5046.000000,1.333237,0.015259,0.024796,5046.000000,17.249954,-24.750000,-104.550003,5046.000000
50470.000000,-0.473633,0.058594,0.889160,5047.000000,1.333237,0.076294,0.391006,5047.000000,18.749954,-24.750000,-104.550003,5047.000000
50480.000000,-0.468750,0.054687,0.879394,5048.000000,1.272202,0.808716,-0.398636,5048.000000,18.599960,-24.750000,-103.800003,5048.000000
50490.000000,-0.457031,0.061035,0.897949,5049.000000,0.967026,0.564575,0.085831,5049.000000,19.499954,-24.450012,-101.850006,5049.000000
50500.000000,-0.477539,0.045410,0.871094,5050.000000,0.722885,0.930786,-0.276566,5050.000000,19.499954,-26.250000,-103.050003,5050.000000
50510.000000,-0.465332,0.076172,0.883301,5051.000000,0.112534,0.564575,-0.398636,5051.000000,19.499954,-26.250000,-103.050003,5051.000000
50520.000000,-0.472656,0.051758,0.891601,5052.000000,0.356674,0.259399,0.024796,5052.000000,19.649963,-24.300003,-102.750000,5052.000000
50530.000000,-0.467773,0.069336,0.882324,5053.000000,0.112534,0.564575,-0.093460,5053.000000,19.649963,-25.950012,-103.950012,5053.000000
50540.000000,-0.462891,0.067383,0.904297,5054.000000,0.295639,-0.164032,-0.093460,5054.000000,17.999954,-25.950012,-103.950012,5054.000000
50550.000000,-0.475098,0.062012,0.880371,5055.000000,0.417709,0.137329,-0.032425,5055.000000,17.699966,-26.550003,-103.050003,5055.000000
50560.000000,-0.477539,0.069336,0.884765,5056.000000,0.051498,0.686646,0.146866,5056.000000,17.699966,-26.250000,-103.050003,5056.000000
50570.000000,-0.462402,0.066895,0.893066,5057.000000,-0.555038,0.015259,-0.154495,5057.000000,18.449966,-26.250000,-103.050003,5057.000000
50580.000000,-0.472656,0.054687,0.882812,5058.000000,0.661850,0.625610,-0.398636,5058.000000,19.799957,-24.750000,-103.500000,5058.000000
50590.000000,-0.476562,0.061523,0.887695,5059.000000,0.600815,0.503540,-0.642776,5059.000000,19.799957,-26.250000,-104.850006,5059.000000
50600.000000,-0.470703,0.070312,0.879883,5060.000000,0.417709,0.808716,0.085831,5060.000000,19.649963,-26.250000,-104.850006,5060.000000
50610.000000,-0.466797,0.060059,0.888183,5061.000000,0.783920,1.235962,-0.459671,5061.000000,18.749954,-26.400009,-103.950012,5061.000000
50620.000000,-0.463867,0.061035,0.892090,5062.000000,0.417709,0.869751,-0.642776,5062.000000,18.749954,-24.300003,-102.450012,5062.000000
50630.000000,-0.463867,0.058594,0.891113,5063.000000,0.783920,1.480103,-0.642776,5063.000000,18.749954,-24.300003,-102.450012,5063.000000
50640.000000,-0.473633,0.049805,0.887695,5064.000000,0.417709,1.907349,-0.337601,5064.000000,18.749954,-25.800003,-104.100006,5064.000000
50650.000000,-0.467773,0.062988,0.881836,5065.000000,0.661850,1.480103,-0.032425,5065.000000,18.749954,-26.550003,-103.050003,5065.000000
50660.000000,-0.473633,0.064453,0.880859,5066.000000,-0.494003,1.052856,-0.093460,5066.000000,18.749954,-25.800003,-104.100006,5066.000000
50670.000000,-0.467285,0.067871,0.885254,5067.000000,-0.371933,1.174927,-0.276566,5067.000000,17.549957,-25.800003,-104.100006,5067.000000
50680.000000,-0.460937,0.059570,0.885742,5068.000000,-0.616074,0.503540,-0.337601,5068.000000,20.549957,-25.650009,-102.150009,5068.000000
50690.000000,-0.470703,0.073242,0.871582,5069.000000,0.417709,1.052856,-0.154495,5069.000000,20.549957,-26.550003,-103.800003,5069.000000
50700.000000,-0.484375,0.063477,0.882324,5070.000000,1.150131,0.930786,0.207901,5070.000000,18.149963,-26.550003,-103.800003,5070.000000
50710.000000,-0.471191,0.058105,0.884277,5071.000000,1.150131,0.503540,0.024796,5071.000000,19.499954,-25.950012,-102.600006,5071.000000
50720.000000,-0.461426,0.068359,0.886719,5072.000000,0.967026,0.747681,0.085831,5072.000000,19.499954,-27.000000,-103.050003,5072.000000
50730.000000,-0.469238,0.062012,0.890625,5073.000000,0.478745,0.503540,0.207901,5073.000000,18.599960,-27.000000,-103.050003,5073.000000
50740.000000,-0.464844,0.069824,0.896972,5074.000000,0.722885,0.930786,0.513077,5074.000000,18.749954,-25.650009,-104.700012,5074.000000
50750.000000,-0.469726,0.063477,0.895996,5075.000000,1.211166,0.625610,0.879288,5075.000000,18.749954,-25.050003,-102.000000,5075.000000
50760.000000,-0.472168,0.058105,0.889160,5076.000000,-0.432968,0.686646,0.818253,5076.000000,18.449966,-25.050003,-102.000000,5076.000000
50770.000000,-0.467773,0.051758,0.880371,5077.000000,-0.188828,0.686646,-0.032425,5077.000000,19.349960,-26.550003,-103.050003,5077.000000
50780.000000,-0.463867,0.067871,0.875000,5078.000000,-0.249863,0.686646,0.635147,5078.000000,18.749954,-25.200012,-103.650009,5078.000000
50790.000000,-0.461914,0.061523,0.875976,5079.000000,0.722885,0.869751,0.024796,5079.000000,19.499954,-26.250000,-103.500000,5079.000000
50800.000000,-0.478516,0.063477,0.890625,5080.000000,-0.432968,0.991821,0.513077,5080.000000,19.799957,-25.500000,-103.500000,5080.000000
50810.000000,-0.480469,0.066406,0.891601,5081.000000,1.333237,0.930786,-0.093460,5081.000000,19.799957,-24.750000,-102.750000,5081.000000
50820.000000,-0.476074,0.056641,0.892578,5082.000000,0.905991,0.686646,0.391006,5082.000000,18.449966,-24.750000,-102.750000,5082.000000
50830.000000,-0.478027,0.068848,0.894043,5083.000000,1.211166,0.869751,0.574112,5083.000000,18.749954,-26.250000,-103.800003,5083.000000
50840.000000,-0.471680,0.061523,0.894531,5084.000000,1.211166,0.991821,0.024796,5084.000000,18.749954,-24.300003,-103.500000,5084.000000
50850.000000,-0.475098,0.062988,0.877441,5085.000000,0.600815,1.052856,0.024796,5085.000000,18.749954,-24.300003,-103.500000,5085.000000
50860.000000,-0.470703,0.053711,0.881836,5086.000000,0.417709,0.381470,-0.459671,5086.000000,18.149963,-26.250000,-104.550003,5086.000000
50870.000000,-0.477539,0.068848,0.898437,5087.000000,-0.371933,1.541138,0.268936,5087.000000,18.149963,-25.650009,-102.600006,5087.000000
50880.000000,-0.462402,0.083008,0.874023,5088.000000,0.783920,1.296997,0.024796,5088.000000,19.349960,-25.650009,-102.600006,5088.000000
50890.000000,-0.476074,0.069824,0.879883,5089.000000,1.699448,1.907349,0.574112,5089.000000,18.599960,-25.950012,-103.200012,5089.000000
50900.000000,-0.467285,0.066406,0.896484,5090.000000,1.028061,0.503540,0.329971,5090.000000,18.599960,-25.200012,-103.200012,5090.000000
50910.000000,-0.472168,0.059082,0.883301,5091.000000,1.577377,0.869751,-0.703812,5091.000000,17.849960,-25.200012,-103.200012,5091.000000
50920.000000,-0.472656,0.070312,0.878906,5092.000000,1.455307,0.930786,-0.215530,5092.000000,17.999954,-25.950012,-103.650009,5092.000000
50930.000000,-0.477539,0.062988,0.887695,5093.000000,1.333237,1.358032,-0.032425,5093.000000,17.999954,-25.500000,-104.550003,5093.000000
50940.000000,-0.472168,0.054687,0.890136,5094.000000,0.783920,0.625610,0.085831,5094.000000,18.749954,-25.500000,-104.550003,5094.000000
50950.000000,-0.471680,0.062012,0.880859,5095.000000,0.173569,1.235962,0.146866,5095.000000,20.699966,-25.800003,-103.050003,5095.000000
50960.000000,-0.468750,0.076660,0.886230,5096.000000,0.234604,1.052856,0.146866,5096.000000,18.149963,-26.400009,-102.600006,5096.000000
50970.000000,-0.491699,0.064941,0.890136,5097.000000,0.295639,1.296997,0.024796,5097.000000,18.149963,-25.650009,-101.550003,5097.000000
50980.000000,-0.463867,0.063965,0.871582,5098.000000,-0.494003,0.991821,-0.032425,5098.000000,18.899963,-25.650009,-101.550003,5098.000000
50990.000000,-0.467773,0.053711,0.876953,5099.000000,-0.127792,1.296997,0.879288,5099.000000,18.899963,-25.950012,-102.900009,5099.000000
51000.000000,-0.478027,0.058594,0.873535,5100.000000,0.295639,1.052856,0.757217,5100.000000,18.899963,-25.200012,-102.900009,5100.000000
51010.000000,-0.472168,0.072754,0.879394,5101.000000,0.051498,0.625610,-0.276566,5101.000000,19.349960,-25.200012,-102.900009,5101.000000
51020.000000,-0.466797,0.049805,0.881347,5102.000000,0.173569,1.602173,-0.703812,5102.000000,19.499954,-27.450012,-103.650009,5102.000000
51030.000000,-0.475098,0.050781,0.892578,5103.000000,0.722885,1.174927,-0.459671,5103.000000,19.499954,-25.800003,-103.050003,5103.000000
51040.000000,-0.478027,0.065918,0.884277,5104.000000,0.783920,1.296997,-0.276566,5104.000000,19.349960,-25.800003,-103.050003,5104.000000
51050.000000,-0.496582,0.060059,0.881347,5105.000000,0.661850,1.846313,-0.276566,5105.000000,18.149963,-25.650009,-102.600006,5105.000000
51060.000000,-0.489746,0.060547,0.874023,5106.000000,1.150131,1.480103,0.024796,5106.000000,18.149963,-26.700012,-104.400009,5106.000000
51070.000000,-0.477539,0.054687,0.884765,5107.000000,0.722885,1.480103,0.268936,5107.000000,17.849960,-26.700012,-104.400009,5107.000000
51080.000000,-0.468262,0.055176,0.889648,5108.000000,0.112534,1.480103,0.513077,5108.000000,17.849960,-28.200012,-103.200012,5108.000000
51090.000000,-0.475098,0.063965,0.881347,5109.000000,-0.371933,0.991821,0.085831,5109.000000,19.499954,-28.200012,-103.200012,5109.000000
51100.000000,-0.476562,0.073242,0.879394,5110.000000,0.661850,1.663208,-0.032425,5110.000000,20.249954,-25.800003,-102.450012,5110.000000
51110.000000,-0.485351,0.062500,0.891113,5111.000000,1.272202,1.419067,0.085831,5111.000000,19.499954,-25.800003,-104.100006,5111.000000
51120.000000,-0.491211,0.063965,0.887695,5112.000000,1.150131,1.480103,-0.154495,5112.000000,19.499954,-25.800003,-103.500000,5112.000000
51130.000000,-0.480469,0.065918,0.891601,5113.000000,1.577377,1.480103,-0.215530,5113.000000,19.949966,-25.800003,-103.500000,5113.000000
51140.000000,-0.486816,0.064453,0.874023,5114.000000,0.783920,0.808716,-0.154495,5114.000000,18.599960,-25.950012,-103.650009,5114.000000
51150.000000,-0.479492,0.063965,0.872558,5115.000000,1.089096,0.564575,-0.581741,5115.000000,18.599960,-25.200012,-103.950012,5115.000000
51160.000000,-0.469726,0.059570,0.877929,5116.000000,0.356674,0.686646,-0.215530,5116.000000,18.899963,-25.200012,-103.950012,5116.000000
51170.000000,-0.477539,0.069336,0.878418,5117.000000,-0.310898,0.137329,0.146866,5117.000000,17.999954,-26.700012,-103.200012,5117.000000
51180.000000,-0.469238,0.066895,0.880859,5118.000000,-0.860214,0.015259,-0.093460,5118.000000,17.999954,-26.250000,-104.550003,5118.000000
51190.000000,-0.481933,0.058105,0.882324,5119.000000,-0.738144,0.259399,-0.032425,5119.000000,18.899963,-26.250000,-104.550003,5119.000000
51200.000000,-0.477539,0.072266,0.885742,5120.000000,-1.043320,0.076294,-0.093460,5120.000000,20.699966,-26.400009,-103.200012,5120.000000
51210.000000,-0.478516,0.061523,0.878418,5121.000000,-0.921249,0.198364,-0.093460,5121.000000,20.699966,-25.950012,-104.400009,5121.000000
51220.000000,-0.480469,0.074219,0.861816,5122.000000,0.295639,0.198364,-0.215530,5122.000000,19.649963,-25.950012,-104.400009,5122.000000
51230.000000,-0.475098,0.058105,0.868164,5123.000000,-0.066757,-0.041962,-0.215530,5123.000000,18.599960,-25.950012,-102.600006,5123.000000
51240.000000,-0.484863,0.081055,0.878906,5124.000000,-0.677109,-0.530243,-0.276566,5124.000000,18.599960,-26.400009,-103.200012,5124.000000
51250.000000,-0.478516,0.074707,0.884277,5125.000000,-0.677109,-0.896454,-1.131058,5125.000000,19.049957,-26.400009,-103.200012,5125.000000
51260.000000,-0.479492,0.069824,0.876465,5126.000000,-0.677109,-1.262665,-0.642776,5126.000000,17.849960,-26.250000,-103.050003,5126.000000
51270.000000,-0.484375,0.062500,0.881347,5127.000000,-0.982285,-1.323700,-0.581741,5127.000000,18.449966,-26.700012,-103.200012,5127.000000
51280.000000,-0.479980,0.054199,0.880859,5128.000000,-0.799179,-1.079559,-0.276566,5128.000000,18.449966,-25.800003,-102.750000,5128.000000
51290.000000,-0.485840,0.062500,0.883789,5129.000000,-0.616074,-1.079559,0.268936,5129.000000,18.449966,-25.800003,-102.750000,5129.000000
51300.000000,-0.483887,0.066406,0.884277,5130.000000,0.295639,-1.079559,-0.520706,5130.000000,19.499954,-26.550003,-103.800003,5130.000000
51310.000000,-0.492676,0.060059,0.879394,5131.000000,0.539780,-1.323700,-0.154495,5131.000000,19.499954,-26.550003,-103.800003,5131.000000
51320.000000,-0.481933,0.047852,0.884277,5132.000000,1.089096,-1.445770,-0.520706,5132.000000,19.499954,-26.550003,-103.800003,5132.000000
51330.000000,-0.482422,0.054199,0.875488,5133.000000,1.760483,-1.323700,-1.008987,5133.000000,19.349960,-24.750000,-104.100006,5133.000000
51340.000000,-0.472656,0.060547,0.877441,5134.000000,0.783920,-1.506805,-0.886917,5134.000000,19.349960,-25.650009,-102.600006,5134.000000
51350.000000,-0.484375,0.060547,0.881347,5135.000000,0.234604,-1.934052,-1.131058,5135.000000,18.449966,-25.650009,-102.600006,5135.000000
51360.000000,-0.473633,0.066895,0.892090,5136.000000,-0.555038,-1.201630,-0.703812,5136.000000,17.849960,-25.800003,-103.800003,5136.000000
51370.000000,-0.458984,0.058594,0.879883,5137.000000,-0.616074,-1.140594,-0.459671,5137.000000,20.249954,-25.950012,-101.850006,5137.000000
51380.000000,-0.470703,0.061035,0.878418,5138.000000,-0.310898,-0.774384,-0.642776,5138.000000,19.799957,-25.800003,-104.550003,5138.000000
51390.000000,-0.468750,0.055176,0.879394,5139.000000,-0.249863,-0.347137,-0.459671,5139.000000,19.799957,-26.550003,-101.700012,5139.000000
51400.000000,-0.462402,0.071777,0.873047,5140.000000,0.967026,-0.591278,-0.581741,5140.000000,17.849960,-26.550003,-101.700012,5140.000000
51410.000000,-0.460449,0.068359,0.883789,5141.000000,0.722885,-0.469208,-0.825882,5141.000000,18.449966,-28.200012,-102.150009,5141.000000
51420.000000,-0.470215,0.069824,0.901367,5142.000000,0.783920,-0.225067,-0.642776,5142.000000,19.349960,-25.500000,-102.450012,5142.000000
51430.000000,-0.460937,0.059570,0.896484,5143.000000,0.478745,-0.102997,-1.008987,5143.000000,19.349960,-25.650009,-103.200012,5143.000000
51440.000000,-0.482910,0.062500,0.883789,5144.000000,0.539780,0.503540,-0.581741,5144.000000,17.549957,-25.650009,-103.200012,5144.000000
51450.000000,-0.462891,0.055176,0.897461,5145.000000,-0.677109,0.259399,-0.764847,5145.000000,19.049957,-26.400009,-102.150009,5145.000000
51460.000000,-0.472656,0.061035,0.876953,5146.000000,-0.982285,-0.164032,-0.764847,5146.000000,19.049957,-24.000000,-102.450012,5146.000000
51470.000000,-0.473144,0.073242,0.881347,5147.000000,-0.860214,0.503540,-0.825882,5147.000000,17.249954,-24.000000,-102.450012,5147.000000
51480.000000,-0.461914,0.070801,0.883789,5148.000000,-1.470566,0.137329,-0.459671,5148.000000,18.899963,-26.550003,-104.550003,5148.000000
51490.000000,-0.472168,0.063477,0.879394,5149.000000,-0.738144,0.381470,-0.642776,5149.000000,18.899963,-25.650009,-103.200012,5149.000000
51500.000000,-0.472168,0.057617,0.873047,5150.000000,-0.921249,0.259399,-0.032425,5150.000000,19.349960,-25.650009,-103.200012,5150.000000
51510.000000,-0.481933,0.056641,0.879394,5151.000000,-0.860214,0.564575,-0.093460,5151.000000,19.499954,-26.400009,-103.950012,5151.000000
51520.000000,-0.483887,0.060059,0.889160,5152.000000,-0.677109,0.564575,0.207901,5152.000000,19.499954,-25.500000,-103.800003,5152.000000
51530.000000,-0.477051,0.060059,0.885742,5153.000000,-0.616074,0.381470,-0.093460,5153.000000,19.499954,-25.500000,-103.800003,5153.000000
51540.000000,-0.471191,0.055664,0.887207,5154.000000,-0.616074,0.259399,-0.581741,5154.000000,18.749954,-25.500000,-103.500000,5154.000000
51550.000000,-0.473144,0.065430,0.888672,5155.000000,-0.555038,0.198364,0.085831,5155.000000,18.749954,-25.050003,-102.750000,5155.000000
51560.000000,-0.484375,0.062988,0.887695,5156.000000,-0.494003,0.137329,-0.398636,5156.000000,19.049957,-25.050003,-102.750000,5156.000000
51570.000000,-0.483887,0.056152,0.877441,5157.000000,-0.432968,0.503540,-0.276566,5157.000000,18.749954,-25.500000,-103.050003,5157.000000
51580.000000,-0.479492,0.061035,0.880859,5158.000000,-1.714706,0.503540,0.146866,5158.000000,18.599960,-25.800003,-104.100006,5158.000000
51590.000000,-0.474609,0.068848,0.889648,5159.000000,-0.432968,0.381470,-0.459671,5159.000000,18.599960,-26.700012,-103.200012,5159.000000
51600.000000,-0.479980,0.064453,0.887207,5160.000000,-1.226425,0.076294,0.085831,5160.000000,18.599960,-26.700012,-103.200012,5160.000000
51610.000000,-0.466797,0.060547,0.880371,5161.000000,-0.860214,-0.041962,0.085831,5161.000000,19.649963,-25.650009,-101.850006,5161.000000
51620.000000,-0.472656,0.049805,0.866699,5162.000000,-0.371933,0.076294,0.146866,5162.000000,19.649963,-26.400009,-102.150009,5162.000000
51630.000000,-0.467773,0.050293,0.878418,5163.000000,-0.982285,-0.652313,0.207901,5163.000000,17.849960,-26.400009,-102.150009,5163.000000
51640.000000,-0.479004,0.067383,0.882812,5164.000000,-0.799179,0.015259,0.329971,5164.000000,19.049957,-27.450012,-102.150009,5164.000000
51650.000000,-0.482422,0.060059,0.882324,5165.000000,-0.860214,-0.164032,0.024796,5165.000000,19.049957,-26.550003,-103.050003,5165.000000
51660.000000,-0.478516,0.064453,0.881347,5166.000000,-0.127792,-0.347137,0.146866,5166.000000,19.649963,-26.550003,-103.050003,5166.000000
51670.000000,-0.464355,0.060059,0.882812,5167.000000,-0.371933,-0.957489,0.329971,5167.000000,18.149963,-26.700012,-103.200012,5167.000000
51680.000000,-0.464355,0.071777,0.894043,5168.000000,0.051498,-0.102997,0.085831,5168.000000,18.899963,-27.450012,-102.900009,5168.000000
51690.000000,-0.466797,0.059082,0.872070,5169.000000,-0.127792,-0.347137,-0.459671,5169.000000,20.249954,-25.950012,-102.600006,5169.000000
51700.000000,-0.471680,0.062012,0.883301,5170.000000,0.112534,-0.835419,-0.215530,5170.000000,20.249954,-25.800003,-102.450012,5170.000000
51710.000000,-0.470215,0.064453,0.890136,5171.000000,-0.494003,-1.079559,-0.093460,5171.000000,18.599960,-25.800003,-102.450012,5171.000000
51720.000000,-0.480469,0.060059,0.883301,5172.000000,-0.860214,-0.408173,-0.093460,5172.000000,18.899963,-25.950012,-102.900009,5172.000000
51730.000000,-0.463867,0.058594,0.894043,5173.000000,-0.799179,-0.774384,-0.459671,5173.000000,19.349960,-25.200012,-102.150009,5173.000000
51740.000000,-0.461914,0.068848,0.887207,5174.000000,-0.982285,-0.347137,0.207901,5174.000000,19.349960,-26.400009,-103.650009,5174.000000
51750.000000,-0.475098,0.062012,0.897461,5175.000000,-0.982285,-0.591278,-0.154495,5175.000000,18.599960,-26.400009,-103.650009,5175.000000
51760.000000,-0.479492,0.076172,0.894043,5176.000000,-1.592636,-0.286102,0.024796,5176.000000,19.499954,-26.700012,-102.900009,5176.000000
51770.000000,-0.462402,0.051270,0.886719,5177.000000,-1.043320,-0.225067,-0.154495,5177.000000,19.499954,-26.250000,-103.050003,5177.000000
51780.000000,-0.476074,0.065430,0.864258,5178.000000,-0.738144,0.259399,-0.703812,5178.000000,19.649963,-26.250000,-103.050003,5178.000000
51790.000000,-0.466797,0.063965,0.892090,5179.000000,0.173569,0.076294,-0.947952,5179.000000,19.949966,-26.400009,-103.200012,5179.000000
51800.000000,-0.470703,0.061035,0.885254,5180.000000,-0.371933,-0.774384,-0.276566,5180.000000,19.949966,-27.150009,-102.600006,5180.000000
51810.000000,-0.462891,0.050293,0.879394,5181.000000,0.173569,-0.835419,-0.520706,5181.000000,18.749954,-27.150009,-102.600006,5181.000000
51820.000000,-0.470215,0.043945,0.895508,5182.000000,-0.616074,-0.591278,-0.825882,5182.000000,19.349960,-25.050003,-102.000000,5182.000000
51830.000000,-0.467773,0.056641,0.885742,5183.000000,-0.555038,-1.323700,-0.703812,5183.000000,19.349960,-24.900009,-102.900009,5183.000000
51840.000000,-0.485840,0.053223,0.896972,5184.000000,-0.310898,-1.079559,0.085831,5184.000000,18.599960,-24.900009,-102.900009,5184.000000
51850.000000,-0.472168,0.059570,0.896972,5185.000000,-0.066757,-0.652313,-0.398636,5185.000000,18.749954,-26.400009,-103.950012,5185.000000
51860.000000,-0.470215,0.067871,0.878906,5186.000000,0.051498,-0.774384,0.391006,5186.000000,18.749954,-25.500000,-102.000000,5186.000000
51870.000000,-0.453613,0.057129,0.883789,5187.000000,-0.799179,-1.384735,0.085831,5187.000000,18.599960,-25.500000,-102.000000,5187.000000
51880.000000,-0.464844,0.060059,0.887207,5188.000000,-0.188828,-1.689911,-0.032425,5188.000000,20.249954,-25.950012,-103.950012,5188.000000
51890.000000,-0.459961,0.056641,0.884277,5189.000000,-0.677109,-1.323700,0.207901,5189.000000,17.849960,-25.500000,-103.500000,5189.000000
51900.000000,-0.472656,0.051270,0.880371,5190.000000,-1.043320,-1.079559,-0.520706,5190.000000,17.849960,-25.200012,-102.600006,5190.000000
51910.000000,-0.473633,0.068848,0.864258,5191.000000,-1.165390,-0.774384,-1.375198,5191.000000,17.699966,-25.200012,-102.600006,5191.000000
51920.000000,-0.465820,0.055664,0.887207,5192.000000,-1.226425,-1.750946,-0.886917,5192.000000,18.599960,-25.800003,-104.100006,5192.000000
51930.000000,-0.458496,0.065918,0.885742,5193.000000,-1.104355,-1.934052,-1.253128,5193.000000,18.599960,-26.400009,-102.600006,5193.000000
51940.000000,-0.462402,0.062012,0.890136,5194.000000,-0.982285,-1.262665,-1.253128,5194.000000,19.499954,-26.400009,-102.600006,5194.000000
51950.000000,-0.474609,0.060059,0.888672,5195.000000,-1.226425,-1.506805,-0.520706,5195.000000,18.449966,-25.500000,-103.050003,5195.000000
51960.000000,-0.476562,0.062500,0.892578,5196.000000,-1.348495,-1.567841,-0.154495,5196.000000,18.449966,-26.250000,-102.450012,5196.000000
51970.000000,-0.468262,0.062988,0.884277,5197.000000,0.112534,-1.384735,0.207901,5197.000000,19.499954,-26.250000,-102.450012,5197.000000
51980.000000,-0.468750,0.046875,0.889648,5198.000000,-0.677109,-1.506805,-0.093460,5198.000000,19.499954,-25.500000,-102.000000,5198.000000
51990.000000,-0.468750,0.051270,0.880371,5199.000000,-0.677109,-0.774384,-0.032425,5199.000000,20.399963,-25.500000,-102.000000,5199.000000
52000.000000,-0.460937,0.057617,0.884277,5200.000000,-0.799179,-0.225067,0.452042,5200.000000,18.149963,-25.650009,-103.650009,5200.000000
52010.000000,-0.460449,0.060059,0.880371,5201.000000,-1.287460,-0.774384,0.024796,5201.000000,18.149963,-26.400009,-101.850006,5201.000000
52020.000000,-0.465332,0.051758,0.891113,5202.000000,-0.921249,-0.957489,-0.215530,5202.000000,18.599960,-26.400009,-101.850006,5202.000000
52030.000000,-0.475098,0.058105,0.887207,5203.000000,-0.738144,-0.347137,0.329971,5203.000000,18.749954,-25.950012,-101.850006,5203.000000
52040.000000,-0.478027,0.063477,0.903808,5204.000000,-0.066757,-0.041962,-0.215530,5204.000000,17.999954,-26.550003,-103.800003,5204.000000
52050.000000,-0.467773,0.054199,0.886719,5205.000000,-0.188828,0.381470,-0.276566,5205.000000,17.999954,-25.500000,-102.750000,5205.000000
52060.000000,-0.457519,0.061523,0.878906,5206.000000,-0.555038,-0.286102,0.146866,5206.000000,19.799957,-25.500000,-102.750000,5206.000000
52070.000000,-0.473633,0.050293,0.891113,5207.000000,-0.005722,-0.469208,-0.032425,5207.000000,18.149963,-26.550003,-103.500000,5207.000000
52080.000000,-0.484863,0.054687,0.895019,5208.000000,0.234604,-0.102997,-0.337601,5208.000000,18.149963,-25.950012,-103.650009,5208.000000
52090.000000,-0.476562,0.050293,0.890625,5209.000000,0.783920,-0.164032,-0.886917,5209.000000,17.999954,-25.950012,-103.650009,5209.000000
52100.000000,-0.463867,0.048340,0.899414,5210.000000,0.783920,-0.102997,-0.215530,5210.000000,18.449966,-25.500000,-102.750000,5210.000000
52110.000000,-0.459961,0.066406,0.897949,5211.000000,0.112534,0.137329,-0.276566,5211.000000,18.449966,-26.250000,-103.500000,5211.000000
52120.000000,-0.469238,0.050293,0.884277,5212.000000,0.051498,-0.408173,-0.337601,5212.000000,18.449966,-26.250000,-103.500000,5212.000000
52130.000000,-0.469238,0.059082,0.888183,5213.000000,-0.494003,-0.896454,-0.154495,5213.000000,19.049957,-25.500000,-104.550003,5213.000000
52140.000000,-0.466308,0.050293,0.886230,5214.000000,-0.249863,-0.408173,0.452042,5214.000000,19.049957,-25.800003,-102.750000,5214.000000
52150.000000,-0.458008,0.057617,0.880371,5215.000000,-0.982285,0.015259,-0.215530,5215.000000,17.549957,-25.800003,-102.750000,5215.000000
52160.000000,-0.457031,0.052246,0.877929,5216.000000,-1.592636,0.198364,0.024796,5216.000000,18.449966,-24.900009,-103.950012,5216.000000
52170.000000,-0.465820,0.056152,0.889648,5217.000000,-1.165390,0.198364,-0.154495,5217.000000,18.449966,-25.800003,-102.750000,5217.000000
52180.000000,-0.460449,0.053711,0.886230,5218.000000,-0.616074,0.320435,0.024796,5218.000000,17.849960,-25.800003,-102.750000,5218.000000
52190.000000,-0.474121,0.054687,0.893066,5219.000000,-0.066757,0.259399,-0.337601,5219.000000,18.899963,-26.400009,-103.200012,5219.000000
52200.000000,-0.463379,0.041992,0.890625,5220.000000,0.356674,0.503540,0.085831,5220.000000,19.799957,-26.700012,-102.600006,5220.000000
52210.000000,-0.476074,0.053223,0.887695,5221.000000,-0.432968,-0.041962,-0.215530,5221.000000,19.799957,-25.500000,-102.750000,5221.000000
52220.000000,-0.466308,0.056641,0.883301,5222.000000,0.356674,-0.041962,-0.520706,5222.000000,19.799957,-25.500000,-102.750000,5222.000000
52230.000000,-0.465332,0.053711,0.891113,5223.000000,-0.371933,-0.102997,0.024796,5223.000000,17.849960,-26.250000,-102.750000,5223.000000
52240.000000,-0.459473,0.051758,0.892090,5224.000000,-0.982285,0.076294,0.452042,5224.000000,17.849960,-25.200012,-103.650009,5224.000000
52250.000000,-0.474609,0.059082,0.892578,5225.000000,-1.531601,-0.286102,0.391006,5225.000000,17.999954,-25.200012,-103.650009,5225.000000
52260.000000,-0.476562,0.061035,0.885742,5226.000000,-2.019882,-0.469208,0.329971,5226.000000,17.549957,-26.550003,-102.750000,5226.000000
52270.000000,-0.464844,0.044922,0.885254,5227.000000,-0.310898,-0.835419,0.085831,5227.000000,18.599960,-26.400009,-101.850006,5227.000000
52280.000000,-0.470215,0.059082,0.884765,5228.000000,-0.188828,-0.591278,0.146866,5228.000000,18.449966,-26.700012,-101.100006,5228.000000
52290.000000,-0.475586,0.039551,0.894043,5229.000000,-0.677109,-0.530243,0.329971,5229.000000,18.449966,-27.000000,-103.050003,5229.000000
52300.000000,-0.468262,0.055176,0.896484,5230.000000,-0.677109,-0.591278,-0.093460,5230.000000,18.149963,-27.000000,-103.050003,5230.000000
52310.000000,-0.471680,0.051270,0.896972,5231.000000,-0.371933,-0.591278,0.207901,5231.000000,19.799957,-25.650009,-103.200012,5231.000000
52320.000000,-0.462891,0.043945,0.889160,5232.000000,-0.005722,-0.774384,0.024796,5232.000000,19.799957,-25.500000,-104.100006,5232.000000
52330.000000,-0.464844,0.040527,0.893554,5233.000000,-0.555038,-0.347137,-0.093460,5233.000000,17.849960,-25.500000,-104.100006,5233.000000
52340.000000,-0.462891,0.058594,0.884765,5234.000000,-0.310898,-0.469208,0.207901,5234.000000,19.349960,-25.650009,-103.200012,5234.000000
52350.000000,-0.470215,0.048340,0.886230,5235.000000,-0.371933,-0.041962,0.329971,5235.000000,17.999954,-27.150009,-102.150009,5235.000000
52360.000000,-0.456055,0.047363,0.879883,5236.000000,-0.127792,-0.102997,-0.154495,5236.000000,17.999954,-25.500000,-102.750000,5236.000000
52370.000000,-0.462891,0.060059,0.895508,5237.000000,-0.310898,0.259399,0.391006,5237.000000,18.449966,-25.500000,-102.750000,5237.000000
52380.000000,-0.459961,0.057129,0.890136,5238.000000,-0.555038,0.198364,0.085831,5238.000000,19.049957,-25.800003,-102.000000,5238.000000
52390.000000,-0.467285,0.048340,0.890625,5239.000000,-0.310898,0.198364,0.452042,5239.000000,19.049957,-25.800003,-104.550003,5239.000000
52400.000000,-0.462402,0.056152,0.887695,5240.000000,-0.310898,-0.164032,0.146866,5240.000000,18.599960,-25.800003,-104.550003,5240.000000
52410.000000,-0.467773,0.062500,0.890136,5241.000000,-0.127792,0.198364,-0.032425,5241.000000,18.149963,-26.400009,-103.950012,5241.000000
52420.000000,-0.466308,0.055176,0.891601,5242.000000,-0.188828,0.076294,-0.093460,5242.000000,18.149963,-26.400009,-103.950012,5242.000000
52430.000000,-0.469238,0.043945,0.896972,5243.000000,0.112534,-0.530243,-0.154495,5243.000000,18.899963,-26.400009,-103.950012,5243.000000
52440.000000,-0.460937,0.045898,0.891113,5244.000000,-0.066757,-0.041962,-0.215530,5244.000000,18.149963,-26.400009,-102.600006,5244.000000
52450.000000,-0.463379,0.047363,0.893066,5245.000000,-0.616074,-0.347137,0.024796,5245.000000,18.149963,-26.700012,-101.550003,5245.000000
52460.000000,-0.464355,0.046875,0.890625,5246.000000,-0.310898,-0.591278,0.329971,5246.000000,17.849960,-26.700012,-101.550003,5246.000000
52470.000000,-0.459473,0.045410,0.887207,5247.000000,-1.348495,-0.164032,-0.032425,5247.000000,16.949966,-24.450012,-103.950012,5247.000000
52480.000000,-0.459961,0.042969,0.893554,5248.000000,0.112534,-0.225067,0.329971,5248.000000,16.949966,-25.800003,-102.750000,5248.000000
52490.000000,-0.469238,0.061523,0.884277,5249.000000,-0.432968,-0.347137,-0.093460,5249.000000,17.099960,-25.800003,-102.750000,5249.000000
52500.000000,-0.470703,0.045898,0.884277,5250.000000,0.173569,-0.347137,0.024796,5250.000000,18.149963,-25.200012,-101.850006,5250.000000
52510.000000,-0.454590,0.043457,0.894531,5251.000000,0.112534,-0.347137,-0.337601,5251.000000,17.849960,-25.200012,-102.600006,5251.000000
52520.000000,-0.471191,0.062012,0.890136,5252.000000,0.356674,-0.225067,-0.154495,5252.000000,17.849960,-26.400009,-101.850006,5252.000000
52530.000000,-0.462402,0.048340,0.888183,5253.000000,0.600815,-0.102997,-0.093460,5253.000000,17.849960,-26.400009,-101.850006,5253.000000
52540.000000,-0.471191,0.060059,0.886230,5254.000000,-0.188828,-0.102997,-0.154495,5254.000000,17.999954,-25.200012,-102.600006,5254.000000
52550.000000,-0.466797,0.049805,0.891113,5255.000000,0.051498,-0.041962,0.146866,5255.000000,17.999954,-26.250000,-101.250000,5255.000000
52560.000000,-0.463379,0.051758,0.892090,5256.000000,0.234604,-0.041962,-0.032425,5256.000000,17.999954,-26.250000,-101.250000,5256.000000
52570.000000,-0.458008,0.052246,0.887695,5257.000000,-0.127792,-0.225067,0.452042,5257.000000,18.749954,-26.550003,-102.450012,5257.000000
52580.000000,-0.470215,0.059570,0.877929,5258.000000,-0.432968,0.137329,0.574112,5258.000000,18.149963,-26.550003,-102.450012,5258.000000
52590.000000,-0.464355,0.050781,0.884277,5259.000000,-0.127792,0.015259,0.329971,5259.000000,17.099960,-25.200012,-102.150009,5259.000000
52600.000000,-0.476074,0.055176,0.897461,5260.000000,-0.188828,0.503540,0.207901,5260.000000,17.099960,-25.950012,-103.200012,5260.000000
52610.000000,-0.454101,0.044434,0.887695,5261.000000,0.173569,0.076294,-0.398636,5261.000000,17.099960,-25.950012,-103.200012,5261.000000
52620.000000,-0.465332,0.055664,0.897949,5262.000000,-0.005722,0.259399,0.574112,5262.000000,18.599960,-24.450012,-102.600006,5262.000000
52630.000000,-0.468262,0.058594,0.894043,5263.000000,0.417709,0.137329,0.146866,5263.000000,18.599960,-26.400009,-102.900009,5263.000000
52640.000000,-0.470215,0.062988,0.893066,5264.000000,0.051498,-0.286102,-0.093460,5264.000000,17.549957,-26.400009,-102.900009,5264.000000
52650.000000,-0.461426,0.064941,0.889160,5265.000000,-0.127792,0.381470,0.329971,5265.000000,18.149963,-27.150009,-101.550003,5265.000000
52660.000000,-0.458496,0.052246,0.895996,5266.000000,-0.249863,-0.041962,0.024796,5266.000000,17.099960,-26.700012,-102.900009,5266.000000
52670.000000,-0.472168,0.058594,0.894043,5267.000000,-0.127792,0.198364,-0.459671,5267.000000,17.099960,-26.700012,-102.150009,5267.000000
52680.000000,-0.472656,0.044434,0.886230,5268.000000,-0.066757,0.381470,-0.154495,5268.000000,20.249954,-26.700012,-102.150009,5268.000000
52690.000000,-0.467773,0.056152,0.889648,5269.000000,-0.127792,0.320435,0.024796,5269.000000,18.599960,-27.000000,-103.050003,5269.000000
52700.000000,-0.456543,0.053223,0.890136,5270.000000,-0.432968,0.686646,-0.032425,5270.000000,18.599960,-26.700012,-102.600006,5270.000000
52710.000000,-0.468750,0.049316,0.887695,5271.000000,0.417709,-0.652313,0.268936,5271.000000,19.799957,-26.700012,-102.600006,5271.000000
52720.000000,-0.459961,0.050781,0.889160,5272.000000,0.295639,-0.041962,0.635147,5272.000000,17.999954,-25.050003,-103.500000,5272.000000
52730.000000,-0.453125,0.050781,0.892090,5273.000000,0.295639,-0.041962,0.391006,5273.000000,17.999954,-24.750000,-101.700012,5273.000000
52740.000000,-0.458984,0.052734,0.891113,5274.000000,-0.371933,0.137329,0.513077,5274.000000,17.549957,-24.750000,-101.700012,5274.000000
52750.000000,-0.458008,0.050293,0.895019,5275.000000,-0.127792,0.747681,0.024796,5275.000000,17.549957,-24.900009,-103.650009,5275.000000
52760.000000,-0.460449,0.061523,0.891601,5276.000000,-0.188828,-0.225067,0.329971,5276.000000,17.549957,-25.650009,-102.600006,5276.000000
52770.000000,-0.467773,0.055176,0.895996,5277.000000,-0.249863,0.015259,-0.581741,5277.000000,18.149963,-25.650009,-102.600006,5277.000000
52780.000000,-0.467773,0.055176,0.887207,5278.000000,-0.249863,0.259399,0.452042,5278.000000,18.449966,-25.650009,-102.150009,5278.000000
52790.000000,-0.465820,0.053711,0.896484,5279.000000,-0.432968,-0.408173,0.635147,5279.000000,18.449966,-25.800003,-103.050003,5279.000000
52800.000000,-0.461914,0.059082,0.884765,5280.000000,-0.799179,0.198364,-0.032425,5280.000000,17.699966,-25.800003,-103.050003,5280.000000
52810.000000,-0.460937,0.048828,0.891113,5281.000000,-0.310898,0.015259,-0.215530,5281.000000,17.249954,-26.250000,-100.950012,5281.000000
52820.000000,-0.474609,0.043457,0.889648,5282.000000,-0.677109,-0.102997,0.513077,5282.000000,18.749954,-25.050003,-102.750000,5282.000000
52830.000000,-0.460937,0.049316,0.892578,5283.000000,-0.066757,0.076294,0.391006,5283.000000,18.749954,-26.550003,-102.000000,5283.000000
52840.000000,-0.462891,0.052734,0.887207,5284.000000,0.173569,-0.347137,0.391006,5284.000000,18.899963,-26.550003,-102.000000,5284.000000
52850.000000,-0.467773,0.052734,0.899902,5285.000000,0.356674,-0.102997,0.207901,5285.000000,18.599960,-25.200012,-101.850006,5285.000000
52860.000000,-0.467773,0.057129,0.895019,5286.000000,0.967026,-1.140594,0.146866,5286.000000,18.599960,-26.400009,-103.950012,5286.000000
52870.000000,-0.468750,0.061035,0.895019,5287.000000,0.478745,-0.835419,0.085831,5287.000000,18.449966,-26.400009,-103.950012,5287.000000
52880.000000,-0.461426,0.065918,0.892578,5288.000000,-0.494003,-0.530243,-0.032425,5288.000000,18.449966,-25.800003,-101.700012,5288.000000
52890.000000,-0.450683,0.053711,0.894531,5289.000000,-0.188828,-0.774384,-0.459671,5289.000000,18.449966,-25.800003,-101.700012,5289.000000
52900.000000,-0.452148,0.055176,0.880859,5290.000000,-0.066757,-0.408173,0.391006,5290.000000,19.499954,-26.250000,-102.000000,5290.000000
52910.000000,-0.461426,0.053711,0.896484,5291.000000,-0.555038,-0.774384,0.024796,5291.000000,19.499954,-25.050003,-102.450012,5291.000000
52920.000000,-0.459961,0.054687,0.888672,5292.000000,-0.310898,-0.286102,0.513077,5292.000000,18.599960,-25.050003,-102.450012,5292.000000
52930.000000,-0.458984,0.051758,0.898926,5293.000000,-0.677109,-0.164032,0.635147,5293.000000,17.999954,-26.700012,-102.600006,5293.000000
52940.000000,-0.453613,0.044434,0.897949,5294.000000,-0.371933,-0.347137,0.207901,5294.000000,17.999954,-26.250000,-102.750000,5294.000000
52950.000000,-0.473144,0.054687,0.894531,5295.000000,-0.066757,0.076294,0.024796,5295.000000,18.449966,-26.250000,-102.750000,5295.000000
52960.000000,-0.464844,0.056152,0.887207,5296.000000,0.051498,-0.286102,-0.093460,5296.000000,19.049957,-25.800003,-103.800003,5296.000000
52970.000000,-0.467773,0.049316,0.901367,5297.000000,-0.127792,0.137329,0.146866,5297.000000,19.499954,-25.050003,-102.450012,5297.000000
52980.000000,-0.458496,0.035156,0.888672,5298.000000,0.112534,-0.164032,0.146866,5298.000000,19.499954,-25.800003,-102.750000,5298.000000
52990.000000,-0.467285,0.045410,0.885742,5299.000000,-0.371933,-0.225067,0.085831,5299.000000,18.599960,-25.800003,-102.750000,5299.000000
53000.000000,-0.457519,0.056152,0.893066,5300.000000,-0.188828,-0.225067,0.207901,5300.000000,17.099960,-24.150009,-103.650009,5300.000000
53010.000000,-0.466797,0.044922,0.885742,5301.000000,0.234604,-0.591278,0.085831,5301.000000,17.099960,-25.950012,-103.200012,5301.000000
53020.000000,-0.461914,0.049316,0.899902,5302.000000,0.295639,-0.286102,-0.032425,5302.000000,19.049957,-25.950012,-103.200012,5302.000000
53030.000000,-0.453125,0.054199,0.883789,5303.000000,-0.371933,-0.591278,0.452042,5303.000000,19.049957,-26.250000,-102.450012,5303.000000
53040.000000,-0.464355,0.057129,0.893554,5304.000000,-0.188828,-0.408173,0.146866,5304.000000,19.049957,-26.250000,-102.450012,5304.000000
53050.000000,-0.456055,0.058105,0.886719,5305.000000,0.783920,-0.652313,0.268936,5305.000000,19.799957,-26.250000,-102.450012,5305.000000
53060.000000,-0.442383,0.042969,0.887695,5306.000000,-0.188828,-0.835419,0.635147,5306.000000,18.449966,-25.800003,-100.950012,5306.000000
53070.000000,-0.478027,0.046387,0.891113,5307.000000,-0.188828,-0.286102,0.329971,5307.000000,18.449966,-26.250000,-104.100006,5307.000000
53080.000000,-0.451660,0.062012,0.898926,5308.000000,0.356674,-0.530243,0.207901,5308.000000,20.249954,-26.250000,-104.100006,5308.000000
53090.000000,-0.464355,0.049316,0.892090,5309.000000,0.112534,-0.469208,0.207901,5309.000000,19.499954,-25.050003,-103.050003,5309.000000
53100.000000,-0.458984,0.056641,0.898437,5310.000000,0.417709,-0.225067,0.207901,5310.000000,19.499954,-26.250000,-102.750000,5310.000000
53110.000000,-0.449707,0.053711,0.895508,5311.000000,0.356674,-0.896454,-0.032425,5311.000000,19.499954,-26.250000,-102.750000,5311.000000
53120.000000,-0.452637,0.050781,0.897949,5312.000000,-0.127792,-0.408173,0.085831,5312.000000,18.149963,-26.250000,-103.500000,5312.000000
53130.000000,-0.447266,0.041992,0.895508,5313.000000,-0.860214,-0.102997,0.024796,5313.000000,19.349960,-25.950012,-102.150009,5313.000000
53140.000000,-0.462891,0.058594,0.882812,5314.000000,-0.066757,-0.041962,-0.154495,5314.000000,19.349960,-25.650009,-102.600006,5314.000000
53150.000000,-0.458984,0.043457,0.886230,5315.000000,-0.494003,-0.164032,0.452042,5315.000000,18.449966,-25.650009,-102.600006,5315.000000
53160.000000,-0.454101,0.044922,0.892090,5316.000000,-0.432968,-0.225067,0.024796,5316.000000,18.749954,-25.500000,-103.500000,5316.000000
53170.000000,-0.460937,0.054199,0.897949,5317.000000,-0.066757,0.442505,0.513077,5317.000000,19.049957,-25.800003,-103.800003,5317.000000
53180.000000,-0.450683,0.049805,0.886719,5318.000000,-0.110626,0.137329,-0.398636,5318.000000,18.749954,-26.250000,-102.000000,5318.000000
53190.000000,-0.463867,0.057617,0.888672,5319.000000,0.434875,0.286102,-0.474930,5319.000000,18.749954,-25.500000,-103.500000,5319.000000
53200.000000,-0.470703,0.040527,0.895019,5320.000000,0.740051,-0.381470,0.436783,5320.000000,18.899963,-25.500000,-103.500000,5320.000000
53210.000000,-0.464355,0.046875,0.891113,5321.000000,0.373840,-0.320435,0.070572,5321.000000,17.849960,-26.400009,-102.900009,5321.000000
53220.000000,-0.459961,0.049316,0.903320,5322.000000,0.495911,-0.076294,0.070572,5322.000000,17.849960,-24.900009,-102.600006,5322.000000
53230.000000,-0.474121,0.052734,0.890136,5323.000000,0.495911,-0.991821,0.192642,5323.000000,18.749954,-24.900009,-102.600006,5323.000000
53240.000000,-0.452637,0.048340,0.905761,5324.000000,0.312805,-0.747681,-0.291824,5324.000000,17.999954,-27.000000,-102.450012,5324.000000
53250.000000,-0.464355,0.049316,0.894043,5325.000000,0.984192,-0.747681,-0.169754,5325.000000,17.999954,-24.750000,-103.500000,5325.000000
53260.000000,-0.462891,0.045898,0.895996,5326.000000,0.251770,0.469208,-0.291824,5326.000000,19.349960,-24.750000,-103.500000,5326.000000
53270.000000,-0.462891,0.056152,0.898926,5327.000000,-0.049591,-0.198364,0.375748,5327.000000,17.699966,-25.200012,-102.150009,5327.000000
53280.000000,-0.458496,0.044922,0.904297,5328.000000,-0.049591,-0.381470,-0.535965,5328.000000,18.149963,-27.300003,-102.750000,5328.000000
53290.000000,-0.461426,0.053711,0.883789,5329.000000,-0.354767,0.225067,0.314713,5329.000000,18.149963,-24.450012,-102.600006,5329.000000
53300.000000,-0.462891,0.054687,0.896972,5330.000000,0.434875,0.102997,0.192642,5330.000000,17.849960,-24.450012,-102.600006,5330.000000
53310.000000,-0.458496,0.035645,0.888672,5331.000000,-0.232697,0.164032,-0.047684,5331.000000,17.549957,-25.650009,-102.900009,5331.000000
53320.000000,-0.457519,0.056641,0.905761,5332.000000,0.495911,-0.320435,0.436783,5332.000000,17.549957,-25.650009,-102.600006,5332.000000
53330.000000,-0.468262,0.055176,0.888672,5333.000000,0.617981,-0.747681,-0.047684,5333.000000,19.049957,-25.650009,-102.600006,5333.000000
53340.000000,-0.468750,0.047363,0.887695,5334.000000,0.495911,-0.320435,0.070572,5334.000000,18.149963,-24.000000,-101.700012,5334.000000
53350.000000,-0.459961,0.043457,0.893066,5335.000000,0.556946,-0.503540,0.070572,5335.000000,18.149963,-25.650009,-103.650009,5335.000000
53360.000000,-0.461426,0.055176,0.901367,5336.000000,0.312805,-0.503540,-0.108719,5336.000000,19.799957,-25.650009,-103.650009,5336.000000
53370.000000,-0.460449,0.048340,0.893066,5337.000000,0.434875,-0.564575,-0.108719,5337.000000,19.349960,-24.000000,-101.700012,5337.000000
53380.000000,-0.446289,0.054199,0.882812,5338.000000,0.007629,-0.137329,-0.413895,5338.000000,19.349960,-24.900009,-101.850006,5338.000000
53390.000000,-0.479492,0.044434,0.878418,5339.000000,-0.537872,-0.198364,0.802994,5339.000000,18.899963,-24.900009,-101.850006,5339.000000
53400.000000,-0.452148,0.051270,0.894531,5340.000000,-0.171661,-0.625610,0.619888,5340.000000,19.349960,-25.650009,-102.900009,5340.000000
53410.000000,-0.451172,0.048828,0.892090,5341.000000,0.129700,0.102997,0.314713,5341.000000,19.349960,-26.400009,-102.900009,5341.000000
53420.000000,-0.461426,0.050293,0.888183,5342.000000,-0.476837,-0.503540,-0.230789,5342.000000,19.649963,-26.400009,-102.900009,5342.000000
53430.000000,-0.456055,0.037598,0.898437,5343.000000,0.556946,-0.991821,-0.291824,5343.000000,17.549957,-25.650009,-102.150009,5343.000000
53440.000000,-0.469238,0.048340,0.904785,5344.000000,0.373840,-0.198364,-0.047684,5344.000000,17.699966,-25.200012,-103.200012,5344.000000
53450.000000,-0.454590,0.051758,0.906738,5345.000000,0.312805,-1.052856,0.314713,5345.000000,17.699966,-25.500000,-100.950012,5345.000000
53460.000000,-0.470703,0.047852,0.895508,5346.000000,0.190735,-0.259399,0.619888,5346.000000,20.249954,-25.500000,-100.950012,5346.000000
53470.000000,-0.460937,0.041992,0.891601,5347.000000,-0.171661,0.164032,0.131607,5347.000000,20.249954,-26.250000,-101.700012,5347.000000
53480.000000,-0.458984,0.065918,0.905761,5348.000000,-0.049591,-0.198364,-0.108719,5348.000000,18.899963,-26.250000,-101.700012,5348.000000
53490.000000,-0.469238,0.047852,0.887207,5349.000000,-0.232697,-0.503540,0.009537,5349.000000,18.599960,-25.200012,-102.150009,5349.000000
53500.000000,-0.471191,0.044922,0.900879,5350.000000,0.495911,-0.381470,0.497818,5350.000000,18.599960,-26.700012,-103.200012,5350.000000
53510.000000,-0.453125,0.041504,0.890136,5351.000000,0.068665,-0.137329,0.314713,5351.000000,19.349960,-26.700012,-103.200012,5351.000000
53520.000000,-0.465332,0.052246,0.894531,5352.000000,0.129700,-0.076294,0.192642,5352.000000,17.999954,-25.650009,-102.600006,5352.000000
53530.000000,-0.456055,0.050293,0.897461,5353.000000,0.190735,-0.137329,-0.169754,5353.000000,17.999954,-26.250000,-103.050003,5353.000000
53540.000000,-0.458984,0.052246,0.903320,5354.000000,0.312805,-0.320435,-0.108719,5354.000000,17.249954,-26.250000,-103.050003,5354.000000
53550.000000,-0.448730,0.060059,0.898437,5355.000000,0.007629,-0.442505,0.131607,5355.000000,17.249954,-25.800003,-102.450012,5355.000000
53560.000000,-0.447266,0.062500,0.894531,5356.000000,-0.049591,-0.137329,-0.230789,5356.000000,17.249954,-26.550003,-102.000000,5356.000000
53570.000000,-0.441894,0.052246,0.901855,5357.000000,-0.110626,-0.137329,0.192642,5357.000000,18.749954,-26.550003,-102.000000,5357.000000
53580.000000,-0.458008,0.045898,0.896972,5358.000000,-0.049591,0.347137,0.375748,5358.000000,17.699966,-26.250000,-102.450012,5358.000000
53590.000000,-0.466308,0.052734,0.892090,5359.000000,0.068665,0.164032,0.314713,5359.000000,18.149963,-27.000000,-102.450012,5359.000000
53600.000000,-0.461914,0.038574,0.899902,5360.000000,-0.049591,0.041962,0.375748,5360.000000,18.149963,-27.150009,-101.550003,5360.000000
53610.000000,-0.456055,0.049805,0.894531,5361.000000,0.740051,-0.015259,-0.047684,5361.000000,17.699966,-27.150009,-101.550003,5361.000000
53620.000000,-0.458496,0.036621,0.893554,5362.000000,0.129700,-0.015259,0.375748,5362.000000,19.049957,-26.550003,-103.050003,5362.000000
53630.000000,-0.460937,0.050293,0.893554,5363.000000,0.801086,0.041962,-0.108719,5363.000000,19.049957,-25.050003,-102.000000,5363.000000
53640.000000,-0.449219,0.049805,0.895996,5364.000000,0.495911,0.408173,0.192642,5364.000000,19.049957,-25.050003,-102.000000,5364.000000
53650.000000,-0.446777,0.053711,0.896972,5365.000000,0.556946,-0.259399,0.558853,5365.000000,18.599960,-25.800003,-101.700012,5365.000000
53660.000000,-0.450195,0.053223,0.895996,5366.000000,0.129700,0.408173,-0.169754,5366.000000,18.599960,-25.650009,-102.150009,5366.000000
53670.000000,-0.447754,0.041016,0.897949,5367.000000,-0.232697,0.164032,-0.108719,5367.000000,18.449966,-25.650009,-102.150009,5367.000000
53680.000000,-0.454101,0.057129,0.908203,5368.000000,-0.354767,0.347137,-0.047684,5368.000000,18.149963,-25.800003,-102.450012,5368.000000
53690.000000,-0.458008,0.049316,0.892090,5369.000000,0.556946,0.652313,-0.047684,5369.000000,18.149963,-26.400009,-102.600006,5369.000000
53700.000000,-0.450683,0.053711,0.897461,5370.000000,0.007629,0.408173,0.558853,5370.000000,19.349960,-26.400009,-102.600006,5370.000000
53710.000000,-0.459473,0.036621,0.895996,5371.000000,-0.293732,-0.259399,-0.535965,5371.000000,18.149963,-25.950012,-101.850006,5371.000000
53720.000000,-0.455078,0.044434,0.891601,5372.000000,0.312805,0.041962,-0.413895,5372.000000,18.149963,-24.900009,-101.550003,5372.000000
53730.000000,-0.451172,0.058105,0.890136,5373.000000,-0.476837,0.286102,0.009537,5373.000000,18.449966,-24.900009,-101.550003,5373.000000
53740.000000,-0.469238,0.053711,0.901367,5374.000000,0.068665,0.225067,0.192642,5374.000000,19.049957,-24.750000,-102.000000,5374.000000
53750.000000,-0.452148,0.051270,0.902344,5375.000000,0.007629,0.102997,-0.047684,5375.000000,18.749954,-25.500000,-102.000000,5375.000000
53760.000000,-0.468262,0.043945,0.913086,5376.000000,-0.110626,-0.137329,0.192642,5376.000000,18.749954,-26.250000,-102.000000,5376.000000
53770.000000,-0.444336,0.050781,0.894043,5377.000000,-0.415802,-0.259399,0.192642,5377.000000,18.899963,-26.250000,-102.000000,5377.000000
53780.000000,-0.458984,0.057617,0.897461,5378.000000,-0.904083,0.347137,0.375748,5378.000000,17.549957,-24.900009,-102.150009,5378.000000
53790.000000,-0.445801,0.045410,0.896972,5379.000000,-0.782013,0.530243,0.009537,5379.000000,17.549957,-27.150009,-102.150009,5379.000000
53800.000000,-0.455566,0.050781,0.888183,5380.000000,-1.087189,-0.015259,0.436783,5380.000000,19.499954,-27.150009,-102.150009,5380.000000
53810.000000,-0.455566,0.054687,0.896484,5381.000000,-1.026154,0.591278,-0.352859,5381.000000,17.849960,-24.750000,-101.700012,5381.000000
53820.000000,-0.458008,0.049316,0.895996,5382.000000,-0.110626,0.896454,0.558853,5382.000000,17.849960,-24.900009,-102.150009,5382.000000
53830.000000,-0.461426,0.049316,0.899414,5383.000000,-0.537872,0.286102,0.253677,5383.000000,17.849960,-24.900009,-102.150009,5383.000000
53840.000000,-0.471191,0.041992,0.896972,5384.000000,0.556946,0.652313,0.375748,5384.000000,18.149963,-25.950012,-102.600006,5384.000000
53850.000000,-0.471191,0.049805,0.900879,5385.000000,0.679016,-0.015259,0.497818,5385.000000,18.149963,-25.650009,-103.200012,5385.000000
53860.000000,-0.467773,0.050781,0.895019,5386.000000,0.617981,-0.137329,0.436783,5386.000000,16.799957,-25.650009,-103.200012,5386.000000
53870.000000,-0.448242,0.045898,0.886719,5387.000000,0.251770,0.164032,0.070572,5387.000000,18.149963,-25.650009,-104.400009,5387.000000
53880.000000,-0.459473,0.047852,0.901855,5388.000000,0.434875,0.347137,-0.474930,5388.000000,18.149963,-26.400009,-103.200012,5388.000000
53890.000000,-0.451660,0.050293,0.887695,5389.000000,-0.232697,0.591278,-0.413895,5389.000000,18.749954,-26.400009,-103.200012,5389.000000
53900.000000,-0.450683,0.047363,0.895996,5390.000000,-0.476837,0.774384,-0.352859,5390.000000,19.349960,-27.000000,-102.000000,5390.000000
53910.000000,-0.463867,0.055664,0.910156,5391.000000,-1.087189,0.835419,0.436783,5391.000000,18.599960,-25.950012,-103.200012,5391.000000
53920.000000,-0.453125,0.048828,0.889160,5392.000000,-0.354767,0.591278,-0.108719,5392.000000,20.249954,-25.950012,-101.550003,5392.000000
53930.000000,-0.469238,0.055664,0.890136,5393.000000,-0.171661,-0.198364,0.192642,5393.000000,18.449966,-25.500000,-100.950012,5393.000000
53940.000000,-0.450195,0.048340,0.890625,5394.000000,0.251770,0.225067,0.131607,5394.000000,18.449966,-25.500000,-101.700012,5394.000000
53950.000000,-0.470215,0.050781,0.907226,5395.000000,-0.232697,-0.503540,0.314713,5395.000000,17.699966,-25.500000,-101.700012,5395.000000
53960.000000,-0.456055,0.044434,0.887695,5396.000000,0.068665,0.102997,-0.169754,5396.000000,20.399963,-25.500000,-102.750000,5396.000000
53970.000000,-0.473144,0.054687,0.891113,5397.000000,0.434875,0.102997,0.131607,5397.000000,20.399963,-25.950012,-102.150009,5397.000000
53980.000000,-0.451172,0.048828,0.896484,5398.000000,-0.354767,-0.320435,0.131607,5398.000000,19.049957,-25.950012,-102.150009,5398.000000
53990.000000,-0.468262,0.044434,0.900390,5399.000000,0.373840,0.164032,0.070572,5399.000000,18.749954,-26.250000,-100.950012,5399.000000
54000.000000,-0.453125,0.062012,0.889648,5400.000000,0.373840,0.102997,-0.169754,5400.000000,18.749954,-24.300003,-102.000000,5400.000000
54010.000000,-0.453613,0.053711,0.888672,5401.000000,0.617981,-0.564575,0.192642,5401.000000,19.349960,-24.300003,-102.000000,5401.000000
54020.000000,-0.459961,0.057617,0.893066,5402.000000,0.923157,-0.442505,-0.169754,5402.000000,18.149963,-25.650009,-102.150009,5402.000000
54030.000000,-0.461914,0.043945,0.905761,5403.000000,-0.171661,-0.320435,-0.230789,5403.000000,18.149963,-25.650009,-102.900009,5403.000000
54040.000000,-0.462891,0.059570,0.891601,5404.000000,0.434875,-0.747681,0.741959,5404.000000,18.149963,-25.650009,-102.900009,5404.000000
54050.000000,-0.466797,0.047363,0.886719,5405.000000,0.007629,-0.930786,0.619888,5405.000000,18.149963,-25.950012,-102.150009,5405.000000
54060.000000,-0.457519,0.050781,0.898437,5406.000000,0.373840,-1.113892,0.741959,5406.000000,18.449966,-24.900009,-102.900009,5406.000000
54070.000000,-0.459961,0.055176,0.896484,5407.000000,0.007629,-0.686646,0.192642,5407.000000,18.449966,-27.000000,-101.250000,5407.000000
54080.000000,-0.453125,0.044434,0.890625,5408.000000,-0.171661,-0.869751,0.009537,5408.000000,19.349960,-27.000000,-101.250000,5408.000000
54090.000000,-0.442383,0.053711,0.902344,5409.000000,0.373840,-0.320435,0.497818,5409.000000,18.749954,-26.400009,-103.200012,5409.000000
54100.000000,-0.440918,0.052246,0.899414,5410.000000,0.373840,-0.808716,-0.230789,5410.000000,18.749954,-25.500000,-102.000000,5410.000000
54110.000000,-0.443848,0.043457,0.901367,5411.000000,1.106262,-0.503540,0.131607,5411.000000,18.899963,-25.500000,-102.000000,5411.000000
54120.000000,-0.447754,0.052246,0.892578,5412.000000,0.617981,-0.930786,0.558853,5412.000000,18.149963,-24.900009,-103.650009,5412.000000
54130.000000,-0.443848,0.048828,0.896484,5413.000000,0.129700,-0.137329,0.009537,5413.000000,18.149963,-26.700012,-102.600006,5413.000000
54140.000000,-0.443848,0.055176,0.893554,5414.000000,-0.293732,-0.015259,0.741959,5414.000000,17.999954,-26.700012,-102.600006,5414.000000
54150.000000,-0.462402,0.052734,0.911621,5415.000000,-0.598907,0.041962,0.375748,5415.000000,17.999954,-26.550003,-102.450012,5415.000000
54160.000000,-0.466308,0.059570,0.907226,5416.000000,0.129700,0.102997,-0.047684,5416.000000,17.999954,-25.500000,-102.750000,5416.000000
54170.000000,-0.458008,0.052734,0.896972,5417.000000,-0.598907,-0.137329,0.070572,5417.000000,18.449966,-25.500000,-102.750000,5417.000000
54180.000000,-0.449219,0.060059,0.900390,5418.000000,0.556946,-0.503540,0.009537,5418.000000,18.749954,-25.800003,-100.950012,5418.000000
54190.000000,-0.444824,0.049316,0.891601,5419.000000,0.801086,-0.259399,0.192642,5419.000000,18.749954,-25.500000,-101.250000,5419.000000
54200.000000,-0.438476,0.046387,0.897461,5420.000000,0.434875,0.041962,0.192642,5420.000000,17.249954,-25.500000,-101.250000,5420.000000
54210.000000,-0.460449,0.055176,0.897461,5421.000000,0.251770,0.530243,-0.413895,5421.000000,18.449966,-26.250000,-102.450012,5421.000000
54220.000000,-0.458984,0.051758,0.908203,5422.000000,0.495911,0.347137,-0.352859,5422.000000,17.999954,-25.800003,-102.450012,5422.000000
54230.000000,-0.455566,0.046387,0.890625,5423.000000,0.190735,0.041962,-0.169754,5423.000000,17.999954,-24.750000,-103.050003,5423.000000
54240.000000,-0.441406,0.055664,0.894043,5424.000000,-0.171661,0.286102,-0.291824,5424.000000,19.349960,-26.550003,-102.450012,5424.000000
54250.000000,-0.457519,0.041504,0.893554,5425.000000,0.556946,0.286102,-0.230789,5425.000000,19.349960,-27.150009,-102.150009,5425.000000
54260.000000,-0.453125,0.052246,0.893554,5426.000000,-0.659943,0.041962,0.131607,5426.000000,18.149963,-27.150009,-102.150009,5426.000000
54270.000000,-0.459473,0.045898,0.894531,5427.000000,0.007629,0.102997,0.253677,5427.000000,17.699966,-24.900009,-102.150009,5427.000000
54280.000000,-0.442871,0.059570,0.891113,5428.000000,0.251770,0.286102,0.070572,5428.000000,17.699966,-27.000000,-103.800003,5428.000000
54290.000000,-0.455078,0.053223,0.900390,5429.000000,-0.843048,0.347137,0.619888,5429.000000,18.749954,-27.000000,-103.800003,5429.000000
54300.000000,-0.460449,0.055664,0.898437,5430.000000,-0.476837,0.774384,0.070572,5430.000000,17.849960,-25.500000,-102.750000,5430.000000
54310.000000,-0.439453,0.050293,0.895996,5431.000000,-0.110626,0.774384,-0.291824,5431.000000,17.849960,-27.150009,-101.850006,5431.000000
54320.000000,-0.451172,0.051758,0.897461,5432.000000,0.129700,0.347137,0.192642,5432.000000,19.799957,-27.150009,-101.850006,5432.000000
54330.000000,-0.459473,0.050781,0.908203,5433.000000,0.434875,1.079559,-0.352859,5433.000000,18.149963,-25.800003,-102.000000,5433.000000
54340.000000,-0.458008,0.050293,0.890136,5434.000000,0.251770,0.469208,-0.047684,5434.000000,18.149963,-25.200012,-102.150009,5434.000000
54350.000000,-0.453613,0.042480,0.892578,5435.000000,0.190735,0.530243,0.314713,5435.000000,18.749954,-25.200012,-102.150009,5435.000000
54360.000000,-0.452637,0.039551,0.893554,5436.000000,0.068665,0.408173,0.436783,5436.000000,18.449966,-23.550003,-102.450012,5436.000000
54370.000000,-0.456543,0.052734,0.883789,5437.000000,0.434875,-0.137329,-0.719070,5437.000000,19.049957,-24.300003,-102.450012,5437.000000
54380.000000,-0.464844,0.043945,0.902344,5438.000000,-0.537872,0.164032,0.497818,5438.000000,19.049957,-26.250000,-102.000000,5438.000000
54390.000000,-0.455566,0.050781,0.892578,5439.000000,-0.171661,-0.320435,0.314713,5439.000000,18.149963,-26.250000,-102.000000,5439.000000
54400.000000,-0.456543,0.040527,0.892090,5440.000000,-0.476837,0.347137,-0.169754,5440.000000,18.749954,-25.650009,-102.900009,5440.000000
54410.000000,-0.459473,0.051270,0.899902,5441.000000,-0.171661,0.408173,0.253677,5441.000000,18.749954,-26.550003,-102.000000,5441.000000
54420.000000,-0.457519,0.062012,0.903808,5442.000000,-0.476837,0.530243,0.070572,5442.000000,17.849960,-26.550003,-102.000000,5442.000000
54430.000000,-0.456543,0.054687,0.893066,5443.000000,-0.110626,0.652313,-0.108719,5443.000000,20.549957,-26.700012,-102.150009,5443.000000
54440.000000,-0.455078,0.049316,0.885742,5444.000000,-0.354767,0.713348,0.497818,5444.000000,20.549957,-26.250000,-102.750000,5444.000000
54450.000000,-0.460937,0.046387,0.891113,5445.000000,-0.293732,0.835419,-0.352859,5445.000000,18.449966,-26.250000,-102.750000,5445.000000
54460.000000,-0.459961,0.037109,0.906738,5446.000000,0.312805,0.408173,0.009537,5446.000000,18.749954,-26.250000,-103.050003,5446.000000
54470.000000,-0.449707,0.044434,0.900879,5447.000000,0.068665,-0.015259,0.192642,5447.000000,18.749954,-25.800003,-102.450012,5447.000000
54480.000000,-0.454101,0.051758,0.904297,5448.000000,0.190735,-0.015259,0.314713,5448.000000,17.699966,-25.800003,-102.450012,5448.000000
54490.000000,-0.465820,0.037109,0.891601,5449.000000,0.007629,0.591278,0.192642,5449.000000,18.899963,-25.800003,-102.000000,5449.000000
54500.000000,-0.458008,0.060547,0.898926,5450.000000,-0.049591,0.225067,0.070572,5450.000000,18.899963,-26.400009,-102.900009,5450.000000
54510.000000,-0.450683,0.049316,0.889160,5451.000000,-0.171661,0.591278,0.253677,5451.000000,19.349960,-26.400009,-102.900009,5451.000000
54520.000000,-0.442383,0.052734,0.893066,5452.000000,-0.049591,-0.015259,0.253677,5452.000000,18.749954,-24.450012,-100.800003,5452.000000
54530.000000,-0.450195,0.060059,0.901855,5453.000000,-0.171661,0.041962,0.558853,5453.000000,18.749954,-25.800003,-102.450012,5453.000000
54540.000000,-0.451660,0.046387,0.903808,5454.000000,-0.232697,0.652313,-0.230789,5454.000000,18.599960,-25.800003,-102.450012,5454.000000
54550.000000,-0.454101,0.051270,0.897461,5455.000000,-0.049591,0.164032,0.009537,5455.000000,19.499954,-25.950012,-102.150009,5455.000000
54560.000000,-0.456055,0.047363,0.887207,5456.000000,0.556946,0.102997,0.253677,5456.000000,19.499954,-25.800003,-101.700012,5456.000000
54570.000000,-0.454101,0.038574,0.891113,5457.000000,0.862122,0.102997,0.253677,5457.000000,18.599960,-25.800003,-101.700012,5457.000000
54580.000000,-0.448242,0.041016,0.894043,5458.000000,0.129700,0.225067,0.253677,5458.000000,18.449966,-25.650009,-101.550003,5458.000000
54590.000000,-0.455566,0.051758,0.889648,5459.000000,-0.354767,0.225067,0.131607,5459.000000,18.449966,-25.500000,-102.000000,5459.000000
54600.000000,-0.458984,0.040039,0.890136,5460.000000,0.068665,0.225067,0.253677,5460.000000,17.699966,-25.500000,-102.000000,5460.000000
54610.000000,-0.453125,0.055176,0.883301,5461.000000,0.190735,0.591278,0.131607,5461.000000,17.849960,-26.250000,-101.250000,5461.000000
54620.000000,-0.457031,0.057617,0.896972,5462.000000,0.251770,0.164032,0.131607,5462.000000,17.849960,-25.200012,-101.850006,5462.000000
54630.000000,-0.455078,0.058105,0.905761,5463.000000,-0.354767,0.164032,0.375748,5463.000000,19.049957,-25.200012,-101.850006,5463.000000
54640.000000,-0.466308,0.043945,0.903320,5464.000000,0.312805,0.286102,0.009537,5464.000000,20.399963,-25.050003,-102.000000,5464.000000
54650.000000,-0.458496,0.051758,0.904297,5465.000000,0.373840,-0.503540,0.070572,5465.000000,20.399963,-25.650009,-101.550003,5465.000000
54660.000000,-0.442383,0.047852,0.897461,5466.000000,-0.110626,0.530243,0.619888,5466.000000,17.699966,-25.650009,-101.550003,5466.000000
54670.000000,-0.455566,0.050781,0.893554,5467.000000,0.617981,0.041962,0.131607,5467.000000,17.849960,-25.500000,-101.700012,5467.000000
54680.000000,-0.470703,0.054687,0.901855,5468.000000,0.007629,-0.381470,0.680923,5468.000000,18.449966,-26.700012,-103.650009,5468.000000
54690.000000,-0.458008,0.037109,0.902344,5469.000000,0.434875,-0.076294,0.558853,5469.000000,18.449966,-26.550003,-100.950012,5469.000000
54700.000000,-0.451660,0.039062,0.898437,5470.000000,0.251770,-0.381470,-0.108719,5470.000000,19.349960,-26.550003,-100.950012,5470.000000
54710.000000,-0.436523,0.057129,0.891113,5471.000000,0.068665,-0.442505,0.375748,5471.000000,18.899963,-25.950012,-103.650009,5471.000000
54720.000000,-0.464355,0.045410,0.889648,5472.000000,0.007629,0.225067,0.131607,5472.000000,18.899963,-26.400009,-102.900009,5472.000000
54730.000000,-0.452637,0.036133,0.893066,5473.000000,0.007629,0.286102,0.009537,5473.000000,19.499954,-26.400009,-102.900009,5473.000000
54740.000000,-0.458984,0.063965,0.888672,5474.000000,0.373840,0.041962,0.009537,5474.000000,17.849960,-25.800003,-101.700012,5474.000000
54750.000000,-0.433105,0.067383,0.895508,5475.000000,0.007629,-0.015259,-0.230789,5475.000000,17.849960,-27.900009,-102.150009,5475.000000
54760.000000,-0.456055,0.050293,0.899414,5476.000000,0.007629,0.102997,0.192642,5476.000000,20.249954,-27.900009,-102.150009,5476.000000
54770.000000,-0.463379,0.055176,0.903320,5477.000000,0.617981,0.225067,-0.169754,5477.000000,17.549957,-25.050003,-102.450012,5477.000000
54780.000000,-0.449707,0.053711,0.887207,5478.000000,0.068665,0.286102,0.131607,5478.000000,17.549957,-26.400009,-102.150009,5478.000000
54790.000000,-0.445312,0.061035,0.886230,5479.000000,-0.537872,0.164032,0.680923,5479.000000,18.599960,-26.400009,-102.150009,5479.000000
54800.000000,-0.452637,0.046875,0.890136,5480.000000,0.068665,-0.381470,0.131607,5480.000000,17.249954,-25.650009,-103.200012,5480.000000
54810.000000,-0.461914,0.043945,0.900879,5481.000000,-0.171661,-0.076294,0.802994,5481.000000,17.249954,-26.550003,-102.000000,5481.000000
54820.000000,-0.458008,0.036133,0.895019,5482.000000,0.251770,0.469208,-0.108719,5482.000000,17.849960,-26.550003,-102.000000,5482.000000
54830.000000,-0.457519,0.041016,0.896972,5483.000000,0.495911,-0.198364,0.009537,5483.000000,17.099960,-26.700012,-102.150009,5483.000000
54840.000000,-0.448730,0.065430,0.901367,5484.000000,1.167297,0.102997,0.558853,5484.000000,17.099960,-23.850006,-101.850006,5484.000000
54850.000000,-0.445312,0.046875,0.895019,5485.000000,0.801086,-0.198364,0.253677,5485.000000,17.099960,-23.850006,-101.850006,5485.000000
54860.000000,-0.450195,0.061035,0.886230,5486.000000,0.617981,-0.076294,0.558853,5486.000000,18.599960,-24.450012,-102.600006,5486.000000
54870.000000,-0.452148,0.059082,0.895019,5487.000000,0.007629,0.041962,0.680923,5487.000000,18.599960,-24.900009,-102.150009,5487.000000
54880.000000,-0.452148,0.045410,0.878418,5488.000000,0.007629,-0.137329,0.070572,5488.000000,17.999954,-24.900009,-102.150009,5488.000000
54890.000000,-0.453125,0.060059,0.891601,5489.000000,-0.598907,-0.076294,-0.108719,5489.000000,19.349960,-26.250000,-103.500000,5489.000000
54900.000000,-0.455566,0.051758,0.895019,5490.000000,-0.232697,-0.686646,-0.413895,5490.000000,19.349960,-25.650009,-102.900009,5490.000000
54910.000000,-0.458984,0.052246,0.894531,5491.000000,0.129700,0.286102,-0.230789,5491.000000,18.599960,-25.650009,-102.900009,5491.000000
54920.000000,-0.452148,0.050781,0.878418,5492.000000,-0.293732,0.713348,0.314713,5492.000000,18.149963,-26.700012,-101.850006,5492.000000
54930.000000,-0.444336,0.034668,0.903320,5493.000000,0.312805,0.408173,-0.169754,5493.000000,18.149963,-25.950012,-102.150009,5493.000000
54940.000000,-0.436523,0.050781,0.889160,5494.000000,1.045227,0.225067,0.314713,5494.000000,18.749954,-25.950012,-102.150009,5494.000000
54950.000000,-0.451172,0.047852,0.893554,5495.000000,0.862122,0.530243,0.314713,5495.000000,18.449966,-25.500000,-102.450012,5495.000000
54960.000000,-0.462891,0.054687,0.889160,5496.000000,0.373840,0.713348,0.070572,5496.000000,18.449966,-25.500000,-101.700012,5496.000000
54970.000000,-0.461426,0.040039,0.886230,5497.000000,-0.232697,0.102997,-0.291824,5497.000000,18.749954,-25.500000,-101.700012,5497.000000
54980.000000,-0.451172,0.047852,0.895508,5498.000000,0.190735,0.347137,0.009537,5498.000000,17.999954,-25.500000,-103.500000,5498.000000
54990.000000,-0.446777,0.057129,0.895019,5499.000000,0.007629,0.835419,-0.169754,5499.000000,18.899963,-27.000000,-103.050003,5499.000000
55000.000000,-0.455566,0.049805,0.898926,5500.000000,-0.232697,-0.076294,0.192642,5500.000000,18.899963,-26.400009,-101.850006,5500.000000
55010.000000,-0.459473,0.046875,0.886230,5501.000000,-0.049591,-0.259399,0.070572,5501.000000,18.899963,-26.400009,-101.850006,5501.000000
55020.000000,-0.464355,0.048828,0.890136,5502.000000,-0.232697,-0.381470,0.253677,5502.000000,18.899963,-26.400009,-102.600006,5502.000000
55030.000000,-0.455566,0.049316,0.893066,5503.000000,-0.171661,-0.076294,0.253677,5503.000000,18.899963,-25.950012,-103.200012,5503.000000
55040.000000,-0.472168,0.048340,0.888672,5504.000000,0.190735,-0.381470,0.375748,5504.000000,17.849960,-25.950012,-103.200012,5504.000000
55050.000000,-0.461914,0.043945,0.895996,5505.000000,-0.171661,0.164032,0.192642,5505.000000,18.899963,-25.950012,-102.900009,5505.000000
55060.000000,-0.458984,0.048340,0.890136,5506.000000,0.129700,-0.259399,0.680923,5506.000000,18.899963,-26.400009,-101.850006,5506.000000
55070.000000,-0.458008,0.059082,0.895996,5507.000000,-0.782013,0.225067,0.131607,5507.000000,18.599960,-26.400009,-101.850006,5507.000000
55080.000000,-0.458984,0.041016,0.892090,5508.000000,0.373840,0.591278,-0.108719,5508.000000,17.999954,-25.200012,-102.150009,5508.000000
55090.000000,-0.448242,0.063477,0.896484,5509.000000,0.129700,0.347137,0.192642,5509.000000,17.999954,-27.000000,-102.750000,5509.000000
55100.000000,-0.472656,0.047852,0.882812,5510.000000,0.556946,0.164032,-0.108719,5510.000000,17.699966,-27.000000,-102.750000,5510.000000
55110.000000,-0.450683,0.058105,0.891601,5511.000000,0.312805,0.530243,-0.108719,5511.000000,19.049957,-26.250000,-103.050003,5511.000000
55120.000000,-0.452637,0.065430,0.893554,5512.000000,0.434875,-0.625610,0.436783,5512.000000,18.749954,-25.800003,-102.450012,5512.000000
55130.000000,-0.461426,0.058105,0.893554,5513.000000,0.068665,-0.320435,-0.047684,5513.000000,18.599960,-26.250000,-102.450012,5513.000000
55140.000000,-0.462402,0.052246,0.898437,5514.000000,-0.293732,-0.076294,-0.169754,5514.000000,17.849960,-25.950012,-102.150009,5514.000000
55150.000000,-0.462891,0.041504,0.885254,5515.000000,-0.354767,0.286102,-0.291824,5515.000000,17.849960,-25.650009,-102.600006,5515.000000
55160.000000,-0.454590,0.039062,0.906738,5516.000000,-0.476837,0.347137,-0.169754,5516.000000,17.699966,-25.650009,-102.600006,5516.000000
55170.000000,-0.454590,0.049316,0.895019,5517.000000,0.129700,0.530243,0.192642,5517.000000,16.799957,-25.800003,-102.750000,5517.000000
55180.000000,-0.459961,0.059570,0.897949,5518.000000,0.434875,0.896454,-0.169754,5518.000000,16.799957,-27.150009,-102.900009,5518.000000
55190.000000,-0.447754,0.043945,0.901855,5519.000000,0.679016,0.591278,0.192642,5519.000000,19.049957,-27.150009,-102.900009,5519.000000
55200.000000,-0.458984,0.052734,0.899414,5520.000000,0.740051,0.591278,-0.230789,5520.000000,17.699966,-25.500000,-102.450012,5520.000000
55210.000000,-0.456543,0.047852,0.892578,5521.000000,1.228333,0.225067,0.314713,5521.000000,17.699966,-25.800003,-102.750000,5521.000000
55220.000000,-0.451172,0.044434,0.892578,5522.000000,0.679016,0.225067,-0.230789,5522.000000,19.349960,-25.800003,-102.750000,5522.000000
55230.000000,-0.456055,0.041016,0.910156,5523.000000,0.312805,-0.320435,-0.291824,5523.000000,18.449966,-27.450012,-102.900009,5523.000000
55240.000000,-0.457031,0.049316,0.896484,5524.000000,-0.049591,-0.137329,0.009537,5524.000000,18.449966,-26.250000,-103.500000,5524.000000
55250.000000,-0.455078,0.045898,0.886230,5525.000000,0.129700,-0.076294,-0.169754,5525.000000,19.049957,-26.250000,-103.500000,5525.000000
55260.000000,-0.447266,0.062988,0.891113,5526.000000,0.434875,-0.137329,-0.047684,5526.000000,19.499954,-25.050003,-102.000000,5526.000000
55270.000000,-0.463867,0.049316,0.887695,5527.000000,0.068665,0.469208,-0.169754,5527.000000,19.499954,-25.800003,-102.750000,5527.000000
55280.000000,-0.461426,0.053711,0.896972,5528.000000,-0.049591,0.408173,0.070572,5528.000000,19.349960,-25.800003,-102.750000,5528.000000
55290.000000,-0.437500,0.045410,0.900390,5529.000000,0.312805,-0.320435,0.009537,5529.000000,18.599960,-25.200012,-101.850006,5529.000000
55300.000000,-0.466308,0.057129,0.895508,5530.000000,0.801086,0.041962,0.375748,5530.000000,19.049957,-25.650009,-104.400009,5530.000000
55310.000000,-0.461426,0.055664,0.897461,5531.000000,0.373840,0.041962,0.009537,5531.000000,19.049957,-25.050003,-101.700012,5531.000000
55320.000000,-0.449707,0.036133,0.886719,5532.000000,0.434875,0.102997,0.070572,5532.000000,18.449966,-25.050003,-101.700012,5532.000000
55330.000000,-0.455566,0.053223,0.904297,5533.000000,0.923157,-0.137329,0.009537,5533.000000,19.349960,-24.750000,-102.450012,5533.000000
55340.000000,-0.450683,0.051270,0.900879,5534.000000,0.617981,-0.076294,0.741959,5534.000000,19.349960,-26.400009,-102.150009,5534.000000
55350.000000,-0.453613,0.046387,0.893554,5535.000000,0.129700,0.469208,0.131607,5535.000000,19.049957,-26.400009,-102.150009,5535.000000
55360.000000,-0.462891,0.049805,0.900879,5536.000000,-0.171661,0.164032,0.619888,5536.000000,19.349960,-25.500000,-102.000000,5536.000000
55370.000000,-0.457519,0.049316,0.896972,5537.000000,-0.293732,0.469208,0.436783,5537.000000,19.349960,-25.200012,-102.600006,5537.000000
55380.000000,-0.439941,0.049316,0.894043,5538.000000,-0.232697,0.041962,0.192642,5538.000000,17.999954,-25.200012,-102.600006,5538.000000
55390.000000,-0.460449,0.052734,0.894531,5539.000000,0.190735,0.286102,0.497818,5539.000000,18.899963,-24.300003,-104.550003,5539.000000
55400.000000,-0.457031,0.052734,0.899902,5540.000000,0.129700,-0.137329,0.192642,5540.000000,18.899963,-24.450012,-102.150009,5540.000000
55410.000000,-0.453125,0.041016,0.900879,5541.000000,0.007629,-0.259399,0.253677,5541.000000,18.149963,-24.450012,-102.150009,5541.000000
55420.000000,-0.459961,0.043945,0.906250,5542.000000,-0.415802,-0.076294,0.619888,5542.000000,18.449966,-25.650009,-102.600006,5542.000000
55430.000000,-0.450683,0.051270,0.894043,5543.000000,-0.293732,0.041962,0.375748,5543.000000,19.049957,-25.800003,-101.250000,5543.000000
55440.000000,-0.438965,0.062500,0.894531,5544.000000,-0.171661,0.286102,0.253677,5544.000000,18.749954,-25.500000,-102.450012,5544.000000
55450.000000,-0.451660,0.050781,0.895019,5545.000000,-0.354767,0.041962,0.131607,5545.000000,18.899963,-26.550003,-103.050003,5545.000000
55460.000000,-0.458008,0.053223,0.877929,5546.000000,0.068665,-0.076294,0.497818,5546.000000,18.899963,-25.650009,-102.150009,5546.000000
55470.000000,-0.451172,0.062988,0.891601,5547.000000,-0.232697,0.225067,-0.291824,5547.000000,19.049957,-25.650009,-102.150009,5547.000000
55480.000000,-0.463379,0.055664,0.886719,5548.000000,-0.110626,0.164032,0.253677,5548.000000,18.899963,-25.800003,-103.500000,5548.000000
55490.000000,-0.454101,0.047852,0.897949,5549.000000,0.251770,0.530243,0.314713,5549.000000,18.899963,-25.950012,-102.900009,5549.000000
55500.000000,-0.457031,0.051270,0.891601,5550.000000,-0.171661,1.201630,0.070572,5550.000000,17.849960,-25.950012,-102.900009,5550.000000
55510.000000,-0.459473,0.045898,0.905273,5551.000000,-0.293732,-0.198364,-0.047684,5551.000000,18.749954,-25.650009,-103.200012,5551.000000
55520.000000,-0.446289,0.056152,0.893066,5552.000000,0.129700,0.286102,0.436783,5552.000000,18.749954,-25.500000,-102.450012,5552.000000
55530.000000,-0.460449,0.053711,0.890136,5553.000000,-0.049591,0.164032,0.192642,5553.000000,17.249954,-25.500000,-102.450012,5553.000000
55540.000000,-0.448730,0.050781,0.898437,5554.000000,0.312805,0.469208,0.436783,5554.000000,18.599960,-24.000000,-101.250000,5554.000000
55550.000000,-0.456055,0.065430,0.897461,5555.000000,0.129700,-0.259399,-0.108719,5555.000000,18.599960,-25.650009,-101.550003,5555.000000
55560.000000,-0.455078,0.050781,0.886719,5556.000000,0.129700,-0.015259,-0.352859,5556.000000,17.849960,-25.650009,-101.550003,5556.000000
55570.000000,-0.455566,0.048828,0.899414,5557.000000,0.434875,0.102997,-0.047684,5557.000000,17.849960,-24.900009,-103.950012,5557.000000
55580.000000,-0.458008,0.057129,0.896972,5558.000000,0.740051,0.041962,0.009537,5558.000000,17.849960,-24.900009,-101.850006,5558.000000
55590.000000,-0.459961,0.045410,0.898926,5559.000000,0.129700,0.102997,-0.108719,5559.000000,18.149963,-24.900009,-101.850006,5559.000000
55600.000000,-0.458984,0.054199,0.891113,5560.000000,0.129700,0.102997,-0.230789,5560.000000,17.249954,-26.700012,-102.150009,5560.000000
55610.000000,-0.454590,0.052734,0.893554,5561.000000,0.190735,0.469208,0.497818,5561.000000,17.699966,-25.050003,-102.750000,5561.000000
55620.000000,-0.448242,0.050293,0.902832,5562.000000,0.373840,0.530243,-0.047684,5562.000000,17.699966,-26.550003,-102.750000,5562.000000
55630.000000,-0.462402,0.054687,0.898437,5563.000000,-0.598907,0.591278,0.009537,5563.000000,19.499954,-26.550003,-102.750000,5563.000000
55640.000000,-0.450195,0.061523,0.904297,5564.000000,0.068665,0.530243,0.131607,5564.000000,19.499954,-27.000000,-102.000000,5564.000000
55650.000000,-0.453613,0.047363,0.884277,5565.000000,-0.476837,0.164032,0.680923,5565.000000,19.499954,-25.800003,-102.750000,5565.000000
55660.000000,-0.458496,0.039062,0.889160,5566.000000,-0.415802,-0.137329,0.009537,5566.000000,17.549957,-25.800003,-102.750000,5566.000000
55670.000000,-0.452148,0.045898,0.895508,5567.000000,0.068665,-0.015259,-0.047684,5567.000000,17.699966,-27.150009,-102.900009,5567.000000
55680.000000,-0.461426,0.048340,0.895508,5568.000000,-0.110626,0.225067,-0.352859,5568.000000,17.699966,-26.550003,-100.950012,5568.000000
55690.000000,-0.452148,0.048828,0.895508,5569.000000,0.007629,0.286102,0.253677,5569.000000,16.949966,-26.550003,-100.950012,5569.000000
55700.000000,-0.447754,0.045410,0.894531,5570.000000,0.068665,0.408173,0.558853,5570.000000,18.599960,-26.250000,-102.750000,5570.000000
55710.000000,-0.446289,0.046387,0.895508,5571.000000,0.007629,0.225067,0.436783,5571.000000,18.599960,-24.450012,-102.900009,5571.000000
55720.000000,-0.456543,0.054199,0.893554,5572.000000,-0.049591,-0.076294,0.253677,5572.000000,16.349960,-24.450012,-102.900009,5572.000000
55730.000000,-0.459961,0.053223,0.890625,5573.000000,0.190735,0.286102,0.314713,5573.000000,16.349960,-25.650009,-102.150009,5573.000000
55740.000000,-0.459473,0.050293,0.893554,5574.000000,-0.293732,0.591278,-0.169754,5574.000000,17.849960,-25.650009,-102.150009,5574.000000
55750.000000,-0.449707,0.052246,0.894531,5575.000000,0.617981,0.164032,-0.169754,5575.000000,18.899963,-26.700012,-102.600006,5575.000000
55760.000000,-0.461914,0.053223,0.895019,5576.000000,0.312805,0.591278,-0.047684,5576.000000,19.349960,-27.150009,-103.200012,5576.000000
55770.000000,-0.457031,0.040527,0.895508,5577.000000,0.129700,-0.198364,-0.047684,5577.000000,19.349960,-26.400009,-102.600006,5577.000000
55780.000000,-0.459473,0.051270,0.895508,5578.000000,-0.415802,-0.198364,-0.230789,5578.000000,17.549957,-26.400009,-102.600006,5578.000000
55790.000000,-0.452637,0.054687,0.909179,5579.000000,0.068665,0.164032,0.375748,5579.000000,17.699966,-25.650009,-101.850006,5579.000000
55800.000000,-0.462402,0.046875,0.904297,5580.000000,-0.598907,0.347137,0.314713,5580.000000,17.699966,-26.250000,-102.750000,5580.000000
55810.000000,-0.459961,0.037598,0.889160,5581.000000,0.190735,0.408173,-0.230789,5581.000000,17.849960,-26.250000,-102.750000,5581.000000
55820.000000,-0.461914,0.052734,0.895996,5582.000000,0.190735,0.347137,0.619888,5582.000000,18.599960,-25.650009,-103.200012,5582.000000
55830.000000,-0.459961,0.050293,0.889160,5583.000000,0.007629,0.225067,0.070572,5583.000000,18.599960,-25.950012,-101.850006,5583.000000
55840.000000,-0.454590,0.058105,0.907715,5584.000000,0.129700,-0.198364,0.619888,5584.000000,19.499954,-25.950012,-101.850006,5584.000000
55850.000000,-0.464355,0.064941,0.899902,5585.000000,-0.171661,-0.198364,0.925064,5585.000000,19.349960,-26.250000,-102.750000,5585.000000
55860.000000,-0.447266,0.056152,0.903320,5586.000000,1.106262,-0.686646,0.619888,5586.000000,19.349960,-26.400009,-102.150009,5586.000000
55870.000000,-0.464844,0.054199,0.892578,5587.000000,0.007629,-0.015259,0.131607,5587.000000,17.999954,-26.400009,-102.150009,5587.000000
55880.000000,-0.465332,0.046387,0.899902,5588.000000,0.129700,0.164032,0.070572,5588.000000,18.449966,-26.550003,-103.050003,5588.000000
55890.000000,-0.448730,0.050293,0.893066,5589.000000,-0.232697,-0.076294,0.192642,5589.000000,18.449966,-24.750000,-102.450012,5589.000000
55900.000000,-0.450195,0.055176,0.882812,5590.000000,-0.049591,-0.137329,-0.474930,5590.000000,18.449966,-24.750000,-102.450012,5590.000000
55910.000000,-0.446777,0.052734,0.893066,5591.000000,0.129700,-0.137329,0.314713,5591.000000,19.049957,-26.550003,-102.750000,5591.000000
55920.000000,-0.441406,0.050781,0.898437,5592.000000,0.190735,-0.015259,0.131607,5592.000000,18.149963,-26.550003,-103.050003,5592.000000
55930.000000,-0.460449,0.052734,0.899414,5593.000000,0.373840,0.225067,0.314713,5593.000000,18.149963,-27.450012,-101.850006,5593.000000
55940.000000,-0.453125,0.050293,0.888183,5594.000000,0.679016,0.408173,0.253677,5594.000000,17.999954,-27.450012,-101.850006,5594.000000
55950.000000,-0.467773,0.047363,0.897949,5595.000000,0.373840,0.286102,-0.535965,5595.000000,18.149963,-24.750000,-102.750000,5595.000000
55960.000000,-0.465332,0.054199,0.886230,5596.000000,-0.354767,0.591278,0.070572,5596.000000,18.149963,-27.150009,-101.550003,5596.000000
55970.000000,-0.454590,0.037109,0.886719,5597.000000,0.312805,0.835419,-0.169754,5597.000000,19.349960,-27.150009,-101.550003,5597.000000
55980.000000,-0.471191,0.050293,0.905761,5598.000000,-0.110626,0.347137,-0.169754,5598.000000,17.849960,-26.700012,-101.100006,5598.000000
55990.000000,-0.461914,0.053711,0.884277,5599.000000,-0.232697,0.469208,0.497818,5599.000000,17.849960,-27.150009,-102.600006,5599.000000
56000.000000,-0.450195,0.052246,0.893066,5600.000000,-0.171661,0.408173,0.009537,5600.000000,19.349960,-27.150009,-102.600006,5600.000000
56010.000000,-0.457519,0.039062,0.897949,5601.000000,0.495911,0.530243,0.497818,5601.000000,16.949966,-24.450012,-102.150009,5601.000000
56020.000000,-0.450195,0.055176,0.895508,5602.000000,0.617981,0.286102,0.680923,5602.000000,18.449966,-25.050003,-104.100006,5602.000000
56030.000000,-0.468750,0.054199,0.901855,5603.000000,0.495911,-0.015259,0.558853,5603.000000,18.449966,-24.750000,-104.100006,5603.000000
56040.000000,-0.464844,0.050781,0.908203,5604.000000,-0.049591,-0.442505,-0.108719,5604.000000,18.449966,-27.300003,-102.750000,5604.000000
56050.000000,-0.455078,0.055664,0.904785,5605.000000,-0.110626,0.347137,0.253677,5605.000000,18.899963,-27.300003,-102.750000,5605.000000
56060.000000,-0.452637,0.055176,0.897949,5606.000000,-0.171661,-0.381470,0.436783,5606.000000,17.999954,-25.650009,-101.100006,5606.000000
56070.000000,-0.455078,0.043457,0.886230,5607.000000,0.068665,0.041962,0.558853,5607.000000,18.449966,-26.550003,-101.700012,5607.000000
56080.000000,-0.441406,0.043457,0.892578,5608.000000,-0.171661,-0.198364,0.070572,5608.000000,18.449966,-25.500000,-102.450012,5608.000000
56090.000000,-0.451660,0.053711,0.880371,5609.000000,0.495911,-0.076294,0.314713,5609.000000,17.249954,-25.500000,-102.450012,5609.000000
56100.000000,-0.454590,0.052246,0.897949,5610.000000,0.434875,-0.320435,0.253677,5610.000000,17.849960,-25.500000,-101.250000,5610.000000
56110.000000,-0.444824,0.052246,0.900390,5611.000000,0.434875,0.164032,0.192642,5611.000000,17.849960,-25.200012,-103.200012,5611.000000
56120.000000,-0.456055,0.052246,0.907715,5612.000000,0.740051,-0.015259,0.070572,5612.000000,18.449966,-25.200012,-103.200012,5612.000000
56130.000000,-0.435547,0.050293,0.890625,5613.000000,-0.232697,-0.015259,-0.169754,5613.000000,18.749954,-24.300003,-104.100006,5613.000000
56140.000000,-0.446289,0.052246,0.896484,5614.000000,-0.415802,-0.015259,-0.169754,5614.000000,18.749954,-25.800003,-103.050003,5614.000000
56150.000000,-0.438965,0.062012,0.886719,5615.000000,-0.476837,0.713348,-0.413895,5615.000000,19.049957,-25.800003,-103.050003,5615.000000
56160.000000,-0.446289,0.050781,0.895508,5616.000000,-0.171661,0.408173,0.009537,5616.000000,16.649963,-26.550003,-102.000000,5616.000000
56170.000000,-0.457519,0.062988,0.895508,5617.000000,-0.049591,-0.015259,0.131607,5617.000000,16.649963,-26.550003,-100.650009,5617.000000
56180.000000,-0.453125,0.050293,0.894043,5618.000000,-0.171661,0.225067,-0.413895,5618.000000,17.999954,-26.550003,-100.650009,5618.000000
56190.000000,-0.455078,0.055176,0.896484,5619.000000,0.007629,0.530243,0.314713,5619.000000,18.599960,-27.300003,-102.450012,5619.000000
56200.000000,-0.458496,0.042969,0.892090,5620.000000,0.617981,0.347137,0.558853,5620.000000,18.599960,-25.200012,-102.600006,5620.000000
56210.000000,-0.455566,0.048340,0.906738,5621.000000,0.373840,-0.564575,-0.047684,5621.000000,19.349960,-25.200012,-102.600006,5621.000000
56220.000000,-0.442871,0.056152,0.895508,5622.000000,0.312805,-0.076294,0.070572,5622.000000,19.049957,-25.650009,-101.850006,5622.000000
56230.000000,-0.452637,0.048340,0.884277,5623.000000,-0.049591,-0.381470,0.314713,5623.000000,19.649963,-25.800003,-100.950012,5623.000000
56240.000000,-0.441406,0.050293,0.893554,5624.000000,0.007629,-0.076294,0.192642,5624.000000,19.649963,-26.700012,-103.200012,5624.000000
56250.000000,-0.458496,0.047852,0.894043,5625.000000,-0.049591,0.102997,0.375748,5625.000000,18.749954,-26.700012,-103.200012,5625.000000
56260.000000,-0.465332,0.051758,0.898926,5626.000000,0.068665,-0.015259,0.131607,5626.000000,18.899963,-27.000000,-102.000000,5626.000000
56270.000000,-0.457519,0.054199,0.892090,5627.000000,0.251770,0.225067,0.131607,5627.000000,18.899963,-24.900009,-101.550003,5627.000000
56280.000000,-0.450195,0.052246,0.899902,5628.000000,0.007629,0.347137,0.375748,5628.000000,18.599960,-24.900009,-101.550003,5628.000000
56290.000000,-0.446289,0.041016,0.890625,5629.000000,-0.049591,0.164032,0.192642,5629.000000,18.749954,-26.400009,-102.150009,5629.000000
56300.000000,-0.463379,0.039551,0.882324,5630.000000,0.434875,0.530243,0.253677,5630.000000,18.749954,-25.800003,-103.050003,5630.000000
56310.000000,-0.459961,0.058105,0.892090,5631.000000,0.068665,0.286102,0.314713,5631.000000,18.899963,-25.800003,-103.050003,5631.000000
56320.000000,-0.447754,0.055176,0.892578,5632.000000,0.007629,0.286102,0.253677,5632.000000,19.049957,-25.950012,-103.200012,5632.000000
56330.000000,-0.459961,0.052734,0.886230,5633.000000,0.129700,-0.015259,0.253677,5633.000000,18.599960,-24.750000,-103.050003,5633.000000
56340.000000,-0.462891,0.062012,0.889648,5634.000000,0.129700,0.041962,0.314713,5634.000000,18.149963,-25.650009,-100.500000,5634.000000
56350.000000,-0.463379,0.051270,0.894531,5635.000000,0.068665,0.225067,0.192642,5635.000000,18.149963,-25.200012,-102.150009,5635.000000
56360.000000,-0.450195,0.048828,0.903808,5636.000000,-0.659943,0.347137,0.070572,5636.000000,19.799957,-25.200012,-102.150009,5636.000000
56370.000000,-0.455078,0.054687,0.889648,5637.000000,-0.415802,0.286102,0.497818,5637.000000,18.449966,-25.500000,-101.250000,5637.000000
56380.000000,-0.458496,0.041016,0.898437,5638.000000,-0.232697,0.102997,0.558853,5638.000000,18.149963,-25.050003,-102.750000,5638.000000
56390.000000,-0.461914,0.056152,0.909179,5639.000000,-0.354767,0.102997,0.619888,5639.000000,18.149963,-24.900009,-102.600006,5639.000000
56400.000000,-0.462891,0.045410,0.887207,5640.000000,0.251770,0.225067,0.253677,5640.000000,17.999954,-24.900009,-102.600006,5640.000000
56410.000000,-0.466797,0.050781,0.897461,5641.000000,0.129700,0.591278,-0.108719,5641.000000,18.449966,-25.500000,-102.450012,5641.000000
56420.000000,-0.451172,0.066895,0.902832,5642.000000,-0.049591,0.164032,0.314713,5642.000000,18.449966,-27.000000,-102.450012,5642.000000
56430.000000,-0.442871,0.052246,0.895996,5643.000000,-0.232697,0.530243,0.192642,5643.000000,18.149963,-27.000000,-102.450012,5643.000000
56440.000000,-0.454590,0.044922,0.892578,5644.000000,0.373840,-0.198364,0.375748,5644.000000,18.449966,-24.900009,-102.900009,5644.000000
56450.000000,-0.439941,0.046875,0.896484,5645.000000,-0.049591,0.164032,0.253677,5645.000000,18.449966,-25.500000,-100.950012,5645.000000
56460.000000,-0.449219,0.044922,0.887695,5646.000000,0.679016,-0.137329,0.680923,5646.000000,16.649963,-25.500000,-100.950012,5646.000000
56470.000000,-0.454590,0.044922,0.883301,5647.000000,0.495911,0.225067,-0.047684,5647.000000,19.349960,-25.500000,-102.000000,5647.000000
56480.000000,-0.457519,0.059570,0.895019,5648.000000,0.068665,-0.320435,0.131607,5648.000000,19.349960,-26.400009,-101.850006,5648.000000
56490.000000,-0.463867,0.055664,0.902832,5649.000000,0.495911,0.408173,-0.658035,5649.000000,17.999954,-26.400009,-101.850006,5649.000000
56500.000000,-0.466308,0.048828,0.892578,5650.000000,0.068665,0.102997,-0.108719,5650.000000,17.849960,-26.550003,-103.800003,5650.000000
56510.000000,-0.460449,0.051270,0.913086,5651.000000,0.068665,-0.015259,-0.047684,5651.000000,17.849960,-27.150009,-102.150009,5651.000000
56520.000000,-0.448730,0.050781,0.881347,5652.000000,-0.659943,0.225067,0.375748,5652.000000,17.549957,-27.150009,-102.150009,5652.000000
56530.000000,-0.445312,0.037598,0.892578,5653.000000,0.068665,0.164032,-0.291824,5653.000000,18.749954,-26.400009,-101.550003,5653.000000
56540.000000,-0.455078,0.048828,0.882812,5654.000000,-0.415802,0.041962,0.070572,5654.000000,19.499954,-25.500000,-103.500000,5654.000000
56550.000000,-0.454101,0.051270,0.900879,5655.000000,0.190735,-0.381470,-0.169754,5655.000000,19.499954,-25.800003,-102.750000,5655.000000
56560.000000,-0.463379,0.042480,0.897461,5656.000000,-0.293732,0.164032,0.192642,5656.000000,19.649963,-25.800003,-102.750000,5656.000000
56570.000000,-0.450683,0.062500,0.899902,5657.000000,0.129700,0.286102,0.497818,5657.000000,19.049957,-26.400009,-101.850006,5657.000000
56580.000000,-0.438965,0.047852,0.909179,5658.000000,-0.110626,0.469208,-0.169754,5658.000000,19.049957,-24.750000,-102.750000,5658.000000
56590.000000,-0.459961,0.041016,0.902832,5659.000000,0.007629,0.102997,-0.169754,5659.000000,17.999954,-24.750000,-102.750000,5659.000000
56600.000000,-0.445312,0.047363,0.900879,5660.000000,0.434875,0.530243,0.253677,5660.000000,18.749954,-25.800003,-103.050003,5660.000000
56610.000000,-0.441406,0.059082,0.895019,5661.000000,0.556946,0.225067,-0.535965,5661.000000,18.749954,-25.800003,-102.750000,5661.000000
56620.000000,-0.456055,0.056152,0.900879,5662.000000,-0.232697,0.469208,0.375748,5662.000000,18.899963,-25.800003,-102.750000,5662.000000
56630.000000,-0.459961,0.047363,0.896484,5663.000000,-0.476837,0.347137,0.131607,5663.000000,18.899963,-25.950012,-102.150009,5663.000000
56640.000000,-0.459473,0.038086,0.896484,5664.000000,-0.293732,0.225067,0.925064,5664.000000,18.599960,-25.950012,-102.150009,5664.000000
56650.000000,-0.448242,0.050293,0.894531,5665.000000,0.007629,0.286102,0.253677,5665.000000,17.099960,-26.400009,-101.850006,5665.000000
56660.000000,-0.460937,0.044434,0.899902,5666.000000,-0.476837,0.347137,-0.047684,5666.000000,17.099960,-26.400009,-102.600006,5666.000000
56670.000000,-0.438476,0.043945,0.899902,5667.000000,-0.293732,0.164032,-0.047684,5667.000000,18.749954,-26.400009,-102.600006,5667.000000
56680.000000,-0.455078,0.066895,0.900879,5668.000000,0.190735,0.469208,0.558853,5668.000000,18.899963,-27.000000,-102.450012,5668.000000
56690.000000,-0.455566,0.042969,0.886230,5669.000000,0.251770,0.408173,0.070572,5669.000000,17.249954,-25.950012,-102.900009,5669.000000
56700.000000,-0.448730,0.048340,0.894531,5670.000000,0.190735,-0.137329,0.009537,5670.000000,17.249954,-26.250000,-102.450012,5670.000000
56710.000000,-0.462891,0.043457,0.895508,5671.000000,-0.293732,0.469208,0.253677,5671.000000,17.849960,-26.250000,-102.450012,5671.000000
56720.000000,-0.468262,0.049316,0.889648,5672.000000,-0.659943,0.591278,-0.474930,5672.000000,19.049957,-25.200012,-102.600006,5672.000000
56730.000000,-0.455078,0.057617,0.894531,5673.000000,-0.659943,-0.015259,0.192642,5673.000000,19.049957,-25.500000,-103.500000,5673.000000
56740.000000,-0.459961,0.050293,0.897461,5674.000000,0.190735,0.286102,0.314713,5674.000000,17.849960,-25.500000,-103.500000,5674.000000
56750.000000,-0.450683,0.048340,0.904297,5675.000000,0.312805,0.164032,0.131607,5675.000000,18.599960,-25.950012,-102.600006,5675.000000
56760.000000,-0.460449,0.066895,0.902344,5676.000000,-0.049591,-0.015259,0.253677,5676.000000,18.599960,-26.700012,-102.900009,5676.000000
56770.000000,-0.458008,0.062988,0.889160,5677.000000,-0.354767,0.041962,0.131607,5677.000000,19.049957,-26.700012,-102.900009,5677.000000
56780.000000,-0.454101,0.041504,0.888183,5678.000000,-0.232697,0.164032,0.070572,5678.000000,18.599960,-25.500000,-103.050003,5678.000000
56790.000000,-0.459961,0.049805,0.890625,5679.000000,-0.598907,0.347137,0.375748,5679.000000,18.599960,-26.400009,-102.150009,5679.000000
56800.000000,-0.456543,0.060547,0.901855,5680.000000,0.740051,0.164032,0.192642,5680.000000,18.749954,-26.400009,-102.150009,5680.000000
56810.000000,-0.450683,0.055664,0.895996,5681.000000,0.068665,0.041962,0.497818,5681.000000,18.599960,-25.800003,-102.750000,5681.000000
56820.000000,-0.451660,0.055664,0.893554,5682.000000,0.679016,-0.259399,0.558853,5682.000000,18.599960,-26.700012,-102.600006,5682.000000
56830.000000,-0.451172,0.053711,0.907715,5683.000000,0.434875,-0.198364,0.192642,5683.000000,18.899963,-26.700012,-102.600006,5683.000000
56840.000000,-0.454590,0.040039,0.906250,5684.000000,0.373840,-0.198364,0.070572,5684.000000,17.699966,-25.650009,-102.150009,5684.000000
56850.000000,-0.454101,0.053223,0.895019,5685.000000,0.007629,-0.564575,0.619888,5685.000000,18.899963,-25.800003,-102.450012,5685.000000
56860.000000,-0.457519,0.060059,0.891113,5686.000000,-0.049591,-0.320435,0.192642,5686.000000,18.899963,-26.700012,-101.100006,5686.000000
56870.000000,-0.449219,0.047363,0.880371,5687.000000,-0.720978,0.041962,0.131607,5687.000000,17.999954,-26.700012,-101.100006,5687.000000
56880.000000,-0.444824,0.047852,0.898437,5688.000000,-0.476837,-0.381470,0.192642,5688.000000,17.849960,-25.050003,-102.000000,5688.000000
56890.000000,-0.450683,0.048828,0.891113,5689.000000,-0.598907,-0.320435,0.619888,5689.000000,17.849960,-24.900009,-102.600006,5689.000000
56900.000000,-0.440918,0.042969,0.900390,5690.000000,-0.049591,0.530243,0.558853,5690.000000,18.749954,-24.900009,-102.600006,5690.000000
56910.000000,-0.449219,0.037598,0.891601,5691.000000,0.312805,0.225067,0.131607,5691.000000,18.449966,-25.500000,-102.450012,5691.000000
56920.000000,-0.448730,0.045898,0.892090,5692.000000,0.312805,-0.076294,0.009537,5692.000000,17.699966,-27.000000,-102.000000,5692.000000
56930.000000,-0.439453,0.046875,0.894531,5693.000000,0.251770,0.408173,0.070572,5693.000000,18.449966,-27.300003,-102.450012,5693.000000
56940.000000,-0.453613,0.051758,0.894531,5694.000000,0.129700,-0.076294,0.131607,5694.000000,18.449966,-25.800003,-102.750000,5694.000000
56950.000000,-0.442871,0.041504,0.887207,5695.000000,-0.110626,-0.015259,0.314713,5695.000000,18.599960,-25.800003,-102.750000,5695.000000
56960.000000,-0.452637,0.041504,0.913574,5696.000000,0.007629,0.041962,-0.108719,5696.000000,18.599960,-25.650009,-101.850006,5696.000000
56970.000000,-0.453125,0.047363,0.896484,5697.000000,-0.049591,0.652313,0.192642,5697.000000,18.599960,-26.400009,-101.850006,5697.000000
56980.000000,-0.452637,0.054687,0.900390,5698.000000,0.190735,0.041962,0.558853,5698.000000,18.149963,-26.400009,-101.850006,5698.000000
56990.000000,-0.462891,0.049316,0.891601,5699.000000,0.679016,0.591278,-0.230789,5699.000000,19.049957,-24.900009,-102.600006,5699.000000
57000.000000,-0.454101,0.059570,0.904297,5700.000000,0.862122,0.164032,0.131607,5700.000000,18.749954,-27.000000,-100.950012,5700.000000
57010.000000,-0.461914,0.063965,0.897461,5701.000000,0.617981,-0.869751,0.558853,5701.000000,18.749954,-25.050003,-101.700012,5701.000000
57020.000000,-0.447754,0.036133,0.895019,5702.000000,0.068665,-0.015259,0.558853,5702.000000,18.149963,-25.050003,-101.700012,5702.000000
57030.000000,-0.453125,0.043457,0.899902,5703.000000,0.068665,-0.137329,0.619888,5703.000000,18.599960,-25.200012,-103.650009,5703.000000
57040.000000,-0.442871,0.053223,0.889160,5704.000000,-0.354767,-0.320435,0.253677,5704.000000,18.599960,-25.650009,-100.800003,5704.000000
57050.000000,-0.443359,0.043945,0.883301,5705.000000,-0.354767,-0.198364,-0.780106,5705.000000,19.499954,-25.650009,-100.800003,5705.000000
57060.000000,-0.438476,0.056641,0.898926,5706.000000,0.373840,0.347137,-0.108719,5706.000000,17.699966,-26.550003,-100.950012,5706.000000
57070.000000,-0.454590,0.044922,0.905273,5707.000000,0.190735,0.286102,-0.474930,5707.000000,17.699966,-24.000000,-102.450012,5707.000000
57080.000000,-0.453613,0.041016,0.889160,5708.000000,0.740051,-0.076294,0.314713,5708.000000,18.749954,-24.000000,-102.450012,5708.000000
57090.000000,-0.452637,0.050293,0.900879,5709.000000,0.679016,0.591278,0.314713,5709.000000,18.899963,-26.250000,-102.450012,5709.000000
57100.000000,-0.462891,0.051270,0.902344,5710.000000,0.434875,0.347137,-0.230789,5710.000000,18.899963,-26.400009,-101.850006,5710.000000
57110.000000,-0.460449,0.045898,0.899414,5711.000000,0.190735,0.469208,0.253677,5711.000000,17.999954,-26.400009,-101.850006,5711.000000
57120.000000,-0.442383,0.051758,0.902344,5712.000000,-0.293732,0.041962,0.131607,5712.000000,17.549957,-26.550003,-103.500000,5712.000000
57130.000000,-0.455078,0.050781,0.898926,5713.000000,0.007629,-0.076294,0.070572,5713.000000,17.549957,-25.650009,-102.600006,5713.000000
57140.000000,-0.448730,0.056152,0.908203,5714.000000,-0.171661,0.530243,0.070572,5714.000000,18.899963,-25.650009,-102.600006,5714.000000
57150.000000,-0.456543,0.044922,0.889648,5715.000000,0.129700,0.652313,0.009537,5715.000000,18.899963,-27.150009,-102.600006,5715.000000
57160.000000,-0.443848,0.051758,0.894043,5716.000000,0.312805,0.041962,0.131607,5716.000000,19.049957,-26.400009,-102.600006,5716.000000
57170.000000,-0.454590,0.047363,0.897461,5717.000000,0.373840,0.102997,-0.047684,5717.000000,19.049957,-25.800003,-101.700012,5717.000000
57180.000000,-0.440918,0.039551,0.907715,5718.000000,0.740051,0.102997,0.131607,5718.000000,18.149963,-25.800003,-101.700012,5718.000000
57190.000000,-0.451172,0.048828,0.895508,5719.000000,0.679016,0.164032,-0.169754,5719.000000,17.849960,-27.900009,-102.150009,5719.000000
57200.000000,-0.458984,0.043945,0.892090,5720.000000,0.007629,0.225067,0.314713,5720.000000,17.849960,-25.950012,-102.600006,5720.000000
57210.000000,-0.447266,0.046875,0.898926,5721.000000,-0.171661,-0.076294,0.009537,5721.000000,19.499954,-25.950012,-102.600006,5721.000000
57220.000000,-0.453125,0.035156,0.894043,5722.000000,0.068665,0.347137,-0.291824,5722.000000,17.699966,-27.300003,-102.000000,5722.000000
57230.000000,-0.455566,0.043945,0.891601,5723.000000,-0.293732,-0.015259,0.070572,5723.000000,19.049957,-24.750000,-102.750000,5723.000000
57240.000000,-0.456543,0.041016,0.891601,5724.000000,-0.171661,0.408173,0.436783,5724.000000,16.949966,-27.750000,-101.700012,5724.000000
57250.000000,-0.458984,0.052246,0.885254,5725.000000,-0.354767,0.408173,0.680923,5725.000000,16.949966,-25.800003,-103.050003,5725.000000
57260.000000,-0.446289,0.055664,0.882324,5726.000000,0.129700,-0.076294,0.131607,5726.000000,18.449966,-25.800003,-103.050003,5726.000000
57270.000000,-0.447266,0.064453,0.906738,5727.000000,-0.354767,-0.076294,0.009537,5727.000000,16.949966,-25.500000,-102.750000,5727.000000
57280.000000,-0.445801,0.051758,0.895019,5728.000000,0.556946,0.164032,0.070572,5728.000000,16.949966,-26.550003,-103.500000,5728.000000
57290.000000,-0.451660,0.049316,0.887695,5729.000000,0.068665,0.347137,0.131607,5729.000000,18.149963,-26.550003,-103.500000,5729.000000
57300.000000,-0.446777,0.048340,0.899902,5730.000000,0.312805,0.164032,0.009537,5730.000000,17.999954,-25.950012,-102.150009,5730.000000
57310.000000,-0.445312,0.034180,0.913086,5731.000000,0.434875,0.652313,0.070572,5731.000000,18.149963,-25.500000,-103.050003,5731.000000
57320.000000,-0.458496,0.039551,0.897949,5732.000000,0.556946,0.041962,0.436783,5732.000000,18.149963,-26.400009,-101.550003,5732.000000
57330.000000,-0.456055,0.058594,0.885742,5733.000000,0.190735,0.164032,0.009537,5733.000000,18.599960,-26.400009,-101.550003,5733.000000
57340.000000,-0.454101,0.051270,0.896972,5734.000000,-0.232697,0.164032,-0.230789,5734.000000,18.449966,-25.650009,-102.900009,5734.000000
57350.000000,-0.457519,0.059082,0.906250,5735.000000,0.007629,0.225067,-0.474930,5735.000000,18.449966,-25.500000,-103.800003,5735.000000
57360.000000,-0.443359,0.042969,0.888183,5736.000000,0.007629,0.469208,0.253677,5736.000000,19.949966,-25.500000,-103.800003,5736.000000
57370.000000,-0.466308,0.053711,0.902832,5737.000000,0.679016,-0.076294,-0.047684,5737.000000,18.599960,-25.950012,-101.850006,5737.000000
57380.000000,-0.445312,0.051758,0.893066,5738.000000,0.434875,0.469208,0.131607,5738.000000,18.599960,-24.450012,-103.650009,5738.000000
57390.000000,-0.444824,0.049316,0.899902,5739.000000,0.434875,-0.320435,0.253677,5739.000000,18.449966,-24.450012,-103.650009,5739.000000
57400.000000,-0.447754,0.053223,0.898437,5740.000000,0.251770,0.530243,0.009537,5740.000000,18.599960,-26.550003,-103.500000,5740.000000
57410.000000,-0.440918,0.052246,0.901855,5741.000000,0.007629,0.164032,0.070572,5741.000000,18.599960,-25.950012,-102.150009,5741.000000
57420.000000,-0.459473,0.049316,0.894531,5742.000000,0.373840,-0.076294,0.436783,5742.000000,18.149963,-25.950012,-102.150009,5742.000000
57430.000000,-0.457031,0.036621,0.886230,5743.000000,0.007629,0.530243,0.314713,5743.000000,17.999954,-25.650009,-102.600006,5743.000000
57440.000000,-0.456543,0.059570,0.890136,5744.000000,-0.171661,0.286102,0.864029,5744.000000,17.999954,-26.550003,-101.700012,5744.000000
57450.000000,-0.455566,0.053223,0.885254,5745.000000,0.068665,0.530243,0.314713,5745.000000,18.149963,-26.550003,-101.700012,5745.000000
57460.000000,-0.459961,0.046875,0.895996,5746.000000,-0.537872,-0.076294,0.192642,5746.000000,17.999954,-24.900009,-101.550003,5746.000000
57470.000000,-0.452637,0.054199,0.894531,5747.000000,0.312805,-0.015259,0.192642,5747.000000,18.449966,-25.800003,-101.700012,5747.000000
57480.000000,-0.445312,0.046387,0.889648,5748.000000,0.495911,-0.137329,-0.047684,5748.000000,18.449966,-26.250000,-102.000000,5748.000000
57490.000000,-0.458984,0.066406,0.905273,5749.000000,-0.782013,0.164032,0.253677,5749.000000,18.749954,-26.250000,-102.000000,5749.000000
57500.000000,-0.453613,0.059570,0.887207,5750.000000,-0.354767,0.286102,0.070572,5750.000000,18.899963,-24.750000,-103.050003,5750.000000
57510.000000,-0.446289,0.051270,0.897461,5751.000000,0.129700,-0.015259,-0.108719,5751.000000,18.899963,-26.400009,-101.550003,5751.000000
57520.000000,-0.468750,0.047363,0.895508,5752.000000,0.068665,0.774384,0.192642,5752.000000,18.149963,-26.400009,-101.550003,5752.000000
57530.000000,-0.449707,0.047852,0.892578,5753.000000,0.251770,0.469208,-0.780106,5753.000000,18.149963,-27.150009,-101.850006,5753.000000
57540.000000,-0.458496,0.054687,0.895019,5754.000000,-0.049591,0.835419,0.192642,5754.000000,17.999954,-27.150009,-101.850006,5754.000000
57550.000000,-0.463867,0.052246,0.897461,5755.000000,-0.110626,0.408173,0.314713,5755.000000,18.899963,-25.500000,-103.800003,5755.000000
57560.000000,-0.451172,0.050293,0.900390,5756.000000,0.129700,0.530243,0.253677,5756.000000,18.899963,-25.650009,-103.200012,5756.000000
57570.000000,-0.440430,0.046875,0.897949,5757.000000,-0.110626,-0.015259,0.131607,5757.000000,17.849960,-25.650009,-103.200012,5757.000000
57580.000000,-0.464844,0.045898,0.888672,5758.000000,-0.110626,0.164032,0.192642,5758.000000,18.449966,-25.200012,-102.150009,5758.000000
57590.000000,-0.449219,0.057617,0.901367,5759.000000,-0.110626,0.164032,-0.230789,5759.000000,18.449966,-25.050003,-102.000000,5759.000000
57600.000000,-0.449219,0.050781,0.898926,5760.000000,-0.232697,-0.381470,0.436783,5760.000000,17.999954,-25.050003,-102.000000,5760.000000
57610.000000,-0.454101,0.033691,0.911133,5761.000000,-0.049591,-0.259399,0.253677,5761.000000,18.149963,-25.800003,-103.800003,5761.000000
57620.000000,-0.449707,0.055664,0.904785,5762.000000,0.190735,-0.381470,0.253677,5762.000000,17.849960,-24.450012,-101.850006,5762.000000
57630.000000,-0.464844,0.048340,0.889160,5763.000000,0.556946,0.286102,0.192642,5763.000000,17.849960,-26.400009,-103.200012,5763.000000
57640.000000,-0.459473,0.053223,0.900390,5764.000000,0.190735,-0.259399,0.009537,5764.000000,17.999954,-26.400009,-103.200012,5764.000000
57650.000000,-0.451172,0.043945,0.902832,5765.000000,0.312805,-0.320435,-0.352859,5765.000000,18.599960,-24.750000,-102.450012,5765.000000
57660.000000,-0.458008,0.037598,0.899902,5766.000000,0.373840,0.286102,0.192642,5766.000000,18.599960,-24.900009,-101.850006,5766.000000
57670.000000,-0.443359,0.051758,0.884765,5767.000000,0.434875,0.591278,0.741959,5767.000000,19.649963,-24.900009,-101.850006,5767.000000
57680.000000,-0.458008,0.046387,0.894531,5768.000000,0.068665,0.408173,0.558853,5768.000000,17.699966,-26.400009,-102.150009,5768.000000
57690.000000,-0.456543,0.060547,0.899902,5769.000000,0.190735,0.408173,-0.230789,5769.000000,17.699966,-25.050003,-104.100006,5769.000000
57700.000000,-0.444336,0.046875,0.909668,5770.000000,0.007629,0.041962,0.009537,5770.000000,19.499954,-25.050003,-104.100006,5770.000000
57710.000000,-0.461426,0.049316,0.899414,5771.000000,0.312805,-0.076294,-0.047684,5771.000000,17.999954,-25.800003,-102.450012,5771.000000
57720.000000,-0.464844,0.055664,0.904785,5772.000000,0.007629,0.225067,0.558853,5772.000000,17.999954,-24.750000,-103.500000,5772.000000
57730.000000,-0.458008,0.054687,0.898926,5773.000000,-0.049591,0.041962,0.375748,5773.000000,18.449966,-24.750000,-103.500000,5773.000000
57740.000000,-0.462402,0.049316,0.887207,5774.000000,-0.171661,0.102997,0.131607,5774.000000,18.149963,-26.250000,-104.100006,5774.000000
57750.000000,-0.457519,0.046875,0.899414,5775.000000,0.556946,-0.076294,0.436783,5775.000000,18.149963,-25.200012,-100.800003,5775.000000
57760.000000,-0.463379,0.043945,0.905761,5776.000000,-0.110626,-0.320435,0.436783,5776.000000,16.649963,-25.200012,-100.800003,5776.000000
57770.000000,-0.444824,0.058594,0.909668,5777.000000,0.373840,-0.503540,0.375748,5777.000000,16.349960,-25.500000,-100.650009,5777.000000
57780.000000,-0.448730,0.048340,0.899414,5778.000000,0.801086,0.041962,0.314713,5778.000000,17.849960,-25.650009,-101.550003,5778.000000
57790.000000,-0.450195,0.054199,0.905273,5779.000000,0.617981,0.102997,0.192642,5779.000000,17.849960,-25.950012,-101.550003,5779.000000
57800.000000,-0.467285,0.053711,0.888183,5780.000000,0.740051,0.164032,-0.169754,5780.000000,18.899963,-25.950012,-101.550003,5780.000000
57810.000000,-0.453613,0.048340,0.895996,5781.000000,0.190735,0.469208,0.131607,5781.000000,18.749954,-25.200012,-103.950012,5781.000000
57820.000000,-0.453125,0.047363,0.899414,5782.000000,-0.171661,0.591278,0.436783,5782.000000,18.899963,-24.750000,-101.250000,5782.000000
57830.000000,-0.449219,0.062500,0.894531,5783.000000,0.190735,0.164032,-0.291824,5783.000000,17.849960,-27.150009,-102.900009,5783.000000
57840.000000,-0.458496,0.037109,0.892578,5784.000000,0.312805,-0.076294,0.192642,5784.000000,17.849960,-24.900009,-103.200012,5784.000000
57850.000000,-0.446777,0.037109,0.891113,5785.000000,0.007629,-0.137329,0.375748,5785.000000,19.499954,-24.900009,-103.200012,5785.000000
57860.000000,-0.455078,0.044434,0.900390,5786.000000,-0.110626,0.225067,-0.108719,5786.000000,19.049957,-24.750000,-101.700012,5786.000000
57870.000000,-0.441406,0.041504,0.892090,5787.000000,-0.049591,0.286102,0.497818,5787.000000,19.049957,-25.500000,-102.450012,5787.000000
57880.000000,-0.464355,0.040527,0.897461,5788.000000,0.373840,0.713348,0.070572,5788.000000,17.999954,-25.500000,-102.450012,5788.000000
57890.000000,-0.456055,0.054199,0.892090,5789.000000,0.068665,0.102997,0.497818,5789.000000,17.549957,-27.000000,-101.700012,5789.000000
57900.000000,-0.460937,0.045410,0.895019,5790.000000,0.251770,0.286102,0.070572,5790.000000,17.549957,-25.650009,-102.150009,5790.000000
57910.000000,-0.461914,0.059570,0.898437,5791.000000,-0.598907,0.286102,0.070572,5791.000000,18.149963,-25.650009,-102.150009,5791.000000
57920.000000,-0.446777,0.041504,0.900879,5792.000000,-0.293732,0.164032,0.314713,5792.000000,16.649963,-25.200012,-102.600006,5792.000000
57930.000000,-0.455078,0.039551,0.891113,5793.000000,0.312805,0.591278,0.680923,5793.000000,18.149963,-25.050003,-103.050003,5793.000000
57940.000000,-0.456055,0.052246,0.900390,5794.000000,0.434875,0.102997,0.802994,5794.000000,18.149963,-25.650009,-100.800003,5794.000000
57950.000000,-0.454101,0.047852,0.898437,5795.000000,0.312805,-0.015259,0.375748,5795.000000,18.449966,-25.650009,-100.800003,5795.000000
57960.000000,-0.457519,0.037109,0.882812,5796.000000,0.434875,-0.442505,0.436783,5796.000000,17.999954,-25.500000,-100.950012,5796.000000
57970.000000,-0.465820,0.044434,0.888672,5797.000000,-0.049591,0.347137,0.375748,5797.000000,17.999954,-27.300003,-102.750000,5797.000000
57980.000000,-0.454101,0.066895,0.896484,5798.000000,0.312805,-0.686646,0.864029,5798.000000,18.149963,-27.300003,-102.750000,5798.000000
57990.000000,-0.461426,0.057129,0.876465,5799.000000,-0.110626,-0.320435,0.497818,5799.000000,18.749954,-26.400009,-102.600006,5799.000000
58000.000000,-0.449707,0.041992,0.888183,5800.000000,0.007629,-0.564575,0.192642,5800.000000,18.749954,-26.550003,-103.050003,5800.000000
58010.000000,-0.453125,0.054687,0.900390,5801.000000,1.167297,-0.198364,-0.169754,5801.000000,17.249954,-26.550003,-103.050003,5801.000000
58020.000000,-0.447266,0.040527,0.897949,5802.000000,0.373840,0.225067,-0.291824,5802.000000,17.999954,-25.800003,-102.000000,5802.000000
58030.000000,-0.449707,0.048340,0.889648,5803.000000,0.129700,0.041962,-0.413895,5803.000000,17.999954,-25.050003,-102.000000,5803.000000
58040.000000,-0.446777,0.041016,0.894531,5804.000000,0.679016,-0.198364,0.192642,5804.000000,18.899963,-25.050003,-102.000000,5804.000000
58050.000000,-0.450683,0.051758,0.908691,5805.000000,0.251770,-0.137329,0.314713,5805.000000,17.099960,-25.200012,-102.900009,5805.000000
58060.000000,-0.455078,0.043457,0.891113,5806.000000,0.251770,0.225067,-0.047684,5806.000000,17.099960,-24.900009,-102.900009,5806.000000
58070.000000,-0.453125,0.056152,0.898437,5807.000000,-0.110626,0.286102,0.070572,5807.000000,18.599960,-24.900009,-102.900009,5807.000000
58080.000000,-0.451172,0.054199,0.891113,5808.000000,-0.232697,1.262665,-0.108719,5808.000000,18.749954,-25.650009,-100.800003,5808.000000
58090.000000,-0.458496,0.048340,0.898437,5809.000000,0.190735,0.713348,0.070572,5809.000000,18.899963,-25.500000,-102.750000,5809.000000
58100.000000,-0.462891,0.041992,0.902832,5810.000000,-0.293732,0.041962,0.497818,5810.000000,18.899963,-25.650009,-102.150009,5810.000000
58110.000000,-0.458008,0.050293,0.910644,5811.000000,0.312805,0.225067,0.375748,5811.000000,18.149963,-25.650009,-102.150009,5811.000000
58120.000000,-0.455566,0.044922,0.901855,5812.000000,0.495911,0.164032,0.192642,5812.000000,18.599960,-23.850006,-102.600006,5812.000000
58130.000000,-0.443359,0.039551,0.907715,5813.000000,0.190735,-0.015259,0.436783,5813.000000,19.349960,-25.950012,-102.900009,5813.000000
58140.000000,-0.451172,0.034668,0.913574,5814.000000,0.089645,0.286102,0.192642,5814.000000,19.049957,-24.450012,-102.900009,5814.000000
58150.000000,-0.439941,0.049316,0.894531,5815.000000,0.089645,-0.360489,0.169754,5815.000000,19.049957,-24.750000,-102.450012,5815.000000
58160.000000,-0.454590,0.055664,0.896972,5816.000000,-0.333786,-0.055313,-0.436783,5816.000000,17.999954,-24.750000,-102.450012,5816.000000
58170.000000,-0.449707,0.050293,0.886719,5817.000000,-0.211716,0.001907,-0.314713,5817.000000,18.599960,-23.550003,-101.700012,5817.000000
58180.000000,-0.462402,0.054199,0.889160,5818.000000,0.333786,0.123978,-0.314713,5818.000000,18.599960,-25.950012,-101.550003,5818.000000
58190.000000,-0.457519,0.041504,0.894531,5819.000000,-0.028610,0.490189,-0.131607,5819.000000,18.599960,-25.950012,-101.550003,5819.000000
58200.000000,-0.457519,0.047852,0.895019,5820.000000,0.150681,0.123978,-0.131607,5820.000000,18.149963,-26.400009,-101.850006,5820.000000
58210.000000,-0.428223,0.052246,0.902832,5821.000000,-0.150681,-0.055313,-0.314713,5821.000000,18.149963,-27.900009,-102.600006,5821.000000
58220.000000,-0.459473,0.059082,0.899902,5822.000000,-0.028610,0.062943,-0.253677,5822.000000,17.849960,-27.900009,-102.600006,5822.000000
58230.000000,-0.458008,0.056641,0.916992,5823.000000,0.089645,0.246048,0.291824,5823.000000,18.899963,-27.150009,-103.200012,5823.000000
58240.000000,-0.454101,0.050781,0.895019,5824.000000,-0.089645,0.123978,0.169754,5824.000000,18.899963,-25.950012,-101.550003,5824.000000
58250.000000,-0.446289,0.055176,0.902832,5825.000000,0.089645,-0.055313,0.108719,5825.000000,18.899963,-26.700012,-101.550003,5825.000000
58260.000000,-0.453125,0.065918,0.890625,5826.000000,-0.333786,0.246048,0.352859,5826.000000,17.699966,-26.700012,-101.550003,5826.000000
58270.000000,-0.456543,0.043457,0.895996,5827.000000,-0.150681,-0.055313,0.108719,5827.000000,17.999954,-25.050003,-102.750000,5827.000000
58280.000000,-0.463379,0.040039,0.903808,5828.000000,-0.577927,0.368118,-0.070572,5828.000000,17.999954,-25.050003,-104.100006,5828.000000
58290.000000,-0.459961,0.043457,0.896972,5829.000000,0.211716,0.001907,-0.375748,5829.000000,18.749954,-25.050003,-104.100006,5829.000000
58300.000000,-0.459473,0.040039,0.895508,5830.000000,0.211716,0.307083,-0.131607,5830.000000,17.099960,-26.550003,-101.700012,5830.000000
58310.000000,-0.458496,0.044922,0.893066,5831.000000,-0.394821,0.246048,-0.253677,5831.000000,17.099960,-23.850006,-101.550003,5831.000000
58320.000000,-0.446777,0.044434,0.904785,5832.000000,0.333786,0.307083,-0.070572,5832.000000,19.649963,-23.850006,-101.550003,5832.000000
58330.000000,-0.446777,0.046875,0.896484,5833.000000,0.028610,0.185013,-0.009537,5833.000000,18.149963,-26.400009,-103.200012,5833.000000
58340.000000,-0.448242,0.044434,0.900879,5834.000000,0.211716,0.246048,0.291824,5834.000000,18.149963,-25.200012,-101.850006,5834.000000
58350.000000,-0.452148,0.048340,0.909668,5835.000000,-0.089645,1.100540,-0.131607,5835.000000,18.149963,-25.200012,-101.850006,5835.000000
58360.000000,-0.455078,0.051758,0.894531,5836.000000,-0.516891,0.551224,0.597000,5836.000000,20.249954,-27.450012,-102.150009,5836.000000
58370.000000,-0.445801,0.037109,0.888672,5837.000000,-0.089645,0.917435,0.474930,5837.000000,20.249954,-25.500000,-102.000000,5837.000000
58380.000000,-0.446777,0.052246,0.895508,5838.000000,0.089645,0.490189,0.108719,5838.000000,17.999954,-25.500000,-102.000000,5838.000000
58390.000000,-0.447266,0.029785,0.894531,5839.000000,0.394821,0.185013,-0.070572,5839.000000,19.499954,-24.300003,-102.750000,5839.000000
58400.000000,-0.463379,0.043457,0.895508,5840.000000,0.516891,0.246048,0.169754,5840.000000,19.049957,-26.250000,-102.450012,5840.000000
58410.000000,-0.445801,0.049805,0.900879,5841.000000,-0.150681,0.062943,-0.253677,5841.000000,19.049957,-25.050003,-103.050003,5841.000000
58420.000000,-0.457519,0.050781,0.896972,5842.000000,0.028610,0.062943,0.108719,5842.000000,20.849960,-25.050003,-103.050003,5842.000000
58430.000000,-0.447266,0.040527,0.903320,5843.000000,-0.516891,0.185013,0.230789,5843.000000,18.149963,-25.800003,-101.700012,5843.000000
58440.000000,-0.440430,0.051270,0.900390,5844.000000,0.150681,-0.360489,0.169754,5844.000000,18.149963,-24.450012,-103.950012,5844.000000
58450.000000,-0.453125,0.052734,0.890136,5845.000000,0.394821,0.490189,0.047684,5845.000000,18.599960,-24.450012,-103.950012,5845.000000
58460.000000,-0.450195,0.047852,0.889160,5846.000000,0.150681,0.185013,-0.253677,5846.000000,18.899963,-25.650009,-102.600006,5846.000000
58470.000000,-0.450195,0.047852,0.891113,5847.000000,0.211716,0.307083,-0.070572,5847.000000,18.899963,-25.200012,-102.900009,5847.000000
58480.000000,-0.462891,0.050293,0.892578,5848.000000,0.394821,0.246048,-0.070572,5848.000000,18.899963,-25.200012,-102.900009,5848.000000
58490.000000,-0.452148,0.047363,0.904785,5849.000000,0.638962,0.185013,-0.009537,5849.000000,18.599960,-24.900009,-101.850006,5849.000000
58500.000000,-0.458008,0.050293,0.898926,5850.000000,0.394821,-0.055313,-0.131607,5850.000000,18.599960,-25.650009,-102.150009,5850.000000
58510.000000,-0.441406,0.045410,0.896972,5851.000000,-0.394821,0.368118,-0.253677,5851.000000,17.849960,-25.650009,-102.150009,5851.000000
58520.000000,-0.456543,0.041504,0.892578,5852.000000,0.028610,0.368118,-0.497818,5852.000000,18.599960,-24.900009,-102.150009,5852.000000
58530.000000,-0.454101,0.039551,0.895019,5853.000000,0.028610,0.368118,-0.497818,5853.000000,18.599960,-24.450012,-101.550003,5853.000000
58540.000000,-0.458984,0.048828,0.909668,5854.000000,0.089645,-0.116348,-0.192642,5854.000000,18.899963,-24.450012,-101.550003,5854.000000
58550.000000,-0.456543,0.045410,0.901855,5855.000000,0.455856,0.062943,0.108719,5855.000000,17.999954,-25.650009,-103.650009,5855.000000
58560.000000,-0.467285,0.056152,0.886230,5856.000000,-0.089645,-0.543594,0.108719,5856.000000,19.649963,-25.500000,-101.700012,5856.000000
58570.000000,-0.452148,0.041016,0.898437,5857.000000,-0.516891,0.246048,-0.070572,5857.000000,18.449966,-25.650009,-101.850006,5857.000000
58580.000000,-0.452148,0.053223,0.898437,5858.000000,-0.089645,0.123978,0.352859,5858.000000,18.599960,-26.250000,-102.750000,5858.000000
58590.000000,-0.454101,0.052734,0.895508,5859.000000,0.455856,-0.421524,-0.070572,5859.000000,18.599960,-24.900009,-101.850006,5859.000000
58600.000000,-0.465332,0.062500,0.897461,5860.000000,-0.455856,0.185013,-0.192642,5860.000000,19.349960,-24.900009,-101.850006,5860.000000
58610.000000,-0.447754,0.045898,0.891113,5861.000000,0.333786,-0.055313,-0.131607,5861.000000,18.449966,-24.150009,-102.150009,5861.000000
58620.000000,-0.446777,0.042480,0.904297,5862.000000,0.089645,-0.238419,-0.497818,5862.000000,18.449966,-25.800003,-102.000000,5862.000000
58630.000000,-0.455566,0.044434,0.888672,5863.000000,0.028610,0.185013,-0.070572,5863.000000,19.049957,-25.800003,-102.000000,5863.000000
58640.000000,-0.452637,0.049805,0.902344,5864.000000,-0.089645,0.368118,-0.253677,5864.000000,19.499954,-25.050003,-102.450012,5864.000000
58650.000000,-0.463867,0.047852,0.892578,5865.000000,0.089645,0.551224,-0.009537,5865.000000,19.499954,-25.800003,-102.450012,5865.000000
58660.000000,-0.459961,0.049316,0.890136,5866.000000,0.272751,0.368118,0.474930,5866.000000,18.899963,-25.800003,-102.450012,5866.000000
58670.000000,-0.456055,0.053711,0.905273,5867.000000,0.333786,0.490189,-0.192642,5867.000000,19.649963,-26.700012,-102.900009,5867.000000
58680.000000,-0.444824,0.056641,0.912597,5868.000000,-0.028610,0.551224,0.230789,5868.000000,19.649963,-25.200012,-101.550003,5868.000000
58690.000000,-0.443359,0.051270,0.906738,5869.000000,-0.211716,0.307083,0.719070,5869.000000,18.899963,-25.200012,-101.550003,5869.000000
58700.000000,-0.447266,0.062500,0.900879,5870.000000,-0.394821,0.185013,0.474930,5870.000000,19.349960,-26.400009,-102.900009,5870.000000
58710.000000,-0.456543,0.051270,0.886230,5871.000000,-0.272751,0.062943,-0.192642,5871.000000,17.699966,-24.450012,-101.850006,5871.000000
58720.000000,-0.462402,0.063965,0.894531,5872.000000,-0.394821,0.429153,0.169754,5872.000000,17.699966,-26.250000,-103.500000,5872.000000
58730.000000,-0.445312,0.053223,0.893554,5873.000000,-0.516891,-0.116348,0.108719,5873.000000,17.249954,-26.250000,-103.500000,5873.000000
58740.000000,-0.447266,0.043457,0.904785,5874.000000,-0.455856,-0.299454,0.169754,5874.000000,18.599960,-26.250000,-102.750000,5874.000000
58750.000000,-0.450195,0.062012,0.892090,5875.000000,-0.577927,-0.116348,0.597000,5875.000000,18.599960,-26.400009,-102.150009,5875.000000
58760.000000,-0.450195,0.044434,0.891113,5876.000000,-0.272751,0.001907,0.047684,5876.000000,19.049957,-26.400009,-102.150009,5876.000000
58770.000000,-0.458496,0.053711,0.896972,5877.000000,0.028610,0.368118,-0.192642,5877.000000,17.999954,-25.800003,-103.500000,5877.000000
58780.000000,-0.463867,0.055176,0.904297,5878.000000,0.333786,0.001907,-0.192642,5878.000000,17.999954,-26.250000,-102.000000,5878.000000
58790.000000,-0.465332,0.040039,0.900879,5879.000000,0.333786,0.551224,0.047684,5879.000000,18.149963,-26.250000,-102.000000,5879.000000
58800.000000,-0.451660,0.041992,0.889160,5880.000000,0.272751,-0.116348,-0.375748,5880.000000,18.149963,-26.700012,-103.200012,5880.000000
58810.000000,-0.452637,0.043945,0.892090,5881.000000,0.150681,0.185013,-0.131607,5881.000000,18.149963,-26.700012,-103.950012,5881.000000
58820.000000,-0.451172,0.043945,0.883789,5882.000000,-0.028610,0.368118,0.108719,5882.000000,17.699966,-26.700012,-103.950012,5882.000000
58830.000000,-0.448242,0.038086,0.893066,5883.000000,-0.028610,-0.055313,-0.009537,5883.000000,17.849960,-24.750000,-100.950012,5883.000000
58840.000000,-0.460449,0.045898,0.884765,5884.000000,-0.089645,-0.238419,0.474930,5884.000000,17.849960,-25.950012,-102.150009,5884.000000
58850.000000,-0.458008,0.043457,0.905761,5885.000000,0.211716,-0.299454,0.108719,5885.000000,18.449966,-25.950012,-102.150009,5885.000000
58860.000000,-0.452148,0.047363,0.895996,5886.000000,0.333786,-0.482559,-0.253677,5886.000000,18.749954,-26.250000,-100.200012,5886.000000
58870.000000,-0.452637,0.059082,0.905761,5887.000000,0.883102,-0.055313,0.413895,5887.000000,17.849960,-25.800003,-102.450012,5887.000000
58880.000000,-0.467773,0.049316,0.895019,5888.000000,0.394821,-0.299454,0.535965,5888.000000,18.449966,-25.950012,-101.550003,5888.000000
58890.000000,-0.463379,0.055664,0.895996,5889.000000,-0.455856,-0.604630,-0.131607,5889.000000,19.349960,-27.300003,-101.250000,5889.000000
58900.000000,-0.452148,0.043945,0.883301,5890.000000,-0.272751,-0.360489,0.291824,5890.000000,19.349960,-25.950012,-102.150009,5890.000000
58910.000000,-0.460449,0.039062,0.891113,5891.000000,-0.577927,-0.116348,0.108719,5891.000000,17.999954,-25.950012,-102.150009,5891.000000
58920.000000,-0.462402,0.062012,0.876465,5892.000000,0.028610,0.001907,0.352859,5892.000000,18.749954,-27.300003,-102.750000,5892.000000
58930.000000,-0.456055,0.049805,0.893554,5893.000000,-0.455856,0.062943,-0.314713,5893.000000,18.749954,-26.250000,-103.800003,5893.000000
58940.000000,-0.445312,0.056641,0.899902,5894.000000,0.272751,-0.055313,-0.009537,5894.000000,18.749954,-26.250000,-103.800003,5894.000000
58950.000000,-0.448730,0.050293,0.896972,5895.000000,0.516891,0.246048,-0.253677,5895.000000,18.149963,-25.500000,-103.050003,5895.000000
58960.000000,-0.444824,0.049805,0.893554,5896.000000,0.028610,-0.116348,0.413895,5896.000000,18.149963,-28.200012,-102.150009,5896.000000
58970.000000,-0.452148,0.046875,0.902344,5897.000000,0.394821,-0.055313,-0.009537,5897.000000,18.599960,-28.200012,-102.150009,5897.000000
58980.000000,-0.458984,0.046875,0.895996,5898.000000,0.028610,0.246048,0.047684,5898.000000,17.699966,-25.950012,-100.800003,5898.000000
58990.000000,-0.452148,0.058105,0.904297,5899.000000,-0.516891,0.001907,0.169754,5899.000000,17.699966,-25.050003,-102.000000,5899.000000
59000.000000,-0.463867,0.046875,0.888183,5900.000000,-0.272751,0.551224,-0.375748,5900.000000,19.499954,-25.050003,-102.000000,5900.000000
59010.000000,-0.458984,0.054687,0.897461,5901.000000,-0.333786,0.612259,-0.070572,5901.000000,19.049957,-26.250000,-103.050003,5901.000000
59020.000000,-0.452148,0.037109,0.897461,5902.000000,0.211716,0.490189,0.474930,5902.000000,18.149963,-24.750000,-101.250000,5902.000000
59030.000000,-0.451172,0.043945,0.908203,5903.000000,-0.150681,-0.055313,-0.009537,5903.000000,18.149963,-25.200012,-102.900009,5903.000000
59040.000000,-0.456055,0.052246,0.890136,5904.000000,0.089645,0.368118,0.535965,5904.000000,20.399963,-25.200012,-102.900009,5904.000000
59050.000000,-0.442871,0.046875,0.901855,5905.000000,0.516891,0.123978,0.047684,5905.000000,17.699966,-25.650009,-100.800003,5905.000000
59060.000000,-0.461426,0.048828,0.904785,5906.000000,-0.089645,0.307083,0.291824,5906.000000,17.699966,-25.500000,-102.450012,5906.000000
59070.000000,-0.462402,0.044434,0.894531,5907.000000,-0.089645,0.062943,0.169754,5907.000000,17.249954,-25.500000,-102.450012,5907.000000
59080.000000,-0.460937,0.043945,0.909668,5908.000000,0.150681,0.185013,0.169754,5908.000000,17.999954,-26.550003,-102.000000,5908.000000
59090.000000,-0.467285,0.044434,0.905273,5909.000000,0.028610,0.551224,0.108719,5909.000000,17.999954,-25.050003,-102.750000,5909.000000
59100.000000,-0.459473,0.051270,0.895996,5910.000000,0.333786,0.001907,-0.131607,5910.000000,18.749954,-25.050003,-102.750000,5910.000000
59110.000000,-0.449707,0.041504,0.895996,5911.000000,0.150681,0.062943,-0.375748,5911.000000,18.899963,-25.050003,-101.700012,5911.000000
59120.000000,-0.454101,0.041992,0.902344,5912.000000,-0.089645,0.001907,-0.314713,5912.000000,18.899963,-26.700012,-102.150009,5912.000000
59130.000000,-0.443848,0.048340,0.894043,5913.000000,0.150681,0.123978,0.047684,5913.000000,18.599960,-26.700012,-102.150009,5913.000000
59140.000000,-0.448242,0.056152,0.893554,5914.000000,-0.455856,-0.055313,0.597000,5914.000000,18.599960,-25.650009,-103.650009,5914.000000
59150.000000,-0.458008,0.049316,0.895996,5915.000000,-0.272751,0.123978,0.413895,5915.000000,18.599960,-25.650009,-102.900009,5915.000000
59160.000000,-0.454590,0.049316,0.896484,5916.000000,-0.150681,-0.055313,0.047684,5916.000000,18.449966,-25.650009,-102.900009,5916.000000
59170.000000,-0.449219,0.045410,0.904297,5917.000000,0.089645,0.062943,0.169754,5917.000000,18.149963,-25.500000,-102.750000,5917.000000
59180.000000,-0.444336,0.045410,0.902344,5918.000000,0.089645,-0.482559,-0.070572,5918.000000,18.149963,-25.650009,-102.150009,5918.000000
59190.000000,-0.451660,0.053711,0.892090,5919.000000,0.211716,-0.055313,-0.436783,5919.000000,18.749954,-25.650009,-102.150009,5919.000000
59200.000000,-0.461914,0.049805,0.910644,5920.000000,0.211716,0.368118,0.047684,5920.000000,18.449966,-27.750000,-102.000000,5920.000000
59210.000000,-0.459473,0.042969,0.894531,5921.000000,-0.333786,0.001907,-0.070572,5921.000000,18.449966,-25.500000,-102.000000,5921.000000
59220.000000,-0.449707,0.054199,0.895019,5922.000000,-0.211716,0.062943,-0.558853,5922.000000,18.749954,-25.500000,-102.000000,5922.000000
59230.000000,-0.447754,0.051758,0.891113,5923.000000,-0.089645,0.001907,0.108719,5923.000000,18.749954,-27.300003,-102.450012,5923.000000
59240.000000,-0.450195,0.057129,0.890625,5924.000000,-0.211716,-0.055313,0.291824,5924.000000,18.749954,-25.500000,-102.000000,5924.000000
59250.000000,-0.457519,0.055176,0.909668,5925.000000,-0.028610,0.429153,0.230789,5925.000000,16.049957,-25.500000,-102.000000,5925.000000
59260.000000,-0.459961,0.047363,0.891601,5926.000000,-0.028610,0.246048,-0.070572,5926.000000,19.049957,-24.900009,-102.150009,5926.000000
59270.000000,-0.453613,0.054199,0.899902,5927.000000,-0.150681,-0.482559,-0.497818,5927.000000,19.049957,-26.250000,-101.700012,5927.000000
59280.000000,-0.456543,0.051270,0.882812,5928.000000,-0.211716,0.062943,-0.619888,5928.000000,18.749954,-26.250000,-101.700012,5928.000000
59290.000000,-0.447754,0.043457,0.907715,5929.000000,-0.150681,0.062943,0.108719,5929.000000,18.599960,-24.750000,-102.000000,5929.000000
59300.000000,-0.453125,0.043457,0.906250,5930.000000,-0.150681,0.368118,0.108719,5930.000000,18.599960,-25.650009,-102.150009,5930.000000
59310.000000,-0.450195,0.041992,0.897949,5931.000000,-0.333786,0.185013,-0.375748,5931.000000,19.049957,-25.650009,-102.150009,5931.000000
59320.000000,-0.452637,0.061523,0.900390,5932.000000,0.150681,-0.055313,0.413895,5932.000000,18.899963,-25.050003,-103.050003,5932.000000
59330.000000,-0.459473,0.053711,0.885254,5933.000000,-0.150681,-0.116348,0.413895,5933.000000,19.049957,-25.950012,-102.150009,5933.000000
59340.000000,-0.448730,0.046387,0.909668,5934.000000,0.394821,0.307083,0.291824,5934.000000,19.049957,-25.800003,-102.750000,5934.000000
59350.000000,-0.457031,0.049805,0.893554,5935.000000,-0.089645,0.307083,0.780106,5935.000000,18.899963,-25.800003,-102.750000,5935.000000
59360.000000,-0.462891,0.049805,0.898437,5936.000000,0.028610,0.062943,-0.314713,5936.000000,19.049957,-25.650009,-102.600006,5936.000000
59370.000000,-0.453125,0.037109,0.898926,5937.000000,0.211716,0.001907,-0.436783,5937.000000,19.049957,-26.250000,-102.000000,5937.000000
59380.000000,-0.452148,0.043945,0.896484,5938.000000,0.028610,0.185013,0.169754,5938.000000,17.549957,-26.250000,-102.000000,5938.000000
59390.000000,-0.454101,0.051270,0.887207,5939.000000,0.211716,0.246048,-0.070572,5939.000000,17.849960,-27.450012,-101.550003,5939.000000
59400.000000,-0.459961,0.040527,0.886230,5940.000000,0.638962,0.246048,0.291824,5940.000000,17.849960,-25.950012,-103.950012,5940.000000
59410.000000,-0.451660,0.039551,0.907715,5941.000000,-0.211716,-0.177383,-0.009537,5941.000000,18.899963,-25.950012,-103.950012,5941.000000
59420.000000,-0.457031,0.051270,0.881836,5942.000000,0.150681,-0.177383,0.230789,5942.000000,19.349960,-27.900009,-103.200012,5942.000000
59430.000000,-0.458984,0.046875,0.896484,5943.000000,0.211716,0.062943,0.352859,5943.000000,19.349960,-25.200012,-101.550003,5943.000000
59440.000000,-0.456543,0.041016,0.900390,5944.000000,-0.150681,0.185013,-0.131607,5944.000000,17.849960,-25.200012,-101.550003,5944.000000
59450.000000,-0.445312,0.028809,0.895508,5945.000000,-0.089645,0.062943,0.108719,5945.000000,18.599960,-24.450012,-101.100006,5945.000000
59460.000000,-0.457031,0.041992,0.905761,5946.000000,0.211716,0.429153,-0.009537,5946.000000,18.599960,-25.950012,-102.600006,5946.000000
59470.000000,-0.453125,0.038086,0.899414,5947.000000,-0.028610,0.001907,0.169754,5947.000000,19.649963,-25.950012,-102.600006,5947.000000
59480.000000,-0.443359,0.048828,0.895996,5948.000000,-0.211716,0.185013,-0.619888,5948.000000,18.749954,-25.950012,-100.500000,5948.000000
59490.000000,-0.468262,0.041504,0.883301,5949.000000,0.028610,-0.116348,-0.192642,5949.000000,18.749954,-26.550003,-101.700012,5949.000000
59500.000000,-0.461914,0.052246,0.895996,5950.000000,-0.333786,-0.055313,-0.192642,5950.000000,17.999954,-26.550003,-101.700012,5950.000000
59510.000000,-0.458008,0.041992,0.902344,5951.000000,0.028610,0.062943,0.108719,5951.000000,18.899963,-25.800003,-102.450012,5951.000000
59520.000000,-0.458984,0.041016,0.887207,5952.000000,0.028610,0.368118,0.474930,5952.000000,18.899963,-27.450012,-103.200012,5952.000000
59530.000000,-0.461426,0.045410,0.893066,5953.000000,0.333786,-0.116348,-0.497818,5953.000000,17.549957,-27.450012,-103.200012,5953.000000
59540.000000,-0.452637,0.050781,0.888183,5954.000000,0.089645,-0.665665,0.047684,5954.000000,19.799957,-25.200012,-102.150009,5954.000000
59550.000000,-0.458496,0.034668,0.893554,5955.000000,0.211716,-0.177383,0.169754,5955.000000,19.799957,-25.500000,-102.000000,5955.000000
59560.000000,-0.466308,0.035645,0.890136,5956.000000,-0.455856,-0.421524,0.108719,5956.000000,18.149963,-25.500000,-102.000000,5956.000000
59570.000000,-0.468750,0.033203,0.889160,5957.000000,0.272751,-0.970840,-0.070572,5957.000000,17.999954,-26.400009,-101.550003,5957.000000
59580.000000,-0.463867,0.052246,0.890625,5958.000000,0.455856,-0.299454,0.230789,5958.000000,17.999954,-23.550003,-101.250000,5958.000000
59590.000000,-0.448242,0.054687,0.892578,5959.000000,0.089645,-0.055313,0.108719,5959.000000,19.949966,-23.550003,-101.250000,5959.000000
59600.000000,-0.440430,0.050293,0.902344,5960.000000,0.516891,-0.238419,0.413895,5960.000000,18.449966,-24.150009,-102.600006,5960.000000
59610.000000,-0.445312,0.041016,0.903320,5961.000000,0.211716,-0.299454,0.108719,5961.000000,18.449966,-25.800003,-102.000000,5961.000000
59620.000000,-0.446777,0.045898,0.888183,5962.000000,0.761032,-0.665665,-0.131607,5962.000000,18.149963,-25.800003,-102.000000,5962.000000
59630.000000,-0.443848,0.056152,0.886719,5963.000000,-0.394821,0.246048,-0.314713,5963.000000,18.899963,-24.900009,-102.600006,5963.000000
59640.000000,-0.446777,0.050781,0.901855,5964.000000,-0.150681,-0.238419,0.108719,5964.000000,17.849960,-25.950012,-102.900009,5964.000000
59650.000000,-0.442383,0.039062,0.899414,5965.000000,0.577927,0.062943,-0.314713,5965.000000,17.849960,-24.900009,-102.600006,5965.000000
59660.000000,-0.448730,0.048340,0.905273,5966.000000,-0.089645,0.246048,0.413895,5966.000000,18.599960,-24.900009,-102.600006,5966.000000
59670.000000,-0.456055,0.045410,0.901855,5967.000000,0.211716,-0.116348,0.047684,5967.000000,17.699966,-25.200012,-101.850006,5967.000000
59680.000000,-0.451172,0.045410,0.898437,5968.000000,0.333786,0.551224,-0.009537,5968.000000,17.699966,-26.250000,-101.250000,5968.000000
59690.000000,-0.446777,0.034668,0.891113,5969.000000,0.089645,0.185013,0.597000,5969.000000,18.449966,-26.250000,-101.250000,5969.000000
59700.000000,-0.463867,0.056152,0.894043,5970.000000,-0.272751,-0.177383,-0.009537,5970.000000,17.249954,-25.500000,-102.450012,5970.000000
59710.000000,-0.451172,0.051758,0.884765,5971.000000,0.516891,0.368118,-0.619888,5971.000000,17.249954,-25.800003,-102.450012,5971.000000
59720.000000,-0.457031,0.043457,0.884765,5972.000000,-0.028610,-0.177383,-0.314713,5972.000000,19.499954,-25.800003,-102.450012,5972.000000
59730.000000,-0.459961,0.040039,0.893554,5973.000000,-0.394821,0.368118,-0.009537,5973.000000,18.899963,-25.800003,-102.750000,5973.000000
59740.000000,-0.465332,0.036133,0.897461,5974.000000,-0.272751,0.123978,-0.009537,5974.000000,18.899963,-25.650009,-100.800003,5974.000000
59750.000000,-0.458496,0.049805,0.893554,5975.000000,0.577927,-0.055313,-0.375748,5975.000000,17.849960,-25.650009,-100.800003,5975.000000
59760.000000,-0.467285,0.046387,0.899414,5976.000000,0.516891,-0.177383,0.352859,5976.000000,18.449966,-26.700012,-102.900009,5976.000000
59770.000000,-0.458496,0.061035,0.898926,5977.000000,1.005173,0.246048,0.474930,5977.000000,18.749954,-25.050003,-101.700012,5977.000000
59780.000000,-0.446777,0.040527,0.890625,5978.000000,0.699997,-0.482559,-0.375748,5978.000000,17.699966,-25.800003,-102.000000,5978.000000
59790.000000,-0.462891,0.040039,0.895019,5979.000000,0.455856,-0.299454,0.230789,5979.000000,19.349960,-26.250000,-104.550003,5979.000000
59800.000000,-0.465332,0.039551,0.903808,5980.000000,-0.150681,-0.665665,0.352859,5980.000000,19.349960,-25.650009,-103.200012,5980.000000
59810.000000,-0.455566,0.042969,0.897461,5981.000000,0.272751,0.062943,0.413895,5981.000000,17.699966,-25.650009,-103.200012,5981.000000
59820.000000,-0.439941,0.048340,0.897949,5982.000000,-0.028610,0.123978,-0.192642,5982.000000,19.649963,-27.000000,-104.550003,5982.000000
59830.000000,-0.450683,0.050781,0.895508,5983.000000,-0.333786,0.246048,-0.070572,5983.000000,19.649963,-25.950012,-102.600006,5983.000000
59840.000000,-0.456055,0.047852,0.906250,5984.000000,0.028610,-0.116348,0.169754,5984.000000,18.599960,-25.950012,-102.600006,5984.000000
59850.000000,-0.450683,0.049805,0.908691,5985.000000,0.394821,0.551224,0.230789,5985.000000,17.549957,-26.400009,-102.150009,5985.000000
59860.000000,-0.444336,0.046387,0.898926,5986.000000,0.455856,-0.482559,-0.009537,5986.000000,17.549957,-25.200012,-103.650009,5986.000000
59870.000000,-0.457031,0.055664,0.895508,5987.000000,0.699997,0.062943,-0.497818,5987.000000,18.749954,-25.200012,-103.650009,5987.000000
59880.000000,-0.453125,0.059570,0.896972,5988.000000,-0.394821,-0.360489,0.047684,5988.000000,19.349960,-27.000000,-103.050003,5988.000000
59890.000000,-0.440918,0.041992,0.900879,5989.000000,-0.394821,-0.177383,-0.009537,5989.000000,19.349960,-26.700012,-101.850006,5989.000000
59900.000000,-0.446777,0.049805,0.895019,5990.000000,0.150681,-0.177383,0.169754,5990.000000,18.449966,-26.700012,-101.850006,5990.000000
59910.000000,-0.455078,0.050781,0.898926,5991.000000,-0.455856,0.123978,-0.070572,5991.000000,19.049957,-26.250000,-103.500000,5991.000000
59920.000000,-0.447266,0.053711,0.896972,5992.000000,-0.333786,0.551224,-0.375748,5992.000000,19.049957,-25.050003,-102.750000,5992.000000
59930.000000,-0.464355,0.055664,0.897461,5993.000000,0.150681,0.062943,0.413895,5993.000000,16.949966,-25.050003,-102.750000,5993.000000
59940.000000,-0.438965,0.043945,0.901367,5994.000000,0.150681,0.185013,-0.070572,5994.000000,19.049957,-25.050003,-104.100006,5994.000000
59950.000000,-0.450683,0.048340,0.907715,5995.000000,0.699997,0.123978,0.108719,5995.000000,20.249954,-25.800003,-101.700012,5995.000000
59960.000000,-0.442383,0.041504,0.896972,5996.000000,0.089645,0.062943,0.108719,5996.000000,20.249954,-25.050003,-102.750000,5996.000000
59970.000000,-0.449707,0.050781,0.908691,5997.000000,0.577927,0.246048,-0.009537,5997.000000,17.849960,-25.050003,-102.750000,5997.000000
59980.000000,-0.456055,0.055664,0.904785,5998.000000,-0.211716,0.185013,-0.497818,5998.000000,18.749954,-26.400009,-102.900009,5998.000000
59990.000000,-0.455078,0.041016,0.895019,5999.000000,0.272751,0.429153,-0.375748,5999.000000,18.749954,-25.800003,-102.750000,5999.000000
60000.000000,-0.453613,0.048340,0.893554,6000.000000,0.028610,0.734329,0.047684,6000.000000,19.049957,-25.800003,-102.750000,6000.000000
60010.000000,-0.455078,0.050293,0.889648,6001.000000,-0.211716,0.368118,-0.070572,6001.000000,18.149963,-26.550003,-102.750000,6001.000000
60020.000000,-0.463379,0.055176,0.895019,6002.000000,-0.089645,0.429153,-0.497818,6002.000000,18.149963,-26.700012,-102.600006,6002.000000
60030.000000,-0.439941,0.058105,0.901367,6003.000000,0.211716,0.123978,-0.375748,6003.000000,19.949966,-26.700012,-102.600006,6003.000000
60040.000000,-0.450195,0.043457,0.892578,6004.000000,-0.150681,0.185013,0.413895,6004.000000,19.349960,-24.450012,-102.150009,6004.000000
60050.000000,-0.455566,0.044434,0.883789,6005.000000,0.516891,-0.055313,0.535965,6005.000000,19.349960,-25.650009,-101.850006,6005.000000
60060.000000,-0.453125,0.043457,0.897949,6006.000000,-0.089645,0.123978,0.108719,6006.000000,18.599960,-25.650009,-101.850006,6006.000000
60070.000000,-0.459961,0.059082,0.903320,6007.000000,0.211716,0.185013,-0.009537,6007.000000,19.049957,-24.900009,-101.550003,6007.000000
60080.000000,-0.442871,0.062988,0.893066,6008.000000,0.089645,-0.055313,0.230789,6008.000000,17.999954,-26.250000,-101.700012,6008.000000
60090.000000,-0.462891,0.046875,0.897949,6009.000000,-0.455856,-0.238419,-0.131607,6009.000000,19.349960,-24.000000,-102.450012,6009.000000
60100.000000,-0.456543,0.055664,0.893066,6010.000000,-0.333786,-0.543594,-0.131607,6010.000000,17.549957,-26.400009,-101.550003,6010.000000
60110.000000,-0.459473,0.050293,0.885742,6011.000000,-0.394821,0.185013,0.291824,6011.000000,17.549957,-26.700012,-102.900009,6011.000000
60120.000000,-0.448730,0.044434,0.890136,6012.000000,-0.516891,-0.177383,0.108719,6012.000000,20.249954,-26.700012,-102.900009,6012.000000
60130.000000,-0.452637,0.056641,0.896484,6013.000000,-0.699997,-0.116348,0.169754,6013.000000,18.599960,-25.050003,-102.750000,6013.000000
60140.000000,-0.444824,0.039551,0.884765,6014.000000,-0.089645,0.307083,-0.009537,6014.000000,18.599960,-24.900009,-101.850006,6014.000000
60150.000000,-0.457031,0.044434,0.909179,6015.000000,-0.333786,0.185013,-0.070572,6015.000000,18.599960,-24.900009,-101.850006,6015.000000
60160.000000,-0.452148,0.052734,0.896484,6016.000000,-0.211716,0.001907,0.352859,6016.000000,19.799957,-25.950012,-102.150009,6016.000000
60170.000000,-0.454590,0.048828,0.893554,6017.000000,0.028610,0.307083,-0.009537,6017.000000,19.799957,-26.550003,-102.000000,6017.000000
60180.000000,-0.457031,0.041992,0.881347,6018.000000,0.394821,0.123978,-0.558853,6018.000000,19.649963,-26.550003,-102.000000,6018.000000
60190.000000,-0.453125,0.058594,0.887695,6019.000000,-0.089645,0.123978,0.108719,6019.000000,17.999954,-26.400009,-103.650009,6019.000000
60200.000000,-0.452637,0.055664,0.895996,6020.000000,-0.028610,0.123978,-0.009537,6020.000000,17.999954,-25.800003,-102.000000,6020.000000
60210.000000,-0.469726,0.052246,0.889648,6021.000000,-0.028610,-0.238419,-0.253677,6021.000000,18.449966,-25.800003,-102.000000,6021.000000
60220.000000,-0.448242,0.046875,0.905273,6022.000000,-0.089645,-0.238419,-0.192642,6022.000000,17.249954,-25.800003,-102.450012,6022.000000
60230.000000,-0.446777,0.056152,0.888672,6023.000000,-0.394821,0.185013,0.169754,6023.000000,17.249954,-25.050003,-100.950012,6023.000000
60240.000000,-0.451172,0.037598,0.895019,6024.000000,0.150681,-0.360489,0.230789,6024.000000,18.149963,-25.050003,-100.950012,6024.000000
60250.000000,-0.462402,0.055176,0.886230,6025.000000,-0.333786,0.062943,0.230789,6025.000000,17.999954,-26.700012,-102.900009,6025.000000
60260.000000,-0.456543,0.057129,0.888183,6026.000000,-0.150681,0.246048,-0.009537,6026.000000,18.599960,-26.550003,-102.450012,6026.000000
60270.000000,-0.463867,0.046387,0.904785,6027.000000,0.211716,0.062943,-0.131607,6027.000000,18.599960,-25.650009,-102.150009,6027.000000
60280.000000,-0.455566,0.053711,0.895508,6028.000000,-0.150681,-0.055313,0.230789,6028.000000,19.499954,-25.650009,-102.150009,6028.000000
60290.000000,-0.462402,0.042480,0.895019,6029.000000,0.883102,0.368118,-0.558853,6029.000000,18.149963,-25.800003,-102.000000,6029.000000
60300.000000,-0.444336,0.048828,0.896972,6030.000000,-0.028610,0.429153,-0.131607,6030.000000,18.149963,-25.200012,-101.850006,6030.000000
60310.000000,-0.453125,0.047852,0.895508,6031.000000,0.272751,0.490189,-0.497818,6031.000000,17.999954,-25.200012,-101.850006,6031.000000
60320.000000,-0.462402,0.053711,0.911621,6032.000000,0.211716,0.123978,0.108719,6032.000000,20.549957,-26.550003,-101.250000,6032.000000
60330.000000,-0.444336,0.046875,0.890136,6033.000000,0.761032,-0.055313,-0.253677,6033.000000,20.549957,-25.050003,-104.100006,6033.000000
60340.000000,-0.457519,0.062500,0.903808,6034.000000,-0.272751,-0.299454,-0.070572,6034.000000,18.149963,-25.050003,-104.100006,6034.000000
60350.000000,-0.451172,0.044922,0.906250,6035.000000,-0.211716,-0.116348,0.047684,6035.000000,19.499954,-26.700012,-101.850006,6035.000000
60360.000000,-0.449707,0.039551,0.902344,6036.000000,-0.516891,-0.238419,0.291824,6036.000000,19.499954,-25.050003,-102.750000,6036.000000
60370.000000,-0.453613,0.053711,0.901367,6037.000000,0.089645,0.185013,0.352859,6037.000000,17.999954,-25.050003,-102.750000,6037.000000
60380.000000,-0.458496,0.058105,0.900879,6038.000000,-0.028610,0.429153,0.413895,6038.000000,17.999954,-25.500000,-104.550003,6038.000000
60390.000000,-0.464844,0.041992,0.896972,6039.000000,-0.089645,0.368118,0.108719,6039.000000,18.149963,-25.500000,-104.550003,6039.000000
60400.000000,-0.445312,0.054199,0.888183,6040.000000,0.028610,0.368118,-0.253677,6040.000000,19.349960,-25.950012,-102.600006,6040.000000
60410.000000,-0.451660,0.038574,0.889648,6041.000000,-0.089645,0.001907,-0.558853,6041.000000,18.599960,-25.650009,-102.900009,6041.000000
60420.000000,-0.442871,0.044434,0.880371,6042.000000,-0.699997,-0.421524,0.108719,6042.000000,18.599960,-25.650009,-101.850006,6042.000000
60430.000000,-0.464355,0.045898,0.887695,6043.000000,-0.150681,-0.177383,0.108719,6043.000000,18.599960,-25.650009,-101.850006,6043.000000
60440.000000,-0.457031,0.059082,0.890136,6044.000000,-0.089645,0.123978,-0.314713,6044.000000,17.099960,-27.150009,-100.800003,6044.000000
60450.000000,-0.444824,0.054687,0.892578,6045.000000,-0.272751,-0.360489,0.474930,6045.000000,17.099960,-27.150009,-102.150009,6045.000000
60460.000000,-0.453613,0.053711,0.895508,6046.000000,-0.089645,-0.055313,0.047684,6046.000000,18.599960,-27.150009,-102.150009,6046.000000
60470.000000,-0.448242,0.051270,0.888183,6047.000000,-0.211716,0.001907,-0.375748,6047.000000,18.599960,-26.400009,-102.900009,6047.000000
60480.000000,-0.445312,0.056641,0.901855,6048.000000,0.028610,0.185013,0.047684,6048.000000,18.599960,-25.650009,-101.850006,6048.000000
60490.000000,-0.455078,0.051758,0.893554,6049.000000,-0.028610,0.307083,-0.192642,6049.000000,18.599960,-25.650009,-101.850006,6049.000000
60500.000000,-0.459473,0.039551,0.898926,6050.000000,0.272751,-0.299454,0.597000,6050.000000,16.349960,-25.200012,-102.600006,6050.000000
60510.000000,-0.460937,0.066895,0.903320,6051.000000,0.211716,-0.299454,0.047684,6051.000000,16.349960,-25.650009,-103.200012,6051.000000
60520.000000,-0.462402,0.048340,0.899902,6052.000000,-0.333786,0.001907,-0.009537,6052.000000,17.249954,-25.650009,-103.200012,6052.000000
60530.000000,-0.449219,0.045410,0.892578,6053.000000,-0.150681,-0.360489,-0.070572,6053.000000,17.999954,-24.300003,-102.450012,6053.000000
60540.000000,-0.450683,0.054687,0.886719,6054.000000,-0.516891,-0.238419,-0.192642,6054.000000,17.999954,-25.050003,-102.000000,6054.000000
60550.000000,-0.448730,0.042480,0.888183,6055.000000,-0.028610,-0.543594,-0.009537,6055.000000,18.899963,-25.050003,-102.000000,6055.000000
60560.000000,-0.442383,0.035645,0.898926,6056.000000,0.089645,-0.421524,0.413895,6056.000000,17.849960,-25.650009,-101.850006,6056.000000
60570.000000,-0.431152,0.061035,0.895996,6057.000000,0.150681,0.185013,0.352859,6057.000000,19.799957,-24.450012,-103.650009,6057.000000
60580.000000,-0.452637,0.044434,0.902344,6058.000000,0.089645,-0.055313,0.047684,6058.000000,19.799957,-25.800003,-101.700012,6058.000000
60590.000000,-0.449219,0.041992,0.903320,6059.000000,-0.272751,0.429153,0.108719,6059.000000,18.149963,-25.800003,-101.700012,6059.000000
60600.000000,-0.444336,0.058105,0.901855,6060.000000,-0.089645,0.490189,-0.131607,6060.000000,19.349960,-26.400009,-102.900009,6060.000000
60610.000000,-0.455078,0.049805,0.904785,6061.000000,0.272751,0.612259,-0.131607,6061.000000,19.349960,-24.900009,-101.850006,6061.000000
60620.000000,-0.445801,0.044922,0.901367,6062.000000,-0.028610,0.001907,-0.253677,6062.000000,18.899963,-24.900009,-101.850006,6062.000000
60630.000000,-0.473144,0.044922,0.902832,6063.000000,-0.150681,-0.299454,-0.070572,6063.000000,18.599960,-25.950012,-102.900009,6063.000000
60640.000000,-0.461426,0.046875,0.890136,6064.000000,-0.211716,-0.360489,-0.192642,6064.000000,18.599960,-25.950012,-100.800003,6064.000000
60650.000000,-0.447754,0.050781,0.901855,6065.000000,-0.516891,-0.055313,-0.192642,6065.000000,19.499954,-25.950012,-100.800003,6065.000000
60660.000000,-0.448730,0.040527,0.889160,6066.000000,-0.272751,0.307083,-0.070572,6066.000000,18.449966,-25.800003,-102.450012,6066.000000
60670.000000,-0.465332,0.059570,0.903808,6067.000000,0.455856,-0.299454,-0.009537,6067.000000,17.699966,-26.250000,-102.000000,6067.000000
60680.000000,-0.458496,0.027832,0.901367,6068.000000,0.394821,-0.421524,0.169754,6068.000000,18.749954,-26.250000,-103.500000,6068.000000
60690.000000,-0.455078,0.050781,0.897461,6069.000000,0.577927,-0.238419,0.413895,6069.000000,18.749954,-25.500000,-100.950012,6069.000000
60700.000000,-0.464355,0.058105,0.892090,6070.000000,0.089645,-0.848770,0.535965,6070.000000,18.899963,-25.500000,-100.950012,6070.000000
60710.000000,-0.450683,0.035156,0.895508,6071.000000,0.455856,-0.116348,0.291824,6071.000000,19.799957,-24.900009,-103.200012,6071.000000
60720.000000,-0.449219,0.050781,0.895508,6072.000000,0.333786,-0.482559,-0.192642,6072.000000,19.949966,-24.000000,-103.500000,6072.000000
60730.000000,-0.447754,0.049805,0.897461,6073.000000,-0.272751,-0.482559,0.108719,6073.000000,19.949966,-25.200012,-101.550003,6073.000000
60740.000000,-0.465332,0.054199,0.888672,6074.000000,-0.211716,0.185013,-0.131607,6074.000000,19.799957,-25.200012,-101.550003,6074.000000
60750.000000,-0.443848,0.042969,0.888183,6075.000000,0.638962,-0.055313,0.230789,6075.000000,18.599960,-26.250000,-102.450012,6075.000000
60760.000000,-0.452148,0.032715,0.896484,6076.000000,-0.028610,0.062943,0.535965,6076.000000,18.599960,-25.650009,-101.550003,6076.000000
60770.000000,-0.462402,0.052246,0.898437,6077.000000,0.638962,-0.177383,0.169754,6077.000000,17.999954,-25.650009,-101.550003,6077.000000
60780.000000,-0.443359,0.056152,0.899414,6078.000000,0.394821,0.246048,0.413895,6078.000000,19.649963,-25.800003,-103.050003,6078.000000
60790.000000,-0.448242,0.051270,0.893066,6079.000000,-0.089645,-0.055313,-0.131607,6079.000000,19.649963,-25.650009,-102.600006,6079.000000
60800.000000,-0.463867,0.044434,0.900879,6080.000000,-0.761032,-0.299454,-0.070572,6080.000000,19.349960,-25.650009,-102.600006,6080.000000
60810.000000,-0.449219,0.041992,0.889648,6081.000000,-0.822067,0.001907,-0.070572,6081.000000,18.899963,-25.200012,-101.850006,6081.000000
60820.000000,-0.441406,0.049805,0.896484,6082.000000,-0.394821,0.185013,0.108719,6082.000000,18.899963,-25.200012,-102.600006,6082.000000
60830.000000,-0.457519,0.048828,0.888672,6083.000000,-0.272751,0.246048,0.535965,6083.000000,18.449966,-25.200012,-102.600006,6083.000000
60840.000000,-0.454101,0.055664,0.892578,6084.000000,-0.028610,0.123978,-0.192642,6084.000000,19.649963,-24.750000,-102.000000,6084.000000
60850.000000,-0.450683,0.046875,0.897461,6085.000000,0.089645,-0.055313,0.108719,6085.000000,19.649963,-25.650009,-100.800003,6085.000000
60860.000000,-0.468262,0.043945,0.898437,6086.000000,0.455856,0.062943,0.413895,6086.000000,17.849960,-25.650009,-100.800003,6086.000000
60870.000000,-0.456055,0.057129,0.896484,6087.000000,0.883102,-0.482559,-0.375748,6087.000000,17.849960,-25.950012,-101.850006,6087.000000
60880.000000,-0.448730,0.047852,0.889648,6088.000000,0.089645,0.123978,-0.009537,6088.000000,19.349960,-25.200012,-102.600006,6088.000000
60890.000000,-0.458008,0.035645,0.895508,6089.000000,0.089645,-0.116348,-0.131607,6089.000000,19.349960,-25.650009,-101.100006,6089.000000
60900.000000,-0.456543,0.046875,0.899902,6090.000000,0.089645,0.001907,-0.314713,6090.000000,18.599960,-25.650009,-101.100006,6090.000000
60910.000000,-0.460449,0.059082,0.898437,6091.000000,-0.333786,-0.177383,-0.131607,6091.000000,18.149963,-26.400009,-102.150009,6091.000000
60920.000000,-0.456543,0.044434,0.889160,6092.000000,0.028610,0.062943,0.291824,6092.000000,18.149963,-24.900009,-100.800003,6092.000000
60930.000000,-0.445801,0.046875,0.905273,6093.000000,-0.699997,0.490189,-0.009537,6093.000000,17.999954,-24.900009,-100.800003,6093.000000
60940.000000,-0.461914,0.048340,0.909668,6094.000000,-0.150681,-0.177383,0.230789,6094.000000,18.749954,-26.250000,-103.800003,6094.000000
60950.000000,-0.467773,0.036621,0.903320,6095.000000,0.577927,-0.177383,-0.192642,6095.000000,18.749954,-26.250000,-102.750000,6095.000000
60960.000000,-0.449707,0.043945,0.886719,6096.000000,0.089645,-0.177383,-0.131607,6096.000000,20.699966,-26.250000,-102.750000,6096.000000
60970.000000,-0.466308,0.039062,0.907715,6097.000000,-0.089645,-0.055313,-0.009537,6097.000000,17.699966,-25.950012,-101.850006,6097.000000
60980.000000,-0.447754,0.045410,0.888183,6098.000000,0.028610,-0.238419,-0.192642,6098.000000,17.549957,-25.800003,-101.700012,6098.000000
60990.000000,-0.447754,0.042480,0.894531,6099.000000,0.089645,-0.116348,0.108719,6099.000000,18.599960,-25.950012,-104.400009,6099.000000
61000.000000,-0.453125,0.050781,0.890625,6100.000000,-0.638962,-0.116348,-0.192642,6100.000000,18.599960,-25.950012,-103.200012,6100.000000
61010.000000,-0.445801,0.047363,0.895019,6101.000000,-0.089645,-0.421524,0.108719,6101.000000,19.049957,-25.950012,-103.200012,6101.000000
61020.000000,-0.455566,0.043457,0.901855,6102.000000,-0.455856,0.123978,-0.009537,6102.000000,17.549957,-25.800003,-102.000000,6102.000000
61030.000000,-0.454101,0.054199,0.905761,6103.000000,0.028610,0.001907,-0.131607,6103.000000,18.599960,-26.700012,-101.850006,6103.000000
61040.000000,-0.453125,0.047363,0.895019,6104.000000,-0.333786,0.185013,-0.253677,6104.000000,18.599960,-25.650009,-102.150009,6104.000000
61050.000000,-0.463867,0.040527,0.887695,6105.000000,-0.150681,-0.177383,-0.131607,6105.000000,18.749954,-25.650009,-102.150009,6105.000000
61060.000000,-0.456055,0.039551,0.888183,6106.000000,-0.394821,-0.055313,0.291824,6106.000000,19.649963,-26.550003,-101.700012,6106.000000
61070.000000,-0.446777,0.058594,0.908203,6107.000000,-0.516891,0.185013,-0.253677,6107.000000,19.649963,-27.150009,-103.200012,6107.000000
61080.000000,-0.447754,0.040527,0.895019,6108.000000,-0.272751,0.062943,-0.070572,6108.000000,18.449966,-27.150009,-103.200012,6108.000000
61090.000000,-0.451172,0.041504,0.900879,6109.000000,-0.150681,0.307083,0.047684,6109.000000,18.149963,-27.000000,-102.000000,6109.000000
61100.000000,-0.441894,0.046387,0.895996,6110.000000,-0.394821,0.001907,0.108719,6110.000000,18.149963,-27.150009,-103.200012,6110.000000
61110.000000,-0.445312,0.037598,0.893066,6111.000000,-0.150681,0.490189,-0.192642,6111.000000,19.049957,-27.150009,-103.200012,6111.000000
61120.000000,-0.452148,0.044922,0.901367,6112.000000,-0.577927,0.307083,0.902176,6112.000000,18.449966,-25.800003,-101.700012,6112.000000
61130.000000,-0.449707,0.053711,0.900390,6113.000000,0.333786,-0.055313,-0.802994,6113.000000,18.449966,-25.050003,-103.050003,6113.000000
61140.000000,-0.453613,0.051758,0.898926,6114.000000,-0.089645,0.185013,-0.253677,6114.000000,17.999954,-25.050003,-103.050003,6114.000000
61150.000000,-0.453125,0.053711,0.896484,6115.000000,-0.577927,-0.299454,-0.558853,6115.000000,19.049957,-27.300003,-103.050003,6115.000000
61160.000000,-0.454590,0.056641,0.912109,6116.000000,0.211716,-0.299454,0.047684,6116.000000,19.049957,-25.500000,-102.450012,6116.000000
61170.000000,-0.458496,0.060547,0.897461,6117.000000,-0.028610,-0.055313,0.047684,6117.000000,19.349960,-25.500000,-102.450012,6117.000000
61180.000000,-0.454101,0.043945,0.902344,6118.000000,0.638962,0.368118,0.474930,6118.000000,18.599960,-25.950012,-102.900009,6118.000000
61190.000000,-0.439453,0.042969,0.894043,6119.000000,0.211716,-0.177383,-0.436783,6119.000000,19.949966,-25.950012,-101.550003,6119.000000
61200.000000,-0.468262,0.040039,0.895508,6120.000000,-0.272751,0.490189,0.169754,6120.000000,19.949966,-26.700012,-102.600006,6120.000000
61210.000000,-0.443848,0.053711,0.895508,6121.000000,0.516891,0.185013,-0.070572,6121.000000,18.749954,-26.700012,-102.600006,6121.000000
61220.000000,-0.450195,0.049316,0.885254,6122.000000,0.028610,0.673294,0.108719,6122.000000,17.549957,-25.800003,-102.450012,6122.000000
61230.000000,-0.456543,0.062988,0.907226,6123.000000,0.150681,0.490189,-0.070572,6123.000000,17.549957,-25.650009,-101.850006,6123.000000
61240.000000,-0.444336,0.049805,0.884277,6124.000000,-0.516891,0.246048,-0.070572,6124.000000,17.699966,-25.650009,-101.850006,6124.000000
61250.000000,-0.448730,0.045898,0.899902,6125.000000,-0.089645,0.001907,-0.009537,6125.000000,18.599960,-25.500000,-102.450012,6125.000000
61260.000000,-0.458008,0.040039,0.897461,6126.000000,0.150681,0.062943,-0.131607,6126.000000,18.599960,-26.400009,-101.850006,6126.000000
61270.000000,-0.441894,0.050781,0.888672,6127.000000,0.272751,-0.238419,-0.131607,6127.000000,18.449966,-26.400009,-101.850006,6127.000000
61280.000000,-0.440430,0.057129,0.911133,6128.000000,0.394821,0.429153,-0.253677,6128.000000,18.449966,-26.250000,-100.950012,6128.000000
61290.000000,-0.449219,0.056152,0.897461,6129.000000,0.272751,0.551224,-0.253677,6129.000000,18.449966,-26.250000,-100.950012,6129.000000
61300.000000,-0.459473,0.045410,0.897949,6130.000000,0.150681,-0.116348,0.352859,6130.000000,17.849960,-27.000000,-103.050003,6130.000000
61310.000000,-0.449219,0.041016,0.895996,6131.000000,-0.028610,-0.482559,0.108719,6131.000000,17.849960,-25.650009,-102.900009,6131.000000
61320.000000,-0.458984,0.057617,0.884277,6132.000000,0.394821,0.246048,-0.131607,6132.000000,19.649963,-25.650009,-102.900009,6132.000000
61330.000000,-0.457519,0.053223,0.898437,6133.000000,0.028610,0.185013,0.658035,6133.000000,19.649963,-26.700012,-101.850006,6133.000000
61340.000000,-0.450195,0.044434,0.903808,6134.000000,0.089645,-0.238419,-0.009537,6134.000000,17.999954,-25.650009,-101.850006,6134.000000
61350.000000,-0.456543,0.046875,0.901855,6135.000000,-0.211716,-0.177383,-0.314713,6135.000000,17.999954,-26.250000,-101.250000,6135.000000
61360.000000,-0.463379,0.055664,0.900879,6136.000000,-0.089645,-0.055313,-0.070572,6136.000000,17.849960,-26.250000,-101.250000,6136.000000
61370.000000,-0.451660,0.059570,0.905761,6137.000000,0.028610,-0.177383,-0.253677,6137.000000,18.449966,-25.650009,-103.950012,6137.000000
61380.000000,-0.457519,0.044922,0.897461,6138.000000,0.028610,-0.116348,-0.192642,6138.000000,18.449966,-24.750000,-102.000000,6138.000000
61390.000000,-0.453125,0.041504,0.891113,6139.000000,0.394821,-0.421524,0.108719,6139.000000,18.599960,-24.750000,-102.000000,6139.000000
61400.000000,-0.460937,0.045898,0.902832,6140.000000,-0.150681,0.062943,0.474930,6140.000000,17.999954,-25.950012,-102.900009,6140.000000
61410.000000,-0.436035,0.049316,0.899902,6141.000000,-0.028610,-0.177383,-0.070572,6141.000000,17.999954,-26.550003,-102.450012,6141.000000
61420.000000,-0.458008,0.029297,0.904785,6142.000000,-0.211716,-0.299454,-0.070572,6142.000000,18.899963,-26.550003,-102.450012,6142.000000
61430.000000,-0.449707,0.049805,0.889648,6143.000000,0.394821,-0.055313,-0.009537,6143.000000,18.149963,-25.200012,-102.900009,6143.000000
61440.000000,-0.460937,0.053711,0.888672,6144.000000,-0.089645,-0.360489,0.291824,6144.000000,18.149963,-24.900009,-101.850006,6144.000000
61450.000000,-0.448730,0.051758,0.910156,6145.000000,0.516891,0.185013,0.780106,6145.000000,18.599960,-24.900009,-101.850006,6145.000000
61460.000000,-0.454101,0.043945,0.909668,6146.000000,-0.761032,-0.482559,0.108719,6146.000000,18.599960,-25.950012,-101.850006,6146.000000
61470.000000,-0.454590,0.046875,0.893554,6147.000000,0.272751,0.001907,0.047684,6147.000000,18.599960,-26.700012,-101.550003,6147.000000
61480.000000,-0.444824,0.042969,0.893554,6148.000000,-0.455856,-0.238419,-0.009537,6148.000000,18.449966,-26.700012,-101.550003,6148.000000
61490.000000,-0.452637,0.038574,0.895019,6149.000000,0.211716,-0.238419,-0.131607,6149.000000,19.349960,-24.000000,-101.700012,6149.000000
61500.000000,-0.456055,0.053223,0.887695,6150.000000,-0.822067,-0.055313,0.658035,6150.000000,19.049957,-24.900009,-102.150009,6150.000000
61510.000000,-0.445312,0.035645,0.894531,6151.000000,-0.394821,-0.238419,0.352859,6151.000000,19.049957,-25.500000,-101.250000,6151.000000
61520.000000,-0.454101,0.042969,0.899414,6152.000000,-0.638962,0.123978,0.047684,6152.000000,18.599960,-25.500000,-101.250000,6152.000000
61530.000000,-0.453125,0.044922,0.903320,6153.000000,-0.638962,0.734329,0.047684,6153.000000,18.749954,-24.900009,-101.550003,6153.000000
61540.000000,-0.458008,0.044434,0.888183,6154.000000,0.272751,0.734329,0.291824,6154.000000,18.749954,-27.000000,-104.100006,6154.000000
61550.000000,-0.463867,0.047363,0.898437,6155.000000,0.272751,0.185013,-0.253677,6155.000000,19.349960,-27.000000,-104.100006,6155.000000
61560.000000,-0.451172,0.056641,0.896484,6156.000000,0.333786,0.673294,-0.497818,6156.000000,20.249954,-26.400009,-101.850006,6156.000000
61570.000000,-0.457519,0.041992,0.906738,6157.000000,0.150681,0.673294,-0.314713,6157.000000,18.449966,-26.250000,-102.450012,6157.000000
61580.000000,-0.458008,0.054687,0.892090,6158.000000,0.089645,-0.482559,0.108719,6158.000000,19.049957,-25.500000,-102.000000,6158.000000
61590.000000,-0.447266,0.055664,0.904297,6159.000000,-0.333786,-0.604630,0.413895,6159.000000,19.049957,-24.300003,-101.700012,6159.000000
61600.000000,-0.458008,0.052734,0.890625,6160.000000,-0.333786,-0.665665,0.291824,6160.000000,18.899963,-24.300003,-101.700012,6160.000000
61610.000000,-0.459961,0.050781,0.897461,6161.000000,-0.272751,-0.360489,0.169754,6161.000000,18.899963,-24.900009,-102.600006,6161.000000
61620.000000,-0.447266,0.046387,0.913574,6162.000000,0.333786,-0.482559,-0.253677,6162.000000,18.899963,-25.650009,-102.600006,6162.000000
61630.000000,-0.445801,0.060059,0.903320,6163.000000,-0.272751,0.307083,0.352859,6163.000000,20.249954,-25.650009,-102.600006,6163.000000
61640.000000,-0.452148,0.039062,0.895996,6164.000000,0.577927,-0.238419,0.474930,6164.000000,17.999954,-25.800003,-101.700012,6164.000000
61650.000000,-0.464355,0.043457,0.895019,6165.000000,0.455856,-0.116348,0.291824,6165.000000,18.899963,-26.550003,-102.450012,6165.000000
61660.000000,-0.455078,0.040527,0.898926,6166.000000,0.455856,-0.360489,0.047684,6166.000000,18.899963,-25.950012,-101.550003,6166.000000
61670.000000,-0.463867,0.051270,0.888183,6167.000000,-0.150681,0.001907,0.108719,6167.000000,18.749954,-25.950012,-101.550003,6167.000000
61680.000000,-0.460937,0.052734,0.894043,6168.000000,0.333786,-0.299454,-0.009537,6168.000000,17.849960,-26.250000,-103.800003,6168.000000
61690.000000,-0.455078,0.045410,0.898437,6169.000000,0.944138,-0.299454,-0.192642,6169.000000,17.849960,-25.950012,-102.900009,6169.000000
61700.000000,-0.449707,0.038574,0.893066,6170.000000,0.089645,-0.360489,-0.558853,6170.000000,19.499954,-25.950012,-102.900009,6170.000000
61710.000000,-0.447266,0.055176,0.894043,6171.000000,-0.333786,0.123978,0.047684,6171.000000,18.449966,-25.800003,-101.700012,6171.000000
61720.000000,-0.459473,0.052246,0.898926,6172.000000,0.028610,-0.116348,0.291824,6172.000000,18.449966,-27.000000,-103.800003,6172.000000
61730.000000,-0.445801,0.055176,0.905761,6173.000000,-0.028610,-0.055313,0.169754,6173.000000,18.899963,-27.000000,-103.800003,6173.000000
61740.000000,-0.458496,0.062500,0.891113,6174.000000,0.028610,-0.360489,-0.070572,6174.000000,19.049957,-26.400009,-102.600006,6174.000000
61750.000000,-0.455078,0.053711,0.897461,6175.000000,-0.150681,-0.116348,0.230789,6175.000000,19.049957,-26.250000,-102.000000,6175.000000
61760.000000,-0.464844,0.039551,0.887207,6176.000000,0.028610,0.673294,-0.009537,6176.000000,18.149963,-26.250000,-102.000000,6176.000000
61770.000000,-0.442383,0.047363,0.893066,6177.000000,-0.150681,0.307083,0.352859,6177.000000,18.599960,-25.650009,-102.150009,6177.000000
61780.000000,-0.456543,0.040039,0.898437,6178.000000,0.272751,0.185013,-0.009537,6178.000000,18.599960,-25.950012,-103.650009,6178.000000
61790.000000,-0.439941,0.044434,0.907226,6179.000000,0.333786,0.185013,0.108719,6179.000000,18.899963,-25.950012,-103.650009,6179.000000
61800.000000,-0.456543,0.046387,0.895996,6180.000000,0.516891,-0.177383,0.291824,6180.000000,17.699966,-26.400009,-101.100006,6180.000000
61810.000000,-0.463867,0.048340,0.895996,6181.000000,0.761032,-0.116348,0.352859,6181.000000,18.749954,-25.800003,-102.450012,6181.000000
61820.000000,-0.439453,0.054687,0.899414,6182.000000,0.883102,0.246048,0.169754,6182.000000,18.749954,-25.500000,-103.050003,6182.000000
61830.000000,-0.455566,0.049316,0.893554,6183.000000,-0.211716,0.734329,0.169754,6183.000000,19.049957,-25.500000,-103.050003,6183.000000
61840.000000,-0.450683,0.042969,0.901855,6184.000000,0.150681,-0.116348,0.047684,6184.000000,18.449966,-26.250000,-103.050003,6184.000000
61850.000000,-0.452148,0.044922,0.896972,6185.000000,-0.333786,0.062943,0.047684,6185.000000,18.449966,-25.500000,-102.750000,6185.000000
61860.000000,-0.460449,0.050293,0.885742,6186.000000,-0.333786,-0.421524,0.169754,6186.000000,18.599960,-25.500000,-102.750000,6186.000000
61870.000000,-0.456543,0.054199,0.897461,6187.000000,-0.272751,0.185013,-0.253677,6187.000000,19.799957,-25.950012,-102.900009,6187.000000
61880.000000,-0.446777,0.031250,0.897461,6188.000000,0.394821,-0.543594,-0.314713,6188.000000,19.049957,-25.500000,-102.450012,6188.000000
61890.000000,-0.459961,0.054687,0.888183,6189.000000,0.028610,-0.116348,-0.070572,6189.000000,18.449966,-25.800003,-104.100006,6189.000000
61900.000000,-0.452148,0.045410,0.898437,6190.000000,0.028610,-0.482559,0.352859,6190.000000,18.449966,-27.300003,-103.050003,6190.000000
61910.000000,-0.445801,0.048340,0.909179,6191.000000,0.028610,-0.360489,-0.070572,6191.000000,19.349960,-27.300003,-103.050003,6191.000000
61920.000000,-0.451172,0.042969,0.905273,6192.000000,-0.699997,-0.055313,0.413895,6192.000000,18.899963,-25.650009,-103.200012,6192.000000
61930.000000,-0.451172,0.053223,0.895996,6193.000000,0.272751,-0.238419,-0.314713,6193.000000,18.899963,-25.200012,-102.600006,6193.000000
61940.000000,-0.454101,0.048340,0.908203,6194.000000,-0.089645,-0.177383,-0.009537,6194.000000,17.849960,-25.200012,-102.600006,6194.000000
61950.000000,-0.446289,0.043457,0.893554,6195.000000,-0.089645,0.307083,0.352859,6195.000000,18.599960,-25.650009,-101.850006,6195.000000
61960.000000,-0.460937,0.052734,0.895996,6196.000000,0.089645,0.429153,0.169754,6196.000000,19.499954,-24.900009,-102.900009,6196.000000
61970.000000,-0.458496,0.057129,0.904297,6197.000000,0.028610,0.246048,-0.375748,6197.000000,19.499954,-25.500000,-100.950012,6197.000000
61980.000000,-0.454101,0.049805,0.898437,6198.000000,0.272751,0.368118,0.413895,6198.000000,18.449966,-25.500000,-100.950012,6198.000000
61990.000000,-0.456055,0.044434,0.895508,6199.000000,0.455856,-0.055313,0.413895,6199.000000,18.449966,-25.050003,-102.750000,6199.000000
62000.000000,-0.454590,0.051270,0.895508,6200.000000,0.089645,-0.543594,0.047684,6200.000000,18.449966,-27.000000,-102.450012,6200.000000
62010.000000,-0.452148,0.047363,0.892578,6201.000000,-0.211716,0.185013,0.047684,6201.000000,18.149963,-27.000000,-102.450012,6201.000000
62020.000000,-0.450683,0.047363,0.892578,6202.000000,0.272751,0.246048,0.047684,6202.000000,17.849960,-27.150009,-103.950012,6202.000000
62030.000000,-0.447266,0.054199,0.904785,6203.000000,-0.516891,0.185013,0.413895,6203.000000,17.849960,-26.700012,-101.850006,6203.000000
62040.000000,-0.458984,0.050781,0.900390,6204.000000,-0.455856,0.062943,-0.070572,6204.000000,18.599960,-26.700012,-101.850006,6204.000000
62050.000000,-0.462891,0.050781,0.895996,6205.000000,0.333786,0.001907,0.413895,6205.000000,18.449966,-25.650009,-102.600006,6205.000000
62060.000000,-0.442871,0.044434,0.891601,6206.000000,-0.822067,-0.116348,-0.009537,6206.000000,18.449966,-25.050003,-102.750000,6206.000000
62070.000000,-0.446777,0.050293,0.885254,6207.000000,-0.150681,-0.055313,0.108719,6207.000000,18.149963,-25.050003,-102.750000,6207.000000
62080.000000,-0.448730,0.043945,0.885254,6208.000000,-0.211716,0.307083,-0.253677,6208.000000,18.599960,-25.950012,-101.550003,6208.000000
62090.000000,-0.447266,0.048828,0.887695,6209.000000,-0.089645,-0.299454,0.047684,6209.000000,18.599960,-25.200012,-102.150009,6209.000000
62100.000000,-0.452637,0.038086,0.902344,6210.000000,0.333786,0.062943,0.108719,6210.000000,17.849960,-25.200012,-102.150009,6210.000000
62110.000000,-0.448730,0.052246,0.902832,6211.000000,-0.089645,0.368118,0.230789,6211.000000,19.499954,-25.200012,-102.900009,6211.000000
62120.000000,-0.456055,0.043457,0.888183,6212.000000,0.272751,0.185013,0.108719,6212.000000,17.699966,-26.550003,-102.000000,6212.000000
62130.000000,-0.452148,0.040527,0.903808,6213.000000,0.394821,0.062943,-0.009537,6213.000000,17.699966,-24.750000,-102.750000,6213.000000
62140.000000,-0.456055,0.043457,0.882812,6214.000000,-0.150681,-0.116348,0.535965,6214.000000,18.149963,-24.750000,-102.750000,6214.000000
62150.000000,-0.459473,0.039551,0.889648,6215.000000,0.638962,0.123978,-0.375748,6215.000000,19.349960,-25.950012,-101.550003,6215.000000
62160.000000,-0.466308,0.045898,0.884765,6216.000000,-0.028610,0.612259,0.047684,6216.000000,19.349960,-25.950012,-102.150009,6216.000000
62170.000000,-0.456055,0.058105,0.894531,6217.000000,-0.028610,0.246048,0.047684,6217.000000,16.949966,-25.950012,-102.150009,6217.000000
62180.000000,-0.465332,0.055176,0.897949,6218.000000,-0.272751,-0.116348,-0.253677,6218.000000,16.949966,-25.800003,-102.750000,6218.000000
62190.000000,-0.458984,0.035645,0.898926,6219.000000,0.211716,0.551224,-0.009537,6219.000000,18.599960,-25.800003,-102.750000,6219.000000
62200.000000,-0.461426,0.057617,0.893066,6220.000000,0.333786,-0.116348,0.108719,6220.000000,17.249954,-26.700012,-102.150009,6220.000000
62210.000000,-0.456055,0.050781,0.897461,6221.000000,-0.089645,-0.360489,0.230789,6221.000000,17.249954,-26.550003,-103.050003,6221.000000
62220.000000,-0.470215,0.042969,0.900879,6222.000000,0.272751,-0.055313,-0.253677,6222.000000,17.249954,-26.550003,-103.050003,6222.000000
62230.000000,-0.431152,0.034180,0.897461,6223.000000,-0.150681,0.001907,-0.558853,6223.000000,18.599960,-26.250000,-103.800003,6223.000000
62240.000000,-0.441406,0.042969,0.899902,6224.000000,0.333786,0.490189,-0.619888,6224.000000,18.599960,-25.650009,-103.650009,6224.000000
62250.000000,-0.463379,0.043945,0.895019,6225.000000,-0.028610,-0.055313,-0.192642,6225.000000,17.849960,-25.650009,-103.650009,6225.000000
62260.000000,-0.448730,0.056641,0.888183,6226.000000,0.333786,0.185013,-0.253677,6226.000000,18.899963,-27.150009,-101.850006,6226.000000
62270.000000,-0.454101,0.059082,0.899902,6227.000000,0.028610,0.246048,-0.009537,6227.000000,18.899963,-26.700012,-102.600006,6227.000000
62280.000000,-0.459473,0.044922,0.887695,6228.000000,-0.028610,0.123978,0.291824,6228.000000,18.899963,-25.650009,-103.200012,6228.000000
62290.000000,-0.453613,0.047852,0.903808,6229.000000,-0.394821,0.246048,-0.009537,6229.000000,18.449966,-25.650009,-103.200012,6229.000000
62300.000000,-0.449219,0.051270,0.882812,6230.000000,-0.333786,0.429153,0.047684,6230.000000,19.499954,-25.050003,-102.750000,6230.000000
62310.000000,-0.444824,0.057129,0.893066,6231.000000,0.028610,-0.177383,-0.375748,6231.000000,19.499954,-25.800003,-102.750000,6231.000000
62320.000000,-0.455566,0.044434,0.895996,6232.000000,0.211716,0.246048,0.169754,6232.000000,18.449966,-25.800003,-102.750000,6232.000000
62330.000000,-0.455566,0.042480,0.887207,6233.000000,0.577927,0.123978,0.047684,6233.000000,18.449966,-25.800003,-101.250000,6233.000000
62340.000000,-0.465820,0.042969,0.892090,6234.000000,-0.089645,-0.116348,-0.619888,6234.000000,18.449966,-26.550003,-102.450012,6234.000000
62350.000000,-0.469726,0.055664,0.895508,6235.000000,0.150681,0.185013,0.047684,6235.000000,18.599960,-26.550003,-102.450012,6235.000000
62360.000000,-0.454590,0.052246,0.895019,6236.000000,-0.272751,0.246048,0.352859,6236.000000,18.749954,-25.200012,-102.150009,6236.000000
62370.000000,-0.444336,0.042480,0.894531,6237.000000,0.150681,0.246048,0.230789,6237.000000,18.749954,-25.500000,-101.700012,6237.000000
62380.000000,-0.448730,0.051758,0.890625,6238.000000,-0.822067,-0.177383,-0.253677,6238.000000,18.449966,-25.500000,-101.700012,6238.000000
62390.000000,-0.460937,0.053711,0.896484,6239.000000,-0.089645,0.062943,-0.009537,6239.000000,18.749954,-26.250000,-103.500000,6239.000000
62400.000000,-0.455078,0.039551,0.891113,6240.000000,-0.211716,0.246048,0.169754,6240.000000,18.749954,-26.550003,-101.700012,6240.000000
62410.000000,-0.447266,0.047852,0.891113,6241.000000,0.211716,-0.299454,0.169754,6241.000000,17.699966,-26.550003,-101.700012,6241.000000
62420.000000,-0.450195,0.042969,0.904297,6242.000000,0.394821,0.185013,0.108719,6242.000000,17.999954,-26.550003,-102.750000,6242.000000
62430.000000,-0.439941,0.058105,0.901855,6243.000000,-0.455856,0.062943,0.535965,6243.000000,18.749954,-26.250000,-101.250000,6243.000000
62440.000000,-0.446777,0.056152,0.898437,6244.000000,0.211716,0.062943,0.291824,6244.000000,18.749954,-24.300003,-102.450012,6244.000000
62450.000000,-0.453613,0.047363,0.888183,6245.000000,-0.089645,-0.421524,-0.131607,6245.000000,18.749954,-24.300003,-102.450012,6245.000000
62460.000000,-0.451172,0.040527,0.893554,6246.000000,0.211716,-0.177383,-0.192642,6246.000000,17.099960,-25.500000,-102.450012,6246.000000
62470.000000,-0.447754,0.046875,0.883789,6247.000000,-0.089645,-0.116348,-0.131607,6247.000000,17.699966,-24.900009,-101.850006,6247.000000
62480.000000,-0.447754,0.055664,0.895019,6248.000000,-0.150681,0.490189,0.047684,6248.000000,18.749954,-25.800003,-101.250000,6248.000000
62490.000000,-0.447754,0.050781,0.883301,6249.000000,-0.211716,0.551224,-0.070572,6249.000000,18.749954,-25.500000,-102.450012,6249.000000
62500.000000,-0.455078,0.054199,0.896972,6250.000000,0.394821,0.307083,-0.253677,6250.000000,18.599960,-25.500000,-102.450012,6250.000000
62510.000000,-0.441894,0.045410,0.892090,6251.000000,0.394821,0.795364,-0.009537,6251.000000,17.099960,-25.950012,-102.900009,6251.000000
62520.000000,-0.451660,0.040527,0.892578,6252.000000,0.150681,0.551224,-0.131607,6252.000000,17.099960,-25.950012,-101.850006,6252.000000
62530.000000,-0.460449,0.061035,0.893066,6253.000000,0.089645,0.551224,-0.558853,6253.000000,18.149963,-25.950012,-101.850006,6253.000000
62540.000000,-0.454101,0.047852,0.906250,6254.000000,0.028610,0.185013,-0.375748,6254.000000,18.149963,-25.950012,-101.850006,6254.000000
62550.000000,-0.459961,0.051758,0.905273,6255.000000,-0.150681,0.001907,-0.314713,6255.000000,18.149963,-25.950012,-101.550003,6255.000000
62560.000000,-0.457031,0.045410,0.895508,6256.000000,-0.638962,0.185013,-0.009537,6256.000000,17.999954,-25.950012,-101.550003,6256.000000
62570.000000,-0.456055,0.045410,0.885254,6257.000000,-1.127243,-0.299454,0.291824,6257.000000,18.449966,-24.750000,-103.500000,6257.000000
62580.000000,-0.464844,0.044922,0.896972,6258.000000,-0.028610,0.001907,-0.070572,6258.000000,17.999954,-25.050003,-102.450012,6258.000000
62590.000000,-0.453613,0.055664,0.899902,6259.000000,-0.333786,-0.116348,0.474930,6259.000000,17.999954,-26.250000,-102.000000,6259.000000
62600.000000,-0.469726,0.052246,0.892090,6260.000000,0.394821,-0.238419,0.047684,6260.000000,18.749954,-26.250000,-102.000000,6260.000000
62610.000000,-0.448242,0.041992,0.902344,6261.000000,0.394821,-0.665665,-0.253677,6261.000000,18.449966,-25.800003,-102.450012,6261.000000
62620.000000,-0.443848,0.055176,0.901855,6262.000000,0.455856,-0.238419,0.474930,6262.000000,18.449966,-25.050003,-102.450012,6262.000000
62630.000000,-0.464355,0.045898,0.894043,6263.000000,0.211716,-0.482559,0.230789,6263.000000,17.549957,-25.050003,-102.450012,6263.000000
62640.000000,-0.454101,0.051270,0.895019,6264.000000,0.150681,-0.360489,-0.070572,6264.000000,19.349960,-25.650009,-102.150009,6264.000000
62650.000000,-0.453125,0.055176,0.891601,6265.000000,0.883102,-0.055313,-0.253677,6265.000000,19.349960,-26.400009,-102.600006,6265.000000
62660.000000,-0.439941,0.043945,0.892578,6266.000000,0.028610,0.062943,-0.253677,6266.000000,17.999954,-26.400009,-102.600006,6266.000000
62670.000000,-0.444336,0.039551,0.886719,6267.000000,-0.577927,0.062943,-0.131607,6267.000000,19.499954,-26.250000,-102.000000,6267.000000
62680.000000,-0.448730,0.051270,0.905761,6268.000000,-0.089645,0.551224,-0.558853,6268.000000,19.499954,-25.800003,-103.800003,6268.000000
62690.000000,-0.451172,0.032715,0.889160,6269.000000,0.455856,0.185013,-0.253677,6269.000000,18.749954,-25.800003,-103.800003,6269.000000
62700.000000,-0.454101,0.048828,0.907226,6270.000000,0.394821,0.123978,-0.558853,6270.000000,19.799957,-26.250000,-102.450012,6270.000000
62710.000000,-0.439941,0.051270,0.906250,6271.000000,0.577927,0.062943,-0.375748,6271.000000,19.799957,-25.500000,-102.000000,6271.000000
62720.000000,-0.454590,0.047363,0.895996,6272.000000,-0.089645,0.246048,0.108719,6272.000000,19.049957,-25.500000,-102.000000,6272.000000
62730.000000,-0.449219,0.059570,0.900390,6273.000000,0.089645,-0.238419,0.352859,6273.000000,18.449966,-26.550003,-102.000000,6273.000000
62740.000000,-0.458496,0.043945,0.908203,6274.000000,-0.577927,0.246048,0.230789,6274.000000,18.599960,-25.050003,-102.450012,6274.000000
62750.000000,-0.451172,0.043945,0.902344,6275.000000,0.455856,0.062943,-0.009537,6275.000000,18.599960,-25.650009,-101.850006,6275.000000
62760.000000,-0.444824,0.055176,0.899414,6276.000000,0.089645,0.429153,-0.131607,6276.000000,17.549957,-25.650009,-101.850006,6276.000000
62770.000000,-0.458008,0.043457,0.907226,6277.000000,0.089645,0.001907,-0.009537,6277.000000,18.599960,-25.200012,-102.150009,6277.000000
62780.000000,-0.451172,0.046387,0.897949,6278.000000,0.333786,0.368118,0.535965,6278.000000,18.599960,-26.400009,-101.550003,6278.000000
62790.000000,-0.444824,0.045410,0.901367,6279.000000,0.577927,-0.299454,0.352859,6279.000000,18.749954,-26.400009,-101.550003,6279.000000
62800.000000,-0.464355,0.035156,0.896484,6280.000000,0.516891,-0.360489,-0.375748,6280.000000,16.949966,-25.800003,-101.250000,6280.000000
62810.000000,-0.455566,0.044922,0.893066,6281.000000,0.883102,-0.421524,0.291824,6281.000000,16.949966,-26.250000,-103.500000,6281.000000
62820.000000,-0.464844,0.052246,0.902832,6282.000000,-0.028610,-0.238419,-0.680923,6282.000000,19.649963,-26.250000,-103.500000,6282.000000
62830.000000,-0.445801,0.043945,0.889648,6283.000000,0.516891,0.551224,-0.375748,6283.000000,18.449966,-26.400009,-102.150009,6283.000000
62840.000000,-0.452637,0.054687,0.895508,6284.000000,-0.211716,0.246048,0.230789,6284.000000,18.449966,-26.250000,-102.450012,6284.000000
62850.000000,-0.448242,0.041016,0.889160,6285.000000,-0.211716,0.001907,-0.253677,6285.000000,18.899963,-26.250000,-102.450012,6285.000000
62860.000000,-0.444336,0.048828,0.898437,6286.000000,-0.333786,0.551224,-0.314713,6286.000000,17.849960,-25.200012,-102.600006,6286.000000
62870.000000,-0.451660,0.052734,0.896972,6287.000000,-0.394821,0.795364,0.291824,6287.000000,17.849960,-26.700012,-101.550003,6287.000000
62880.000000,-0.447754,0.060059,0.889648,6288.000000,0.211716,0.368118,0.474930,6288.000000,18.449966,-26.700012,-101.550003,6288.000000
62890.000000,-0.451172,0.048828,0.901855,6289.000000,0.516891,0.673294,-0.070572,6289.000000,18.449966,-25.800003,-102.450012,6289.000000
62900.000000,-0.457031,0.040039,0.901855,6290.000000,0.577927,-0.177383,0.230789,6290.000000,18.749954,-25.050003,-101.700012,6290.000000
62910.000000,-0.472656,0.039551,0.883789,6291.000000,0.089645,0.123978,-0.131607,6291.000000,18.749954,-24.300003,-102.000000,6291.000000
62920.000000,-0.452148,0.041504,0.903320,6292.000000,-0.028610,0.001907,-0.375748,6292.000000,18.449966,-24.300003,-102.000000,6292.000000
62930.000000,-0.457519,0.053711,0.886719,6293.000000,-0.333786,-0.177383,0.230789,6293.000000,18.449966,-27.300003,-102.750000,6293.000000
62940.000000,-0.454101,0.042480,0.892090,6294.000000,-0.211716,-0.604630,0.230789,6294.000000,17.699966,-27.300003,-102.750000,6294.000000
62950.000000,-0.451172,0.041016,0.895996,6295.000000,-0.333786,0.062943,0.047684,6295.000000,19.799957,-25.050003,-103.500000,6295.000000
62960.000000,-0.448242,0.039551,0.903808,6296.000000,-0.028610,0.062943,0.413895,6296.000000,19.799957,-27.000000,-103.800003,6296.000000
62970.000000,-0.451660,0.051758,0.895019,6297.000000,0.211716,0.368118,-0.070572,6297.000000,17.549957,-27.000000,-103.800003,6297.000000
62980.000000,-0.460449,0.028809,0.896972,6298.000000,0.150681,0.307083,0.169754,6298.000000,18.749954,-25.950012,-102.150009,6298.000000
62990.000000,-0.448242,0.057129,0.895508,6299.000000,0.516891,0.368118,-0.131607,6299.000000,18.749954,-27.000000,-104.100006,6299.000000
63000.000000,-0.444824,0.041504,0.899414,6300.000000,-0.211716,0.185013,0.413895,6300.000000,17.999954,-27.000000,-104.100006,6300.000000
63010.000000,-0.462891,0.045410,0.895508,6301.000000,-0.394821,0.001907,0.413895,6301.000000,17.549957,-25.500000,-103.050003,6301.000000
63020.000000,-0.458984,0.048828,0.898926,6302.000000,0.150681,-0.116348,0.230789,6302.000000,17.549957,-27.450012,-101.100006,6302.000000
63030.000000,-0.439941,0.056641,0.897949,6303.000000,0.028610,0.185013,-0.314713,6303.000000,17.699966,-27.450012,-101.100006,6303.000000
63040.000000,-0.453125,0.051758,0.899414,6304.000000,0.333786,0.185013,0.047684,6304.000000,18.149963,-25.050003,-102.750000,6304.000000
63050.000000,-0.448242,0.046875,0.902344,6305.000000,-0.211716,-0.177383,-0.192642,6305.000000,19.499954,-26.700012,-102.150009,6305.000000
63060.000000,-0.455566,0.054687,0.882324,6306.000000,-0.211716,-0.482559,0.169754,6306.000000,19.499954,-27.000000,-102.450012,6306.000000
63070.000000,-0.457031,0.049805,0.895508,6307.000000,-1.249313,0.062943,-0.375748,6307.000000,17.549957,-27.000000,-102.450012,6307.000000
63080.000000,-0.441894,0.055176,0.904785,6308.000000,-0.333786,0.062943,0.352859,6308.000000,20.549957,-25.650009,-102.900009,6308.000000
63090.000000,-0.444824,0.054199,0.906250,6309.000000,-0.394821,0.246048,0.413895,6309.000000,20.549957,-27.300003,-103.050003,6309.000000
63100.000000,-0.458984,0.033691,0.913574,6310.000000,0.089645,0.246048,0.108719,6310.000000,18.599960,-27.300003,-103.050003,6310.000000
63110.000000,-0.457031,0.056152,0.895508,6311.000000,-0.049591,0.612259,0.291824,6311.000000,16.949966,-25.950012,-101.550003,6311.000000
63120.000000,-0.464844,0.039062,0.898926,6312.000000,-0.293732,0.505447,-0.522614,6312.000000,16.949966,-25.800003,-102.000000,6312.000000
63130.000000,-0.461426,0.053223,0.910156,6313.000000,0.617981,-0.284195,-0.217438,6313.000000,18.599960,-25.800003,-102.000000,6313.000000
63140.000000,-0.452148,0.037598,0.898437,6314.000000,0.556946,-0.040054,-0.705719,6314.000000,18.149963,-25.650009,-101.850006,6314.000000
63150.000000,-0.453125,0.044434,0.893554,6315.000000,0.068665,0.383377,-0.827789,6315.000000,18.149963,-24.900009,-103.650009,6315.000000
63160.000000,-0.445801,0.055664,0.884277,6316.000000,-0.110626,-0.528336,0.144958,6316.000000,18.749954,-24.900009,-103.650009,6316.000000
63170.000000,-0.455078,0.045898,0.896484,6317.000000,0.007629,0.627518,-0.278473,6317.000000,18.599960,-25.800003,-102.750000,6317.000000
63180.000000,-0.457519,0.046875,0.886230,6318.000000,-0.598907,0.261307,0.389099,6318.000000,18.599960,-24.900009,-101.100006,6318.000000
63190.000000,-0.449219,0.043945,0.889648,6319.000000,-0.293732,0.078201,0.022888,6319.000000,17.249954,-24.900009,-101.100006,6319.000000
63200.000000,-0.465820,0.041016,0.900879,6320.000000,0.251770,0.688553,-0.217438,6320.000000,18.899963,-26.550003,-101.700012,6320.000000
63210.000000,-0.456543,0.054199,0.910156,6321.000000,-0.598907,-0.345230,0.022888,6321.000000,19.499954,-27.150009,-102.150009,6321.000000
63220.000000,-0.451660,0.049805,0.897461,6322.000000,-0.049591,0.017166,-0.217438,6322.000000,19.649963,-25.800003,-102.000000,6322.000000
63230.000000,-0.451172,0.051758,0.896972,6323.000000,0.495911,-0.467300,-0.400543,6323.000000,17.849960,-25.650009,-102.600006,6323.000000
63240.000000,-0.459961,0.059570,0.899902,6324.000000,-0.171661,-0.101089,0.267029,6324.000000,17.849960,-24.450012,-103.200012,6324.000000
63250.000000,-0.463867,0.054199,0.888183,6325.000000,-0.171661,0.383377,-0.278473,6325.000000,18.899963,-24.450012,-103.200012,6325.000000
63260.000000,-0.448730,0.043457,0.895996,6326.000000,0.373840,0.017166,-0.095367,6326.000000,19.049957,-26.400009,-104.700012,6326.000000
63270.000000,-0.455566,0.043945,0.892578,6327.000000,-0.110626,-0.101089,0.083923,6327.000000,19.049957,-24.000000,-102.750000,6327.000000
63280.000000,-0.442383,0.043945,0.882812,6328.000000,0.251770,-0.101089,0.205994,6328.000000,17.549957,-24.000000,-102.750000,6328.000000
63290.000000,-0.441406,0.050293,0.889160,6329.000000,-0.049591,-0.101089,0.144958,6329.000000,18.149963,-25.950012,-101.100006,6329.000000
63300.000000,-0.448730,0.048340,0.897949,6330.000000,-0.171661,0.566483,-0.034332,6330.000000,18.149963,-23.850006,-102.600006,6330.000000
63310.000000,-0.458984,0.042480,0.901855,6331.000000,0.251770,0.139236,0.022888,6331.000000,20.399963,-23.850006,-102.600006,6331.000000
63320.000000,-0.463867,0.040039,0.897949,6332.000000,-0.476837,0.200272,0.022888,6332.000000,18.449966,-25.650009,-102.600006,6332.000000
63330.000000,-0.464844,0.050293,0.900390,6333.000000,-0.354767,0.200272,-0.461578,6333.000000,18.449966,-25.800003,-101.250000,6333.000000
63340.000000,-0.456543,0.046875,0.905273,6334.000000,-0.171661,-0.040054,0.083923,6334.000000,16.649963,-25.800003,-101.250000,6334.000000
63350.000000,-0.457031,0.041016,0.889648,6335.000000,-0.476837,0.017166,-0.217438,6335.000000,18.149963,-25.800003,-102.450012,6335.000000
63360.000000,-0.453125,0.060059,0.899902,6336.000000,-0.171661,0.078201,0.389099,6336.000000,19.049957,-24.900009,-103.200012,6336.000000
63370.000000,-0.453613,0.058105,0.885742,6337.000000,-0.293732,-0.345230,-0.095367,6337.000000,19.049957,-25.500000,-104.100006,6337.000000
63380.000000,-0.456543,0.042480,0.893066,6338.000000,0.434875,-0.162125,0.022888,6338.000000,19.649963,-25.500000,-104.100006,6338.000000
63390.000000,-0.456055,0.048828,0.892090,6339.000000,-0.354767,-0.040054,-0.095367,6339.000000,19.649963,-24.900009,-102.150009,6339.000000
63400.000000,-0.445312,0.041992,0.898926,6340.000000,0.617981,0.200272,0.022888,6340.000000,19.649963,-26.700012,-102.600006,6340.000000
63410.000000,-0.450195,0.052734,0.895019,6341.000000,0.129700,0.078201,-0.217438,6341.000000,18.449966,-26.700012,-102.600006,6341.000000
63420.000000,-0.444824,0.052246,0.891601,6342.000000,0.068665,-0.101089,-0.034332,6342.000000,18.599960,-26.250000,-102.000000,6342.000000
63430.000000,-0.457519,0.052734,0.898926,6343.000000,0.312805,0.017166,0.022888,6343.000000,18.599960,-25.200012,-101.100006,6343.000000
63440.000000,-0.457519,0.052246,0.903320,6344.000000,0.495911,0.017166,-0.095367,6344.000000,19.799957,-25.200012,-101.100006,6344.000000
63450.000000,-0.453125,0.053711,0.883789,6345.000000,0.495911,-0.223160,-0.095367,6345.000000,17.549957,-25.500000,-102.000000,6345.000000
63460.000000,-0.452148,0.048340,0.892090,6346.000000,-0.049591,0.078201,-0.278473,6346.000000,17.549957,-25.200012,-103.200012,6346.000000
63470.000000,-0.456543,0.051270,0.899902,6347.000000,-0.293732,-0.101089,0.022888,6347.000000,17.999954,-25.200012,-103.200012,6347.000000
63480.000000,-0.448242,0.042480,0.895019,6348.000000,-0.354767,-0.040054,0.144958,6348.000000,18.749954,-25.800003,-102.450012,6348.000000
63490.000000,-0.440918,0.044922,0.899414,6349.000000,0.373840,-0.101089,-0.278473,6349.000000,18.749954,-25.800003,-101.250000,6349.000000
63500.000000,-0.450195,0.042969,0.906738,6350.000000,-0.476837,-0.040054,-0.522614,6350.000000,19.799957,-25.800003,-101.250000,6350.000000
63510.000000,-0.460937,0.049805,0.896484,6351.000000,0.007629,0.444412,-0.522614,6351.000000,18.449966,-25.800003,-100.950012,6351.000000
63520.000000,-0.453613,0.041992,0.905761,6352.000000,0.129700,0.078201,-0.339508,6352.000000,17.999954,-26.550003,-102.450012,6352.000000
63530.000000,-0.450195,0.049805,0.893066,6353.000000,0.129700,0.261307,-0.156403,6353.000000,17.099960,-25.500000,-102.450012,6353.000000
63540.000000,-0.466797,0.047852,0.895996,6354.000000,-0.537872,0.139236,-0.095367,6354.000000,16.799957,-27.450012,-103.200012,6354.000000
63550.000000,-0.452637,0.059570,0.893066,6355.000000,-0.293732,0.017166,-0.278473,6355.000000,16.799957,-25.950012,-102.150009,6355.000000
63560.000000,-0.459961,0.041992,0.905761,6356.000000,-0.293732,-0.040054,0.450134,6356.000000,18.449966,-25.950012,-102.150009,6356.000000
63570.000000,-0.461426,0.041016,0.896484,6357.000000,-0.232697,0.139236,0.328064,6357.000000,17.999954,-25.800003,-101.250000,6357.000000
63580.000000,-0.454101,0.050293,0.909179,6358.000000,0.007629,-0.101089,0.450134,6358.000000,17.999954,-24.750000,-103.050003,6358.000000
63590.000000,-0.472168,0.047363,0.902832,6359.000000,0.251770,-0.528336,0.267029,6359.000000,19.649963,-24.750000,-103.050003,6359.000000
63600.000000,-0.456543,0.043945,0.899902,6360.000000,0.129700,-0.528336,0.083923,6360.000000,18.149963,-25.650009,-101.550003,6360.000000
63610.000000,-0.449219,0.043945,0.888672,6361.000000,0.740051,-0.528336,0.511169,6361.000000,18.149963,-24.900009,-101.550003,6361.000000
63620.000000,-0.453613,0.046387,0.899414,6362.000000,0.251770,-0.833511,0.267029,6362.000000,19.349960,-24.900009,-101.550003,6362.000000
63630.000000,-0.450195,0.048340,0.897949,6363.000000,0.312805,-0.284195,0.144958,6363.000000,17.249954,-25.200012,-101.100006,6363.000000
63640.000000,-0.450195,0.047363,0.906250,6364.000000,-0.171661,-0.345230,0.144958,6364.000000,17.249954,-26.550003,-101.250000,6364.000000
63650.000000,-0.440918,0.046387,0.887695,6365.000000,-0.293732,0.017166,-0.400543,6365.000000,18.149963,-26.550003,-101.250000,6365.000000
63660.000000,-0.460937,0.054687,0.887207,6366.000000,0.129700,0.017166,-0.339508,6366.000000,18.449966,-25.650009,-102.150009,6366.000000
63670.000000,-0.456543,0.039551,0.891113,6367.000000,0.495911,0.566483,-0.644684,6367.000000,18.749954,-26.250000,-100.650009,6367.000000
63680.000000,-0.461914,0.047363,0.906738,6368.000000,0.862122,0.383377,-0.522614,6368.000000,18.749954,-25.500000,-104.100006,6368.000000
63690.000000,-0.445312,0.052246,0.894043,6369.000000,-0.171661,0.261307,-0.583649,6369.000000,17.849960,-25.500000,-104.100006,6369.000000
63700.000000,-0.454590,0.037109,0.900879,6370.000000,-0.171661,0.444412,-0.095367,6370.000000,18.149963,-26.400009,-103.200012,6370.000000
63710.000000,-0.464355,0.048340,0.893554,6371.000000,0.251770,0.139236,0.022888,6371.000000,18.149963,-25.650009,-101.550003,6371.000000
63720.000000,-0.465820,0.052734,0.898926,6372.000000,0.129700,0.200272,-0.034332,6372.000000,17.849960,-25.650009,-101.550003,6372.000000
63730.000000,-0.444824,0.049805,0.896972,6373.000000,-0.659943,0.078201,0.022888,6373.000000,19.649963,-26.400009,-102.150009,6373.000000
63740.000000,-0.442871,0.048340,0.896484,6374.000000,-0.171661,-0.223160,0.328064,6374.000000,19.649963,-26.400009,-101.850006,6374.000000
63750.000000,-0.466308,0.051758,0.896972,6375.000000,-0.659943,-0.040054,0.633240,6375.000000,18.749954,-26.400009,-101.850006,6375.000000
63760.000000,-0.444824,0.043945,0.900390,6376.000000,0.068665,-0.406265,-0.095367,6376.000000,18.449966,-26.250000,-102.450012,6376.000000
63770.000000,-0.449707,0.046387,0.891601,6377.000000,0.007629,0.688553,-0.339508,6377.000000,18.449966,-26.550003,-102.750000,6377.000000
63780.000000,-0.470215,0.038574,0.895508,6378.000000,0.556946,0.139236,0.083923,6378.000000,17.999954,-26.550003,-102.750000,6378.000000
63790.000000,-0.454590,0.036133,0.901855,6379.000000,0.312805,0.017166,-0.095367,6379.000000,18.599960,-25.050003,-103.050003,6379.000000
63800.000000,-0.441894,0.049805,0.902344,6380.000000,0.312805,0.261307,-0.339508,6380.000000,18.599960,-25.200012,-102.150009,6380.000000
63810.000000,-0.448242,0.052246,0.900879,6381.000000,0.495911,0.017166,-0.339508,6381.000000,19.799957,-25.200012,-102.150009,6381.000000
63820.000000,-0.461914,0.039551,0.895996,6382.000000,0.007629,0.627518,-0.278473,6382.000000,17.849960,-26.550003,-100.950012,6382.000000
63830.000000,-0.464355,0.041504,0.905761,6383.000000,0.007629,0.139236,0.267029,6383.000000,17.849960,-26.400009,-102.150009,6383.000000
63840.000000,-0.457519,0.046875,0.895996,6384.000000,-0.110626,0.444412,-0.095367,6384.000000,19.349960,-26.400009,-102.150009,6384.000000
63850.000000,-0.463867,0.035156,0.898437,6385.000000,0.068665,0.200272,-0.583649,6385.000000,19.349960,-24.900009,-101.100006,6385.000000
63860.000000,-0.447266,0.039062,0.895996,6386.000000,-0.171661,-0.101089,-0.400543,6386.000000,19.349960,-27.150009,-101.100006,6386.000000
63870.000000,-0.467773,0.039062,0.895508,6387.000000,-0.354767,-0.284195,-0.461578,6387.000000,19.049957,-27.150009,-101.100006,6387.000000
63880.000000,-0.461426,0.045898,0.898437,6388.000000,-0.171661,-0.162125,0.205994,6388.000000,17.999954,-26.550003,-102.750000,6388.000000
63890.000000,-0.452637,0.048340,0.905273,6389.000000,-0.354767,0.017166,-0.034332,6389.000000,17.999954,-25.050003,-103.050003,6389.000000
63900.000000,-0.457031,0.042969,0.898926,6390.000000,0.068665,-0.040054,-0.156403,6390.000000,17.849960,-25.050003,-103.050003,6390.000000
63910.000000,-0.445801,0.042969,0.888183,6391.000000,-0.293732,-0.101089,0.450134,6391.000000,17.999954,-25.650009,-102.900009,6391.000000
63920.000000,-0.454590,0.053711,0.890625,6392.000000,-0.110626,-0.040054,0.022888,6392.000000,17.999954,-25.050003,-102.000000,6392.000000
63930.000000,-0.450683,0.046875,0.899902,6393.000000,-0.476837,0.139236,-0.034332,6393.000000,20.249954,-25.050003,-102.000000,6393.000000
63940.000000,-0.451172,0.040039,0.887695,6394.000000,-0.049591,0.017166,0.083923,6394.000000,18.899963,-25.050003,-102.450012,6394.000000
63950.000000,-0.459961,0.049805,0.901855,6395.000000,-0.110626,-0.223160,0.022888,6395.000000,18.899963,-26.400009,-101.550003,6395.000000
63960.000000,-0.452148,0.048828,0.893066,6396.000000,-0.171661,-0.589371,-0.400543,6396.000000,18.749954,-26.400009,-101.550003,6396.000000
63970.000000,-0.450195,0.040039,0.908691,6397.000000,-0.110626,0.139236,0.083923,6397.000000,18.149963,-24.750000,-103.050003,6397.000000
63980.000000,-0.435547,0.054687,0.893066,6398.000000,-0.659943,0.139236,-0.034332,6398.000000,17.849960,-25.650009,-101.100006,6398.000000
63990.000000,-0.456543,0.061035,0.897461,6399.000000,-0.049591,-0.101089,-0.278473,6399.000000,17.849960,-25.650009,-101.850006,6399.000000
64000.000000,-0.455566,0.068848,0.893554,6400.000000,-0.354767,0.078201,0.205994,6400.000000,17.099960,-25.650009,-101.850006,6400.000000
64010.000000,-0.464355,0.060547,0.886719,6401.000000,-0.049591,0.505447,0.144958,6401.000000,18.149963,-25.950012,-102.900009,6401.000000
64020.000000,-0.449707,0.039062,0.900879,6402.000000,-0.110626,-0.162125,0.328064,6402.000000,18.149963,-25.200012,-102.150009,6402.000000
64030.000000,-0.463379,0.041016,0.899902,6403.000000,-0.293732,-0.284195,0.022888,6403.000000,17.999954,-25.200012,-102.150009,6403.000000
64040.000000,-0.456055,0.041992,0.891601,6404.000000,-0.293732,0.078201,0.205994,6404.000000,18.599960,-25.500000,-101.700012,6404.000000
64050.000000,-0.455566,0.052734,0.893066,6405.000000,-0.293732,0.261307,0.083923,6405.000000,18.599960,-25.650009,-102.600006,6405.000000
64060.000000,-0.453613,0.038574,0.884277,6406.000000,-0.171661,0.261307,0.328064,6406.000000,18.899963,-25.650009,-102.600006,6406.000000
64070.000000,-0.443848,0.059082,0.903808,6407.000000,-0.537872,-0.162125,-0.156403,6407.000000,18.749954,-26.700012,-103.200012,6407.000000
64080.000000,-0.446289,0.053223,0.900879,6408.000000,-0.232697,0.139236,0.511169,6408.000000,18.749954,-24.300003,-102.450012,6408.000000
64090.000000,-0.453613,0.049805,0.897461,6409.000000,0.190735,-0.040054,-0.217438,6409.000000,18.899963,-24.300003,-102.450012,6409.000000
64100.000000,-0.457519,0.047852,0.889648,6410.000000,0.007629,-0.040054,-0.583649,6410.000000,18.749954,-25.950012,-102.150009,6410.000000
64110.000000,-0.448242,0.044434,0.906738,6411.000000,0.373840,-0.101089,0.022888,6411.000000,18.749954,-26.250000,-102.000000,6411.000000
64120.000000,-0.457519,0.061035,0.886719,6412.000000,0.556946,0.139236,0.328064,6412.000000,17.849960,-26.250000,-102.000000,6412.000000
64130.000000,-0.468750,0.041992,0.904297,6413.000000,0.312805,0.017166,-0.339508,6413.000000,18.449966,-25.200012,-102.150009,6413.000000
64140.000000,-0.458496,0.054199,0.897461,6414.000000,-0.049591,-0.345230,-0.034332,6414.000000,18.449966,-26.250000,-103.800003,6414.000000
64150.000000,-0.459961,0.055176,0.895019,6415.000000,0.862122,0.261307,0.022888,6415.000000,19.649963,-26.250000,-103.800003,6415.000000
64160.000000,-0.453613,0.048340,0.903808,6416.000000,0.129700,0.261307,0.572205,6416.000000,19.499954,-25.950012,-102.900009,6416.000000
64170.000000,-0.454590,0.054687,0.899414,6417.000000,-0.232697,0.566483,-0.095367,6417.000000,19.499954,-25.800003,-100.950012,6417.000000
64180.000000,-0.452148,0.029297,0.890136,6418.000000,-0.110626,0.017166,-0.339508,6418.000000,19.949966,-25.800003,-100.950012,6418.000000
64190.000000,-0.462402,0.048340,0.890136,6419.000000,0.007629,0.017166,0.267029,6419.000000,19.049957,-26.400009,-103.200012,6419.000000
64200.000000,-0.448730,0.046875,0.888183,6420.000000,0.434875,0.261307,-0.095367,6420.000000,19.049957,-26.550003,-102.000000,6420.000000
64210.000000,-0.454101,0.043945,0.906738,6421.000000,0.862122,0.322342,0.083923,6421.000000,17.999954,-26.550003,-102.000000,6421.000000
64220.000000,-0.470703,0.037109,0.909179,6422.000000,0.373840,1.176834,-0.034332,6422.000000,19.349960,-25.500000,-102.750000,6422.000000
64230.000000,-0.453125,0.043457,0.895508,6423.000000,0.801086,0.810623,-0.278473,6423.000000,19.349960,-26.700012,-102.600006,6423.000000
64240.000000,-0.443848,0.057129,0.909179,6424.000000,0.679016,-0.101089,0.083923,6424.000000,17.999954,-26.700012,-102.600006,6424.000000
64250.000000,-0.457031,0.033203,0.895508,6425.000000,0.556946,0.505447,0.389099,6425.000000,18.899963,-25.500000,-103.050003,6425.000000
64260.000000,-0.458008,0.046875,0.899414,6426.000000,0.801086,0.200272,-0.400543,6426.000000,18.899963,-25.950012,-103.200012,6426.000000
64270.000000,-0.458984,0.054687,0.895508,6427.000000,0.068665,0.261307,0.267029,6427.000000,19.049957,-25.950012,-103.200012,6427.000000
64280.000000,-0.451172,0.045410,0.885742,6428.000000,-0.232697,0.810623,0.083923,6428.000000,17.249954,-25.500000,-102.750000,6428.000000
64290.000000,-0.453125,0.045898,0.898926,6429.000000,-0.110626,0.566483,-0.156403,6429.000000,18.749954,-25.500000,-100.950012,6429.000000
64300.000000,-0.455566,0.039062,0.892578,6430.000000,-0.049591,0.688553,0.572205,6430.000000,18.749954,-25.800003,-103.050003,6430.000000
64310.000000,-0.457031,0.056152,0.896972,6431.000000,-0.354767,-0.467300,-0.217438,6431.000000,17.999954,-25.800003,-103.050003,6431.000000
64320.000000,-0.456543,0.031738,0.896484,6432.000000,-0.354767,-0.345230,0.572205,6432.000000,18.599960,-27.300003,-102.000000,6432.000000
64330.000000,-0.462402,0.051758,0.895019,6433.000000,-0.049591,0.383377,0.144958,6433.000000,18.599960,-27.150009,-102.150009,6433.000000
64340.000000,-0.448730,0.042969,0.895508,6434.000000,-0.476837,-0.345230,-0.583649,6434.000000,18.149963,-27.150009,-102.150009,6434.000000
64350.000000,-0.459961,0.046875,0.902832,6435.000000,0.434875,-0.467300,-0.156403,6435.000000,19.949966,-25.950012,-102.900009,6435.000000
64360.000000,-0.456055,0.043945,0.893554,6436.000000,0.068665,-0.345230,-0.339508,6436.000000,19.949966,-25.650009,-101.850006,6436.000000
64370.000000,-0.459473,0.054687,0.897949,6437.000000,-0.354767,-0.162125,-0.034332,6437.000000,18.749954,-25.650009,-101.850006,6437.000000
64380.000000,-0.462891,0.043457,0.899902,6438.000000,-0.293732,0.139236,-0.095367,6438.000000,17.999954,-25.800003,-102.750000,6438.000000
64390.000000,-0.448730,0.052246,0.898926,6439.000000,-0.354767,0.017166,0.511169,6439.000000,17.999954,-25.500000,-101.700012,6439.000000
64400.000000,-0.460937,0.048828,0.897949,6440.000000,-0.476837,-0.345230,0.083923,6440.000000,18.149963,-25.500000,-101.700012,6440.000000
64410.000000,-0.448730,0.041992,0.893066,6441.000000,-0.354767,-0.284195,0.205994,6441.000000,17.549957,-25.650009,-102.900009,6441.000000
64420.000000,-0.459473,0.033203,0.877441,6442.000000,0.129700,-0.162125,-0.339508,6442.000000,17.849960,-25.650009,-102.900009,6442.000000
64430.000000,-0.447266,0.053711,0.905761,6443.000000,0.556946,-0.223160,0.328064,6443.000000,18.449966,-25.200012,-102.600006,6443.000000
64440.000000,-0.460937,0.055176,0.909668,6444.000000,-0.232697,0.017166,0.450134,6444.000000,19.649963,-26.250000,-103.050003,6444.000000
64450.000000,-0.459961,0.051758,0.908203,6445.000000,0.129700,-0.162125,0.389099,6445.000000,19.649963,-26.700012,-101.850006,6445.000000
64460.000000,-0.442871,0.049805,0.901367,6446.000000,-0.293732,-0.040054,1.060486,6446.000000,18.449966,-26.700012,-101.850006,6446.000000
64470.000000,-0.458008,0.035645,0.894043,6447.000000,-0.171661,0.017166,-0.156403,6447.000000,19.649963,-25.050003,-102.450012,6447.000000
64480.000000,-0.454101,0.046875,0.896484,6448.000000,-0.476837,-0.284195,-0.156403,6448.000000,19.649963,-25.950012,-102.900009,6448.000000
64490.000000,-0.454590,0.043945,0.892578,6449.000000,-0.110626,-0.223160,-0.400543,6449.000000,18.599960,-25.950012,-102.900009,6449.000000
64500.000000,-0.458008,0.037598,0.894043,6450.000000,-0.171661,-0.528336,0.083923,6450.000000,19.049957,-26.400009,-102.600006,6450.000000
64510.000000,-0.446777,0.053223,0.889160,6451.000000,-0.232697,0.078201,0.328064,6451.000000,19.049957,-25.500000,-102.750000,6451.000000
64520.000000,-0.451660,0.041504,0.899414,6452.000000,0.007629,0.200272,-0.217438,6452.000000,19.349960,-25.500000,-102.750000,6452.000000
64530.000000,-0.446289,0.039551,0.888183,6453.000000,-0.171661,0.322342,-0.034332,6453.000000,17.999954,-25.650009,-102.600006,6453.000000
64540.000000,-0.462402,0.044922,0.907226,6454.000000,0.068665,0.017166,0.022888,6454.000000,17.999954,-25.500000,-102.450012,6454.000000
64550.000000,-0.460937,0.036133,0.902344,6455.000000,0.373840,0.505447,0.144958,6455.000000,18.749954,-25.500000,-102.450012,6455.000000
64560.000000,-0.458496,0.045410,0.899414,6456.000000,0.068665,0.200272,-0.034332,6456.000000,19.049957,-25.800003,-102.450012,6456.000000
64570.000000,-0.463379,0.036133,0.900390,6457.000000,0.251770,0.017166,0.328064,6457.000000,19.049957,-26.550003,-103.800003,6457.000000
64580.000000,-0.463867,0.044434,0.895019,6458.000000,-0.171661,0.383377,-0.095367,6458.000000,19.349960,-26.550003,-103.800003,6458.000000
64590.000000,-0.461426,0.046387,0.890625,6459.000000,-0.110626,0.322342,0.205994,6459.000000,19.049957,-25.200012,-103.200012,6459.000000
64600.000000,-0.437988,0.045898,0.892578,6460.000000,-0.049591,0.078201,0.267029,6460.000000,18.749954,-25.050003,-101.250000,6460.000000
64610.000000,-0.459961,0.048340,0.904297,6461.000000,-0.476837,0.383377,0.328064,6461.000000,18.749954,-26.550003,-102.450012,6461.000000
64620.000000,-0.454590,0.045898,0.900879,6462.000000,-0.354767,-0.223160,0.328064,6462.000000,17.549957,-26.550003,-102.450012,6462.000000
64630.000000,-0.451172,0.061035,0.901855,6463.000000,-0.049591,-0.406265,0.328064,6463.000000,18.149963,-25.650009,-102.600006,6463.000000
64640.000000,-0.451660,0.048340,0.901367,6464.000000,0.373840,-1.138687,0.144958,6464.000000,18.149963,-25.200012,-101.550003,6464.000000
64650.000000,-0.448242,0.037109,0.896972,6465.000000,0.679016,-0.711441,0.022888,6465.000000,17.999954,-25.200012,-101.550003,6465.000000
64660.000000,-0.453125,0.039062,0.897461,6466.000000,0.740051,-0.650406,0.205994,6466.000000,18.599960,-26.550003,-104.550003,6466.000000
64670.000000,-0.444336,0.047363,0.899414,6467.000000,0.862122,-0.650406,0.083923,6467.000000,18.599960,-24.900009,-102.900009,6467.000000
64680.000000,-0.448730,0.041016,0.893066,6468.000000,0.068665,-0.223160,0.083923,6468.000000,19.049957,-24.900009,-102.900009,6468.000000
64690.000000,-0.460449,0.049316,0.894043,6469.000000,0.190735,0.017166,0.389099,6469.000000,18.599960,-25.500000,-102.450012,6469.000000
64700.000000,-0.445801,0.058105,0.897949,6470.000000,-0.171661,0.627518,-0.583649,6470.000000,18.599960,-25.200012,-103.200012,6470.000000
64710.000000,-0.450683,0.052734,0.900390,6471.000000,-0.476837,0.383377,0.022888,6471.000000,17.999954,-25.200012,-103.200012,6471.000000
64720.000000,-0.451660,0.038086,0.895508,6472.000000,0.129700,0.261307,-0.339508,6472.000000,19.799957,-25.800003,-102.750000,6472.000000
64730.000000,-0.465820,0.054687,0.900390,6473.000000,-0.171661,-0.101089,-0.034332,6473.000000,18.899963,-25.500000,-100.650009,6473.000000
64740.000000,-0.446289,0.047852,0.892578,6474.000000,-0.110626,-0.284195,-0.217438,6474.000000,17.849960,-26.400009,-103.200012,6474.000000
64750.000000,-0.466308,0.055176,0.896972,6475.000000,-0.537872,-0.040054,0.205994,6475.000000,17.849960,-25.950012,-101.850006,6475.000000
64760.000000,-0.463867,0.042969,0.902832,6476.000000,-0.293732,-0.345230,-0.095367,6476.000000,17.849960,-25.200012,-103.650009,6476.000000
64770.000000,-0.446289,0.051270,0.896972,6477.000000,-0.354767,0.261307,-0.339508,6477.000000,18.449966,-25.200012,-103.650009,6477.000000
64780.000000,-0.460449,0.039062,0.894043,6478.000000,0.312805,-0.101089,-0.217438,6478.000000,18.749954,-25.500000,-102.750000,6478.000000
64790.000000,-0.443359,0.058105,0.898437,6479.000000,0.373840,-0.040054,-0.217438,6479.000000,18.749954,-25.500000,-100.950012,6479.000000
64800.000000,-0.439453,0.041016,0.901855,6480.000000,0.923157,0.139236,0.022888,6480.000000,18.749954,-25.500000,-100.950012,6480.000000
64810.000000,-0.457031,0.045898,0.892090,6481.000000,0.740051,0.200272,0.022888,6481.000000,17.999954,-26.250000,-103.050003,6481.000000
64820.000000,-0.446777,0.041504,0.900879,6482.000000,0.984192,0.261307,-0.095367,6482.000000,17.999954,-25.050003,-101.250000,6482.000000
64830.000000,-0.440918,0.050293,0.888183,6483.000000,0.312805,0.200272,0.511169,6483.000000,18.449966,-25.050003,-101.250000,6483.000000
64840.000000,-0.452637,0.031250,0.890136,6484.000000,-0.110626,0.444412,0.022888,6484.000000,19.349960,-25.500000,-101.700012,6484.000000
64850.000000,-0.452637,0.045898,0.895508,6485.000000,-0.293732,-0.101089,-0.217438,6485.000000,19.349960,-25.950012,-101.550003,6485.000000
64860.000000,-0.443848,0.039551,0.897461,6486.000000,-0.659943,0.749588,-0.400543,6486.000000,17.999954,-25.950012,-101.550003,6486.000000
64870.000000,-0.448730,0.045898,0.888672,6487.000000,-0.171661,0.505447,-0.156403,6487.000000,19.349960,-25.800003,-102.000000,6487.000000
64880.000000,-0.449707,0.053223,0.901367,6488.000000,-0.110626,0.200272,-0.400543,6488.000000,19.349960,-25.650009,-103.650009,6488.000000
64890.000000,-0.455566,0.055664,0.909668,6489.000000,0.251770,-0.223160,0.205994,6489.000000,19.049957,-25.650009,-103.650009,6489.000000
64900.000000,-0.462402,0.039062,0.895019,6490.000000,-0.232697,-0.101089,-0.034332,6490.000000,18.149963,-25.800003,-102.750000,6490.000000
64910.000000,-0.458496,0.040039,0.903320,6491.000000,0.801086,-0.406265,-0.156403,6491.000000,18.449966,-24.450012,-102.600006,6491.000000
64920.000000,-0.455566,0.052246,0.904297,6492.000000,0.312805,-0.345230,-0.156403,6492.000000,18.449966,-24.300003,-101.700012,6492.000000
64930.000000,-0.455078,0.050293,0.888183,6493.000000,0.190735,-0.040054,0.511169,6493.000000,17.699966,-24.300003,-101.700012,6493.000000
64940.000000,-0.451660,0.048828,0.898437,6494.000000,0.251770,-0.650406,0.694275,6494.000000,18.449966,-27.000000,-103.050003,6494.000000
64950.000000,-0.455566,0.046387,0.884765,6495.000000,-0.232697,-0.467300,0.450134,6495.000000,18.449966,-25.500000,-102.750000,6495.000000
64960.000000,-0.454101,0.051270,0.895996,6496.000000,-0.171661,-0.101089,0.389099,6496.000000,18.599960,-25.500000,-102.750000,6496.000000
64970.000000,-0.463379,0.052246,0.898926,6497.000000,-0.110626,-0.284195,0.267029,6497.000000,19.349960,-24.900009,-101.550003,6497.000000
64980.000000,-0.457519,0.053711,0.903808,6498.000000,0.312805,0.078201,0.511169,6498.000000,19.349960,-27.450012,-102.150009,6498.000000
64990.000000,-0.453125,0.051270,0.882812,6499.000000,0.801086,-0.345230,0.267029,6499.000000,18.749954,-27.450012,-102.150009,6499.000000
65000.000000,-0.450683,0.052734,0.899902,6500.000000,0.862122,-0.345230,0.572205,6500.000000,17.549957,-25.500000,-103.050003,6500.000000
65010.000000,-0.443359,0.050293,0.886230,6501.000000,0.190735,-0.528336,-0.156403,6501.000000,17.549957,-25.200012,-102.150009,6501.000000
65020.000000,-0.460937,0.038086,0.892090,6502.000000,-0.232697,0.444412,0.022888,6502.000000,18.599960,-25.200012,-102.150009,6502.000000
65030.000000,-0.462891,0.059082,0.904785,6503.000000,0.007629,-0.345230,0.511169,6503.000000,18.599960,-24.450012,-102.600006,6503.000000
65040.000000,-0.465820,0.052734,0.890136,6504.000000,-0.354767,-0.040054,0.572205,6504.000000,18.749954,-24.450012,-102.600006,6504.000000
65050.000000,-0.451172,0.053711,0.907715,6505.000000,-0.415802,-0.284195,-0.339508,6505.000000,19.649963,-26.250000,-101.250000,6505.000000
65060.000000,-0.457031,0.061523,0.895996,6506.000000,-0.049591,0.444412,0.511169,6506.000000,18.449966,-25.650009,-102.600006,6506.000000
65070.000000,-0.447754,0.043945,0.910156,6507.000000,0.373840,-0.345230,0.450134,6507.000000,18.449966,-27.000000,-102.750000,6507.000000
65080.000000,-0.443848,0.043457,0.899414,6508.000000,0.495911,-0.101089,0.083923,6508.000000,18.599960,-27.000000,-102.750000,6508.000000
65090.000000,-0.457031,0.049805,0.890136,6509.000000,0.495911,-0.162125,0.572205,6509.000000,19.349960,-24.900009,-101.550003,6509.000000
65100.000000,-0.448242,0.044434,0.909668,6510.000000,0.740051,-0.162125,-0.705719,6510.000000,19.349960,-25.950012,-102.150009,6510.000000
65110.000000,-0.449219,0.057617,0.893554,6511.000000,0.740051,-0.650406,-0.278473,6511.000000,18.449966,-25.950012,-102.150009,6511.000000
65120.000000,-0.460449,0.038086,0.887695,6512.000000,0.740051,-0.406265,0.633240,6512.000000,16.949966,-24.750000,-101.700012,6512.000000
65130.000000,-0.448730,0.035645,0.895019,6513.000000,0.556946,-0.772476,-0.339508,6513.000000,16.949966,-25.050003,-102.450012,6513.000000
65140.000000,-0.451660,0.042480,0.896484,6514.000000,0.007629,0.078201,0.877380,6514.000000,18.449966,-25.050003,-102.450012,6514.000000
65150.000000,-0.445801,0.046875,0.886230,6515.000000,0.556946,0.078201,-0.461578,6515.000000,18.149963,-27.000000,-102.750000,6515.000000
65160.000000,-0.446289,0.042480,0.901367,6516.000000,0.434875,-0.284195,0.267029,6516.000000,18.149963,-25.650009,-102.600006,6516.000000
65170.000000,-0.441894,0.039551,0.898437,6517.000000,0.251770,0.078201,0.205994,6517.000000,18.449966,-25.650009,-102.600006,6517.000000
65180.000000,-0.448730,0.038574,0.902344,6518.000000,0.434875,0.078201,0.144958,6518.000000,18.899963,-25.500000,-102.000000,6518.000000
65190.000000,-0.450683,0.064941,0.901855,6519.000000,0.068665,0.078201,0.083923,6519.000000,18.899963,-25.650009,-102.150009,6519.000000
65200.000000,-0.448242,0.039062,0.900390,6520.000000,0.129700,-0.101089,0.328064,6520.000000,19.799957,-25.650009,-102.150009,6520.000000
65210.000000,-0.455566,0.043457,0.902832,6521.000000,0.068665,0.017166,0.144958,6521.000000,18.449966,-25.050003,-102.450012,6521.000000
65220.000000,-0.440918,0.062500,0.879394,6522.000000,-0.171661,-0.467300,0.022888,6522.000000,18.749954,-25.800003,-102.450012,6522.000000
65230.000000,-0.444824,0.060547,0.898437,6523.000000,-0.293732,0.383377,-0.217438,6523.000000,18.749954,-25.800003,-102.000000,6523.000000
65240.000000,-0.462402,0.042969,0.896484,6524.000000,-0.110626,0.200272,0.389099,6524.000000,19.499954,-25.800003,-102.000000,6524.000000
65250.000000,-0.457519,0.043945,0.896484,6525.000000,-0.171661,-0.711441,-0.095367,6525.000000,18.899963,-26.250000,-102.450012,6525.000000
65260.000000,-0.443359,0.051270,0.908203,6526.000000,0.007629,-0.467300,0.267029,6526.000000,17.849960,-25.200012,-100.800003,6526.000000
65270.000000,-0.458496,0.038086,0.892578,6527.000000,-0.171661,-0.467300,0.328064,6527.000000,17.849960,-27.150009,-103.200012,6527.000000
65280.000000,-0.458984,0.041992,0.901855,6528.000000,0.129700,-0.528336,0.205994,6528.000000,17.849960,-24.450012,-102.900009,6528.000000
65290.000000,-0.455078,0.057129,0.900390,6529.000000,0.740051,-0.528336,-0.095367,6529.000000,19.049957,-24.450012,-102.900009,6529.000000
65300.000000,-0.458984,0.045898,0.886230,6530.000000,0.312805,0.078201,-0.034332,6530.000000,19.649963,-25.050003,-100.950012,6530.000000
65310.000000,-0.440430,0.050293,0.901855,6531.000000,-0.415802,0.017166,0.572205,6531.000000,19.649963,-26.400009,-102.600006,6531.000000
65320.000000,-0.452637,0.042969,0.910156,6532.000000,-0.110626,-0.284195,0.511169,6532.000000,18.899963,-26.400009,-102.600006,6532.000000
65330.000000,-0.451172,0.054687,0.888183,6533.000000,-0.598907,-0.406265,-0.095367,6533.000000,18.749954,-26.700012,-102.600006,6533.000000
65340.000000,-0.448730,0.046387,0.905761,6534.000000,-0.598907,-0.101089,0.938416,6534.000000,18.749954,-25.800003,-102.450012,6534.000000
65350.000000,-0.444336,0.057129,0.898437,6535.000000,-0.659943,-0.223160,0.572205,6535.000000,19.649963,-25.800003,-102.450012,6535.000000
65360.000000,-0.447754,0.054687,0.901367,6536.000000,-0.110626,-0.040054,0.938416,6536.000000,19.049957,-25.950012,-101.550003,6536.000000
65370.000000,-0.443848,0.048340,0.891601,6537.000000,0.312805,-0.040054,0.877380,6537.000000,17.549957,-25.050003,-102.450012,6537.000000
65380.000000,-0.453613,0.051270,0.897949,6538.000000,-0.232697,-0.223160,0.694275,6538.000000,17.549957,-24.450012,-103.200012,6538.000000
65390.000000,-0.467285,0.047852,0.901855,6539.000000,-1.087189,-0.345230,0.328064,6539.000000,16.649963,-24.450012,-103.200012,6539.000000
65400.000000,-0.455078,0.040039,0.887207,6540.000000,-0.598907,0.017166,0.389099,6540.000000,17.849960,-27.000000,-102.750000,6540.000000
65410.000000,-0.451172,0.041504,0.898926,6541.000000,-0.659943,-0.406265,0.938416,6541.000000,17.849960,-26.700012,-101.100006,6541.000000
65420.000000,-0.460449,0.052246,0.894043,6542.000000,-0.415802,0.505447,0.816345,6542.000000,19.349960,-26.700012,-101.100006,6542.000000
65430.000000,-0.452148,0.045898,0.901855,6543.000000,-0.843048,0.322342,0.572205,6543.000000,17.699966,-25.200012,-102.150009,6543.000000
65440.000000,-0.447754,0.049316,0.899902,6544.000000,-0.598907,0.383377,0.328064,6544.000000,17.699966,-26.250000,-101.250000,6544.000000
65450.000000,-0.452637,0.055176,0.901855,6545.000000,-0.537872,0.261307,0.328064,6545.000000,19.799957,-26.250000,-101.250000,6545.000000
65460.000000,-0.456055,0.052246,0.893554,6546.000000,-0.293732,0.688553,0.755310,6546.000000,18.899963,-25.050003,-101.700012,6546.000000
65470.000000,-0.463867,0.044922,0.901367,6547.000000,0.740051,0.505447,0.511169,6547.000000,18.899963,-25.200012,-102.900009,6547.000000
65480.000000,-0.446289,0.046875,0.894043,6548.000000,0.190735,0.383377,0.328064,6548.000000,18.449966,-25.200012,-102.900009,6548.000000
65490.000000,-0.454590,0.060547,0.912109,6549.000000,-0.049591,0.200272,0.511169,6549.000000,19.049957,-26.250000,-101.700012,6549.000000
65500.000000,-0.459473,0.061035,0.915039,6550.000000,0.495911,0.017166,0.511169,6550.000000,19.049957,-26.550003,-102.000000,6550.000000
65510.000000,-0.445312,0.049316,0.889160,6551.000000,-0.171661,-0.101089,0.144958,6551.000000,17.699966,-26.550003,-102.000000,6551.000000
65520.000000,-0.456543,0.046875,0.896972,6552.000000,-0.415802,0.078201,-0.095367,6552.000000,20.249954,-27.000000,-102.750000,6552.000000
65530.000000,-0.448242,0.051270,0.895508,6553.000000,-0.476837,-0.101089,-0.156403,6553.000000,19.049957,-25.050003,-102.000000,6553.000000
65540.000000,-0.453125,0.041504,0.893066,6554.000000,-0.720978,0.322342,0.205994,6554.000000,19.049957,-24.300003,-103.050003,6554.000000
65550.000000,-0.449707,0.051270,0.907226,6555.000000,-0.965118,-0.162125,0.267029,6555.000000,16.799957,-24.300003,-103.050003,6555.000000
65560.000000,-0.465332,0.053711,0.896484,6556.000000,-0.293732,0.139236,-0.400543,6556.000000,18.749954,-26.700012,-102.900009,6556.000000
65570.000000,-0.452148,0.047363,0.897461,6557.000000,-0.476837,0.505447,0.328064,6557.000000,19.499954,-24.750000,-101.250000,6557.000000
65580.000000,-0.462402,0.043457,0.897461,6558.000000,-0.171661,-0.345230,-0.156403,6558.000000,18.599960,-26.550003,-103.500000,6558.000000
65590.000000,-0.459961,0.055664,0.884765,6559.000000,0.129700,0.505447,-0.522614,6559.000000,18.599960,-24.900009,-102.900009,6559.000000
65600.000000,-0.450195,0.046875,0.890625,6560.000000,0.801086,-0.101089,-0.339508,6560.000000,17.099960,-24.900009,-102.900009,6560.000000
65610.000000,-0.453613,0.039062,0.903808,6561.000000,-0.171661,-0.101089,-0.766754,6561.000000,18.449966,-24.900009,-102.600006,6561.000000
65620.000000,-0.452148,0.049316,0.908691,6562.000000,-0.110626,-0.040054,-0.156403,6562.000000,18.449966,-24.300003,-102.000000,6562.000000
65630.000000,-0.446289,0.048340,0.904297,6563.000000,-0.110626,-0.284195,0.205994,6563.000000,17.249954,-24.300003,-102.000000,6563.000000
65640.000000,-0.467773,0.049805,0.890136,6564.000000,-0.171661,0.139236,0.205994,6564.000000,19.649963,-24.300003,-103.050003,6564.000000
65650.000000,-0.454101,0.045410,0.893554,6565.000000,-0.843048,-0.101089,0.450134,6565.000000,19.649963,-25.950012,-101.100006,6565.000000
65660.000000,-0.462402,0.047852,0.896484,6566.000000,0.007629,-0.162125,0.267029,6566.000000,17.699966,-25.950012,-101.100006,6566.000000
65670.000000,-0.450195,0.044434,0.904297,6567.000000,-0.293732,0.322342,-0.217438,6567.000000,17.849960,-25.500000,-101.250000,6567.000000
65680.000000,-0.448242,0.038574,0.898926,6568.000000,0.068665,-0.345230,0.267029,6568.000000,17.249954,-25.200012,-101.850006,6568.000000
65690.000000,-0.441894,0.043945,0.901855,6569.000000,-0.293732,-0.711441,0.022888,6569.000000,17.249954,-24.300003,-103.050003,6569.000000
65700.000000,-0.450683,0.059082,0.891601,6570.000000,0.923157,-0.955582,0.877380,6570.000000,19.349960,-24.300003,-103.050003,6570.000000
65710.000000,-0.441894,0.052246,0.897949,6571.000000,0.068665,-0.650406,0.267029,6571.000000,18.449966,-27.150009,-101.850006,6571.000000
65720.000000,-0.453613,0.032715,0.894043,6572.000000,-0.293732,-0.833511,0.267029,6572.000000,18.449966,-25.500000,-101.250000,6572.000000
65730.000000,-0.463867,0.038574,0.907715,6573.000000,0.007629,-0.528336,0.022888,6573.000000,19.049957,-25.500000,-101.250000,6573.000000
65740.000000,-0.430176,0.035156,0.892090,6574.000000,-0.049591,0.017166,0.450134,6574.000000,18.749954,-25.800003,-102.450012,6574.000000
65750.000000,-0.446289,0.052734,0.898926,6575.000000,-0.171661,0.078201,-0.034332,6575.000000,18.749954,-25.800003,-102.750000,6575.000000
65760.000000,-0.442871,0.052246,0.888672,6576.000000,-0.171661,0.078201,-0.339508,6576.000000,18.149963,-25.800003,-102.750000,6576.000000
65770.000000,-0.455078,0.049316,0.881836,6577.000000,-0.171661,0.017166,-0.156403,6577.000000,18.899963,-27.450012,-102.600006,6577.000000
65780.000000,-0.446777,0.036621,0.904297,6578.000000,0.068665,0.322342,-0.034332,6578.000000,18.899963,-25.650009,-103.200012,6578.000000
65790.000000,-0.449219,0.045410,0.895019,6579.000000,0.190735,0.078201,0.144958,6579.000000,17.699966,-25.650009,-103.200012,6579.000000
65800.000000,-0.449707,0.046875,0.904297,6580.000000,0.007629,-0.162125,0.083923,6580.000000,17.099960,-25.800003,-102.000000,6580.000000
65810.000000,-0.442383,0.053223,0.902344,6581.000000,-0.415802,0.078201,0.205994,6581.000000,17.099960,-25.200012,-101.550003,6581.000000
65820.000000,-0.449707,0.058594,0.893066,6582.000000,-0.110626,0.261307,0.144958,6582.000000,17.249954,-25.200012,-101.550003,6582.000000
65830.000000,-0.453125,0.056152,0.906250,6583.000000,-0.049591,0.078201,-0.339508,6583.000000,17.699966,-25.050003,-101.250000,6583.000000
65840.000000,-0.458984,0.045410,0.892578,6584.000000,0.312805,-0.101089,-0.156403,6584.000000,18.749954,-25.500000,-103.800003,6584.000000
65850.000000,-0.454590,0.057617,0.905761,6585.000000,0.007629,-0.589371,-0.034332,6585.000000,18.749954,-24.000000,-102.000000,6585.000000
65860.000000,-0.443359,0.045898,0.887695,6586.000000,0.251770,-0.162125,-0.034332,6586.000000,17.699966,-24.000000,-102.000000,6586.000000
65870.000000,-0.455078,0.044922,0.890136,6587.000000,-0.049591,-0.406265,0.267029,6587.000000,19.349960,-25.500000,-101.700012,6587.000000
65880.000000,-0.444336,0.053711,0.888672,6588.000000,-0.293732,-0.040054,0.205994,6588.000000,17.849960,-24.450012,-101.850006,6588.000000
65890.000000,-0.445801,0.044922,0.902832,6589.000000,0.068665,0.017166,0.511169,6589.000000,18.749954,-26.400009,-101.550003,6589.000000
65900.000000,-0.463867,0.042480,0.909668,6590.000000,-0.537872,0.444412,-0.461578,6590.000000,18.749954,-25.800003,-101.700012,6590.000000
65910.000000,-0.448242,0.042480,0.906250,6591.000000,-0.354767,-0.162125,-0.156403,6591.000000,19.799957,-25.800003,-101.700012,6591.000000
65920.000000,-0.450195,0.048828,0.896484,6592.000000,-0.782013,-0.101089,0.083923,6592.000000,18.749954,-25.800003,-101.700012,6592.000000
65930.000000,-0.444336,0.045410,0.908691,6593.000000,-0.110626,0.200272,-0.034332,6593.000000,18.749954,-25.500000,-101.700012,6593.000000
65940.000000,-0.454101,0.036621,0.896972,6594.000000,0.007629,0.383377,-0.461578,6594.000000,19.049957,-25.500000,-101.700012,6594.000000
65950.000000,-0.445312,0.037109,0.900390,6595.000000,0.251770,0.261307,-0.278473,6595.000000,16.949966,-24.000000,-101.700012,6595.000000
65960.000000,-0.446289,0.039062,0.910644,6596.000000,0.495911,0.200272,-0.339508,6596.000000,16.949966,-27.300003,-100.950012,6596.000000
65970.000000,-0.445312,0.045410,0.904785,6597.000000,0.190735,0.688553,-0.583649,6597.000000,17.999954,-27.300003,-100.950012,6597.000000
65980.000000,-0.453125,0.040527,0.896972,6598.000000,0.617981,0.810623,-0.461578,6598.000000,18.449966,-25.500000,-101.250000,6598.000000
65990.000000,-0.449707,0.050293,0.902832,6599.000000,0.129700,0.627518,-0.522614,6599.000000,19.049957,-24.750000,-101.250000,6599.000000
66000.000000,-0.458008,0.047852,0.892578,6600.000000,-0.354767,0.261307,-0.461578,6600.000000,19.049957,-26.250000,-102.450012,6600.000000
66010.000000,-0.458496,0.039551,0.894531,6601.000000,0.190735,0.871658,-0.583649,6601.000000,18.749954,-26.250000,-102.450012,6601.000000
66020.000000,-0.461426,0.041016,0.894043,6602.000000,-0.110626,0.322342,-0.461578,6602.000000,17.099960,-24.750000,-103.050003,6602.000000
66030.000000,-0.450195,0.049805,0.897461,6603.000000,-0.476837,0.505447,-0.278473,6603.000000,17.099960,-24.150009,-103.950012,6603.000000
66040.000000,-0.450195,0.044434,0.890625,6604.000000,-0.720978,-0.223160,-0.400543,6604.000000,18.449966,-24.150009,-103.950012,6604.000000
66050.000000,-0.453125,0.046387,0.896972,6605.000000,-0.415802,0.383377,-0.461578,6605.000000,17.999954,-26.550003,-102.450012,6605.000000
66060.000000,-0.459961,0.046387,0.895019,6606.000000,0.068665,0.017166,-0.034332,6606.000000,17.999954,-27.000000,-102.450012,6606.000000
66070.000000,-0.453613,0.051270,0.893066,6607.000000,-0.171661,-0.162125,-0.217438,6607.000000,18.449966,-27.000000,-102.450012,6607.000000
66080.000000,-0.457519,0.048828,0.904785,6608.000000,-0.415802,0.017166,0.083923,6608.000000,18.899963,-25.050003,-101.250000,6608.000000
66090.000000,-0.463379,0.046387,0.897461,6609.000000,-0.354767,-0.040054,0.205994,6609.000000,18.899963,-25.200012,-103.950012,6609.000000
66100.000000,-0.448242,0.056152,0.890136,6610.000000,0.251770,0.139236,0.694275,6610.000000,18.599960,-25.200012,-103.950012,6610.000000
66110.000000,-0.456055,0.050293,0.893554,6611.000000,-0.598907,0.261307,-0.034332,6611.000000,17.549957,-24.900009,-102.900009,6611.000000
66120.000000,-0.459961,0.043945,0.887695,6612.000000,0.190735,0.139236,0.083923,6612.000000,17.549957,-24.450012,-101.850006,6612.000000
66130.000000,-0.458984,0.040039,0.898437,6613.000000,0.007629,-0.345230,-0.156403,6613.000000,17.699966,-24.450012,-101.850006,6613.000000
66140.000000,-0.457031,0.036133,0.896484,6614.000000,-0.415802,-0.345230,0.328064,6614.000000,17.999954,-26.250000,-102.450012,6614.000000
66150.000000,-0.457031,0.056152,0.890136,6615.000000,0.373840,-0.223160,-0.339508,6615.000000,17.699966,-25.050003,-102.750000,6615.000000
66160.000000,-0.458008,0.043945,0.907715,6616.000000,-0.476837,0.017166,-0.522614,6616.000000,17.699966,-26.550003,-101.250000,6616.000000
66170.000000,-0.460449,0.056641,0.882812,6617.000000,0.068665,-0.162125,-0.583649,6617.000000,18.599960,-26.550003,-101.250000,6617.000000
66180.000000,-0.451172,0.054687,0.891113,6618.000000,0.679016,-0.162125,0.267029,6618.000000,19.499954,-24.900009,-101.850006,6618.000000
66190.000000,-0.447754,0.056152,0.897949,6619.000000,0.190735,0.505447,-0.034332,6619.000000,19.499954,-26.250000,-101.700012,6619.000000
66200.000000,-0.446777,0.045898,0.905273,6620.000000,-0.110626,-0.284195,-0.034332,6620.000000,19.049957,-26.250000,-101.700012,6620.000000
66210.000000,-0.451172,0.048828,0.896484,6621.000000,-0.354767,-0.223160,0.389099,6621.000000,18.749954,-25.050003,-102.750000,6621.000000
66220.000000,-0.470703,0.055176,0.897461,6622.000000,-0.293732,0.200272,-0.339508,6622.000000,18.449966,-27.000000,-103.050003,6622.000000
66230.000000,-0.450195,0.041016,0.896484,6623.000000,0.251770,-0.406265,0.144958,6623.000000,18.149963,-25.800003,-102.750000,6623.000000
66240.000000,-0.464355,0.054199,0.888672,6624.000000,-0.110626,-0.223160,0.083923,6624.000000,18.149963,-24.450012,-101.550003,6624.000000
66250.000000,-0.465332,0.041504,0.889648,6625.000000,-0.171661,-0.223160,0.328064,6625.000000,19.049957,-24.450012,-101.550003,6625.000000
66260.000000,-0.451660,0.040527,0.893554,6626.000000,-0.171661,-0.101089,-0.034332,6626.000000,18.599960,-24.300003,-104.100006,6626.000000
66270.000000,-0.458008,0.049316,0.901367,6627.000000,0.923157,-0.101089,-0.339508,6627.000000,18.599960,-25.200012,-101.850006,6627.000000
66280.000000,-0.452148,0.055664,0.903320,6628.000000,0.373840,0.017166,0.267029,6628.000000,18.899963,-25.200012,-101.850006,6628.000000
66290.000000,-0.450683,0.054199,0.895019,6629.000000,0.495911,-0.345230,-0.217438,6629.000000,19.049957,-26.700012,-103.650009,6629.000000
66300.000000,-0.463379,0.058105,0.897949,6630.000000,0.679016,0.322342,-0.217438,6630.000000,19.799957,-26.250000,-103.050003,6630.000000
66310.000000,-0.457519,0.038574,0.899414,6631.000000,0.129700,0.444412,0.144958,6631.000000,19.799957,-25.800003,-102.450012,6631.000000
66320.000000,-0.460937,0.051270,0.893554,6632.000000,0.434875,-0.223160,0.083923,6632.000000,19.799957,-25.800003,-102.450012,6632.000000
66330.000000,-0.450195,0.041992,0.891113,6633.000000,0.373840,0.261307,-0.644684,6633.000000,18.149963,-24.750000,-103.050003,6633.000000
66340.000000,-0.466797,0.056152,0.897461,6634.000000,-0.049591,0.383377,-0.095367,6634.000000,18.149963,-25.950012,-102.150009,6634.000000
66350.000000,-0.462891,0.045898,0.900879,6635.000000,0.312805,-0.223160,0.267029,6635.000000,17.999954,-25.950012,-102.150009,6635.000000
66360.000000,-0.456055,0.049316,0.895019,6636.000000,0.190735,0.200272,-0.278473,6636.000000,18.749954,-26.550003,-102.750000,6636.000000
66370.000000,-0.452637,0.054687,0.904785,6637.000000,0.373840,-0.284195,-0.095367,6637.000000,18.749954,-26.250000,-102.750000,6637.000000
66380.000000,-0.458496,0.041504,0.899414,6638.000000,-0.659943,-0.284195,-0.278473,6638.000000,17.549957,-26.250000,-102.750000,6638.000000
66390.000000,-0.439941,0.041992,0.899414,6639.000000,-0.293732,-0.345230,-0.583649,6639.000000,17.849960,-27.150009,-101.850006,6639.000000
66400.000000,-0.457519,0.049805,0.901367,6640.000000,0.373840,-0.406265,-0.156403,6640.000000,17.849960,-25.650009,-103.200012,6640.000000
66410.000000,-0.447754,0.048828,0.902344,6641.000000,-0.171661,-0.101089,0.694275,6641.000000,18.749954,-25.650009,-103.200012,6641.000000
66420.000000,-0.445801,0.039551,0.899414,6642.000000,0.129700,-0.040054,0.389099,6642.000000,17.849960,-26.250000,-101.250000,6642.000000
66430.000000,-0.458008,0.050781,0.898437,6643.000000,0.190735,0.078201,0.205994,6643.000000,17.849960,-24.900009,-103.200012,6643.000000
66440.000000,-0.456055,0.043457,0.896972,6644.000000,0.190735,-0.101089,0.267029,6644.000000,18.449966,-24.900009,-103.200012,6644.000000
66450.000000,-0.457031,0.046387,0.899414,6645.000000,-0.720978,0.139236,0.083923,6645.000000,18.749954,-25.500000,-102.750000,6645.000000
66460.000000,-0.447754,0.039551,0.889160,6646.000000,0.129700,0.200272,0.083923,6646.000000,19.799957,-25.800003,-102.450012,6646.000000
66470.000000,-0.453613,0.047852,0.893066,6647.000000,-0.415802,0.200272,-0.217438,6647.000000,19.799957,-26.550003,-102.750000,6647.000000
66480.000000,-0.460449,0.052734,0.889648,6648.000000,0.617981,-0.223160,0.328064,6648.000000,18.749954,-26.550003,-102.750000,6648.000000
66490.000000,-0.446777,0.059570,0.898437,6649.000000,0.251770,-0.284195,0.144958,6649.000000,17.699966,-26.550003,-102.000000,6649.000000
66500.000000,-0.447266,0.060547,0.903808,6650.000000,-0.110626,0.078201,-0.034332,6650.000000,17.699966,-25.800003,-102.450012,6650.000000
66510.000000,-0.453125,0.054199,0.900879,6651.000000,0.495911,-0.467300,-0.400543,6651.000000,18.599960,-25.800003,-102.450012,6651.000000
66520.000000,-0.454101,0.040039,0.899414,6652.000000,0.190735,-0.467300,-0.217438,6652.000000,17.249954,-27.150009,-101.850006,6652.000000
66530.000000,-0.450683,0.050781,0.888183,6653.000000,-0.049591,0.017166,0.205994,6653.000000,18.899963,-26.250000,-102.000000,6653.000000
66540.000000,-0.443848,0.055176,0.900390,6654.000000,0.373840,0.017166,-0.400543,6654.000000,16.349960,-25.950012,-102.600006,6654.000000
66550.000000,-0.447754,0.062500,0.895508,6655.000000,-0.171661,0.322342,0.022888,6655.000000,16.349960,-26.400009,-101.100006,6655.000000
66560.000000,-0.450683,0.046875,0.896484,6656.000000,-0.232697,-0.101089,-0.461578,6656.000000,18.149963,-26.400009,-101.100006,6656.000000
66570.000000,-0.440430,0.036133,0.898437,6657.000000,-0.049591,-0.406265,0.144958,6657.000000,17.849960,-26.700012,-102.150009,6657.000000
66580.000000,-0.447754,0.041504,0.897949,6658.000000,0.068665,-0.406265,0.144958,6658.000000,17.849960,-25.950012,-101.850006,6658.000000
66590.000000,-0.441406,0.042480,0.898926,6659.000000,-0.171661,-0.711441,0.450134,6659.000000,16.799957,-25.950012,-101.850006,6659.000000
66600.000000,-0.453613,0.044434,0.894043,6660.000000,-0.232697,-0.101089,-0.339508,6660.000000,18.599960,-26.400009,-103.200012,6660.000000
66610.000000,-0.456543,0.038574,0.895508,6661.000000,-0.232697,-0.345230,0.511169,6661.000000,19.349960,-23.850006,-103.650009,6661.000000
66620.000000,-0.442383,0.043457,0.906250,6662.000000,-0.171661,-0.101089,-0.217438,6662.000000,19.349960,-24.900009,-103.650009,6662.000000
66630.000000,-0.458496,0.034668,0.890136,6663.000000,-0.171661,0.322342,-0.034332,6663.000000,18.599960,-24.900009,-103.650009,6663.000000
66640.000000,-0.446289,0.044434,0.900879,6664.000000,-0.354767,0.200272,-0.217438,6664.000000,19.049957,-25.650009,-102.150009,6664.000000
66650.000000,-0.449219,0.045898,0.896484,6665.000000,-0.293732,0.383377,0.205994,6665.000000,19.049957,-25.050003,-102.750000,6665.000000
66660.000000,-0.453125,0.051270,0.899902,6666.000000,0.312805,0.200272,0.450134,6666.000000,18.149963,-25.050003,-102.750000,6666.000000
